run_name,timestamp,seed,dataset,split_policy,model,feature_policy,smoke_test,rows_used,fraud_rows_used,fit_seconds,train_n,train_fraud,raw_feature,importance,importance_normalized,rank
explanation_stability_v1,2026-09-23 20:30:40,101,D1_creditcard,CHRONOLOGICAL_SAFE,lightgbm,strict,False,283726,473,21.570075750350952,226980,399,V4,1753.0,0.0604920804720659,1
explanation_stability_v1,2026-09-23 20:30:40,101,D1_creditcard,CHRONOLOGICAL_SAFE,lightgbm,strict,False,283726,473,21.570075750350952,226980,399,V14,1477.0,0.050967942303047,2
explanation_stability_v1,2026-09-23 20:30:40,101,D1_creditcard,CHRONOLOGICAL_SAFE,lightgbm,strict,False,283726,473,21.570075750350952,226980,399,V12,1255.0,0.0433072224714448,3
explanation_stability_v1,2026-09-23 20:30:40,101,D1_creditcard,CHRONOLOGICAL_SAFE,lightgbm,strict,False,283726,473,21.570075750350952,226980,399,Amount,1187.0,0.0409606956761793,4
explanation_stability_v1,2026-09-23 20:30:40,101,D1_creditcard,CHRONOLOGICAL_SAFE,lightgbm,strict,False,283726,473,21.570075750350952,226980,399,V28,1111.0,0.0383381069050001,5
explanation_stability_v1,2026-09-23 20:30:40,101,D1_creditcard,CHRONOLOGICAL_SAFE,lightgbm,strict,False,283726,473,21.570075750350952,226980,399,V26,1110.0,0.0383035991580109,6
explanation_stability_v1,2026-09-23 20:30:40,101,D1_creditcard,CHRONOLOGICAL_SAFE,lightgbm,strict,False,283726,473,21.570075750350952,226980,399,V10,1104.0,0.0380965526760757,7
explanation_stability_v1,2026-09-23 20:30:40,101,D1_creditcard,CHRONOLOGICAL_SAFE,lightgbm,strict,False,283726,473,21.570075750350952,226980,399,V19,1092.0,0.0376824597122053,8
explanation_stability_v1,2026-09-23 20:30:40,101,D1_creditcard,CHRONOLOGICAL_SAFE,lightgbm,strict,False,283726,473,21.570075750350952,226980,399,V13,1090.0,0.0376134442182269,9
explanation_stability_v1,2026-09-23 20:30:40,101,D1_creditcard,CHRONOLOGICAL_SAFE,lightgbm,strict,False,283726,473,21.570075750350952,226980,399,V24,1050.0,0.036233134338659,10
explanation_stability_v1,2026-09-23 20:30:40,101,D1_creditcard,CHRONOLOGICAL_SAFE,lightgbm,strict,False,283726,473,21.570075750350952,226980,399,V8,1022.0,0.0352669174229614,11
explanation_stability_v1,2026-09-23 20:30:40,101,D1_creditcard,CHRONOLOGICAL_SAFE,lightgbm,strict,False,283726,473,21.570075750350952,226980,399,V22,1015.0,0.035025363194037,12
explanation_stability_v1,2026-09-23 20:30:40,101,D1_creditcard,CHRONOLOGICAL_SAFE,lightgbm,strict,False,283726,473,21.570075750350952,226980,399,V1,1004.0,0.0346457779771558,13
explanation_stability_v1,2026-09-23 20:30:40,101,D1_creditcard,CHRONOLOGICAL_SAFE,lightgbm,strict,False,283726,473,21.570075750350952,226980,399,V7,1000.0,0.034507746989199,14
explanation_stability_v1,2026-09-23 20:30:40,101,D1_creditcard,CHRONOLOGICAL_SAFE,lightgbm,strict,False,283726,473,21.570075750350952,226980,399,V11,992.0,0.0342316850132854,15
explanation_stability_v1,2026-09-23 20:30:40,101,D1_creditcard,CHRONOLOGICAL_SAFE,lightgbm,strict,False,283726,473,21.570075750350952,226980,399,V20,907.0,0.0312985265192035,16
explanation_stability_v1,2026-09-23 20:30:40,101,D1_creditcard,CHRONOLOGICAL_SAFE,lightgbm,strict,False,283726,473,21.570075750350952,226980,399,V3,904.0,0.0311950032782359,17
explanation_stability_v1,2026-09-23 20:30:40,101,D1_creditcard,CHRONOLOGICAL_SAFE,lightgbm,strict,False,283726,473,21.570075750350952,226980,399,V23,894.0,0.0308499258083439,18
explanation_stability_v1,2026-09-23 20:30:40,101,D1_creditcard,CHRONOLOGICAL_SAFE,lightgbm,strict,False,283726,473,21.570075750350952,226980,399,V5,894.0,0.0308499258083439,19
explanation_stability_v1,2026-09-23 20:30:40,101,D1_creditcard,CHRONOLOGICAL_SAFE,lightgbm,strict,False,283726,473,21.570075750350952,226980,399,V25,892.0,0.0307809103143655,20
explanation_stability_v1,2026-09-23 20:30:40,101,D1_creditcard,CHRONOLOGICAL_SAFE,lightgbm,strict,False,283726,473,21.570075750350952,226980,399,V16,862.0,0.0297456779046896,21
explanation_stability_v1,2026-09-23 20:30:40,101,D1_creditcard,CHRONOLOGICAL_SAFE,lightgbm,strict,False,283726,473,21.570075750350952,226980,399,V15,849.0,0.02929707719383,22
explanation_stability_v1,2026-09-23 20:30:40,101,D1_creditcard,CHRONOLOGICAL_SAFE,lightgbm,strict,False,283726,473,21.570075750350952,226980,399,V27,840.0,0.0289865074709272,23
explanation_stability_v1,2026-09-23 20:30:40,101,D1_creditcard,CHRONOLOGICAL_SAFE,lightgbm,strict,False,283726,473,21.570075750350952,226980,399,V21,824.0,0.0284343835191,24
explanation_stability_v1,2026-09-23 20:30:40,101,D1_creditcard,CHRONOLOGICAL_SAFE,lightgbm,strict,False,283726,473,21.570075750350952,226980,399,V6,806.0,0.0278132440732944,25
explanation_stability_v1,2026-09-23 20:30:40,101,D1_creditcard,CHRONOLOGICAL_SAFE,lightgbm,strict,False,283726,473,21.570075750350952,226980,399,V2,785.0,0.0270885813865212,26
explanation_stability_v1,2026-09-23 20:30:40,101,D1_creditcard,CHRONOLOGICAL_SAFE,lightgbm,strict,False,283726,473,21.570075750350952,226980,399,V18,760.0,0.0262258877117912,27
explanation_stability_v1,2026-09-23 20:30:40,101,D1_creditcard,CHRONOLOGICAL_SAFE,lightgbm,strict,False,283726,473,21.570075750350952,226980,399,V17,750.0,0.0258808102418993,28
explanation_stability_v1,2026-09-23 20:30:40,101,D1_creditcard,CHRONOLOGICAL_SAFE,lightgbm,strict,False,283726,473,21.570075750350952,226980,399,V9,750.0,0.0258808102418993,29
explanation_stability_v1,2026-09-23 20:30:11,101,D1_creditcard,CHRONOLOGICAL_SAFE,xgboost,strict,False,283726,473,2.1067745685577397,226980,399,V14,0.4456938505172729,0.4456938090088024,1
explanation_stability_v1,2026-09-23 20:30:11,101,D1_creditcard,CHRONOLOGICAL_SAFE,xgboost,strict,False,283726,473,2.1067745685577397,226980,399,V10,0.0936475470662117,0.093647538344605,2
explanation_stability_v1,2026-09-23 20:30:11,101,D1_creditcard,CHRONOLOGICAL_SAFE,xgboost,strict,False,283726,473,2.1067745685577397,226980,399,V4,0.0631856247782707,0.0631856188936513,3
explanation_stability_v1,2026-09-23 20:30:11,101,D1_creditcard,CHRONOLOGICAL_SAFE,xgboost,strict,False,283726,473,2.1067745685577397,226980,399,V8,0.034538410604,0.0345384073873602,4
explanation_stability_v1,2026-09-23 20:30:11,101,D1_creditcard,CHRONOLOGICAL_SAFE,xgboost,strict,False,283726,473,2.1067745685577397,226980,399,V20,0.029193902388215,0.0291938996693212,5
explanation_stability_v1,2026-09-23 20:30:11,101,D1_creditcard,CHRONOLOGICAL_SAFE,xgboost,strict,False,283726,473,2.1067745685577397,226980,399,V12,0.0283966492861509,0.0283966466415071,6
explanation_stability_v1,2026-09-23 20:30:11,101,D1_creditcard,CHRONOLOGICAL_SAFE,xgboost,strict,False,283726,473,2.1067745685577397,226980,399,V19,0.0212957225739955,0.021295720590677,7
explanation_stability_v1,2026-09-23 20:30:11,101,D1_creditcard,CHRONOLOGICAL_SAFE,xgboost,strict,False,283726,473,2.1067745685577397,226980,399,Amount,0.0194989051669836,0.0194989033510067,8
explanation_stability_v1,2026-09-23 20:30:11,101,D1_creditcard,CHRONOLOGICAL_SAFE,xgboost,strict,False,283726,473,2.1067745685577397,226980,399,V13,0.0193876046687364,0.0193876028631252,9
explanation_stability_v1,2026-09-23 20:30:11,101,D1_creditcard,CHRONOLOGICAL_SAFE,xgboost,strict,False,283726,473,2.1067745685577397,226980,399,V23,0.0191161856055259,0.0191161838251926,10
explanation_stability_v1,2026-09-23 20:30:11,101,D1_creditcard,CHRONOLOGICAL_SAFE,xgboost,strict,False,283726,473,2.1067745685577397,226980,399,V21,0.017759583890438,0.017759582236448,11
explanation_stability_v1,2026-09-23 20:30:11,101,D1_creditcard,CHRONOLOGICAL_SAFE,xgboost,strict,False,283726,473,2.1067745685577397,226980,399,V1,0.0163226649165153,0.0163226633963488,12
explanation_stability_v1,2026-09-23 20:30:11,101,D1_creditcard,CHRONOLOGICAL_SAFE,xgboost,strict,False,283726,473,2.1067745685577397,226980,399,V25,0.0155833391472697,0.0155833376959583,13
explanation_stability_v1,2026-09-23 20:30:11,101,D1_creditcard,CHRONOLOGICAL_SAFE,xgboost,strict,False,283726,473,2.1067745685577397,226980,399,V7,0.0148511007428169,0.0148510993597005,14
explanation_stability_v1,2026-09-23 20:30:11,101,D1_creditcard,CHRONOLOGICAL_SAFE,xgboost,strict,False,283726,473,2.1067745685577397,226980,399,V11,0.0148488823324441,0.0148488809495343,15
explanation_stability_v1,2026-09-23 20:30:11,101,D1_creditcard,CHRONOLOGICAL_SAFE,xgboost,strict,False,283726,473,2.1067745685577397,226980,399,V16,0.0132227288559079,0.0132227276244454,16
explanation_stability_v1,2026-09-23 20:30:11,101,D1_creditcard,CHRONOLOGICAL_SAFE,xgboost,strict,False,283726,473,2.1067745685577397,226980,399,V15,0.0129075301811099,0.0129075289790025,17
explanation_stability_v1,2026-09-23 20:30:11,101,D1_creditcard,CHRONOLOGICAL_SAFE,xgboost,strict,False,283726,473,2.1067745685577397,226980,399,V26,0.012133895419538,0.012133894289481,18
explanation_stability_v1,2026-09-23 20:30:11,101,D1_creditcard,CHRONOLOGICAL_SAFE,xgboost,strict,False,283726,473,2.1067745685577397,226980,399,V17,0.0120181217789649,0.0120181206596902,19
explanation_stability_v1,2026-09-23 20:30:11,101,D1_creditcard,CHRONOLOGICAL_SAFE,xgboost,strict,False,283726,473,2.1067745685577397,226980,399,V28,0.0120075307786464,0.0120075296603581,20
explanation_stability_v1,2026-09-23 20:30:11,101,D1_creditcard,CHRONOLOGICAL_SAFE,xgboost,strict,False,283726,473,2.1067745685577397,226980,399,V3,0.0116624971851706,0.011662496099016,21
explanation_stability_v1,2026-09-23 20:30:11,101,D1_creditcard,CHRONOLOGICAL_SAFE,xgboost,strict,False,283726,473,2.1067745685577397,226980,399,V22,0.0103275161236524,0.0103275151618276,22
explanation_stability_v1,2026-09-23 20:30:11,101,D1_creditcard,CHRONOLOGICAL_SAFE,xgboost,strict,False,283726,473,2.1067745685577397,226980,399,V18,0.0102992597967386,0.0102992588375453,23
explanation_stability_v1,2026-09-23 20:30:11,101,D1_creditcard,CHRONOLOGICAL_SAFE,xgboost,strict,False,283726,473,2.1067745685577397,226980,399,V9,0.0102871917188167,0.0102871907607474,24
explanation_stability_v1,2026-09-23 20:30:11,101,D1_creditcard,CHRONOLOGICAL_SAFE,xgboost,strict,False,283726,473,2.1067745685577397,226980,399,V5,0.0100398054346442,0.0100398044996145,25
explanation_stability_v1,2026-09-23 20:30:11,101,D1_creditcard,CHRONOLOGICAL_SAFE,xgboost,strict,False,283726,473,2.1067745685577397,226980,399,V2,0.0091757178306579,0.0091757169761027,26
explanation_stability_v1,2026-09-23 20:30:11,101,D1_creditcard,CHRONOLOGICAL_SAFE,xgboost,strict,False,283726,473,2.1067745685577397,226980,399,V27,0.0087327910587191,0.0087327902454146,27
explanation_stability_v1,2026-09-23 20:30:11,101,D1_creditcard,CHRONOLOGICAL_SAFE,xgboost,strict,False,283726,473,2.1067745685577397,226980,399,V6,0.0083880135789513,0.0083880127977567,28
explanation_stability_v1,2026-09-23 20:30:11,101,D1_creditcard,CHRONOLOGICAL_SAFE,xgboost,strict,False,283726,473,2.1067745685577397,226980,399,V24,0.0054775197058916,0.0054775191957578,29
explanation_stability_v1,2026-09-23 20:30:04,101,D1_creditcard,RANDOM_STRATIFIED_SAFE,lightgbm,strict,False,283726,473,23.50358748435974,226980,378,V4,1783.0,0.0615400545335312,1
explanation_stability_v1,2026-09-23 20:30:04,101,D1_creditcard,RANDOM_STRATIFIED_SAFE,lightgbm,strict,False,283726,473,23.50358748435974,226980,378,V14,1500.0,0.0517723397646084,2
explanation_stability_v1,2026-09-23 20:30:04,101,D1_creditcard,RANDOM_STRATIFIED_SAFE,lightgbm,strict,False,283726,473,23.50358748435974,226980,378,V26,1302.0,0.0449383909156801,3
explanation_stability_v1,2026-09-23 20:30:04,101,D1_creditcard,RANDOM_STRATIFIED_SAFE,lightgbm,strict,False,283726,473,23.50358748435974,226980,378,V12,1295.0,0.0446967866634452,4
explanation_stability_v1,2026-09-23 20:30:04,101,D1_creditcard,RANDOM_STRATIFIED_SAFE,lightgbm,strict,False,283726,473,23.50358748435974,226980,378,V11,1270.0,0.0438339143340351,5
explanation_stability_v1,2026-09-23 20:30:04,101,D1_creditcard,RANDOM_STRATIFIED_SAFE,lightgbm,strict,False,283726,473,23.50358748435974,226980,378,V28,1266.0,0.0436958547613295,6
explanation_stability_v1,2026-09-23 20:30:04,101,D1_creditcard,RANDOM_STRATIFIED_SAFE,lightgbm,strict,False,283726,473,23.50358748435974,226980,378,V13,1191.0,0.041107237773099,7
explanation_stability_v1,2026-09-23 20:30:04,101,D1_creditcard,RANDOM_STRATIFIED_SAFE,lightgbm,strict,False,283726,473,23.50358748435974,226980,378,V25,1134.0,0.0391398888620439,8
explanation_stability_v1,2026-09-23 20:30:04,101,D1_creditcard,RANDOM_STRATIFIED_SAFE,lightgbm,strict,False,283726,473,23.50358748435974,226980,378,V24,1120.0,0.0386566803575742,9
explanation_stability_v1,2026-09-23 20:30:04,101,D1_creditcard,RANDOM_STRATIFIED_SAFE,lightgbm,strict,False,283726,473,23.50358748435974,226980,378,V27,1036.0,0.0357574293307562,10
explanation_stability_v1,2026-09-23 20:30:04,101,D1_creditcard,RANDOM_STRATIFIED_SAFE,lightgbm,strict,False,283726,473,23.50358748435974,226980,378,Amount,1019.0,0.0351706761467573,11
explanation_stability_v1,2026-09-23 20:30:04,101,D1_creditcard,RANDOM_STRATIFIED_SAFE,lightgbm,strict,False,283726,473,23.50358748435974,226980,378,V18,994.0,0.0343078038173471,12
explanation_stability_v1,2026-09-23 20:30:04,101,D1_creditcard,RANDOM_STRATIFIED_SAFE,lightgbm,strict,False,283726,473,23.50358748435974,226980,378,V10,979.0,0.0337900804197011,13
explanation_stability_v1,2026-09-23 20:30:04,101,D1_creditcard,RANDOM_STRATIFIED_SAFE,lightgbm,strict,False,283726,473,23.50358748435974,226980,378,V15,958.0,0.0330652676629965,14
explanation_stability_v1,2026-09-23 20:30:04,101,D1_creditcard,RANDOM_STRATIFIED_SAFE,lightgbm,strict,False,283726,473,23.50358748435974,226980,378,V19,941.0,0.0324785144789976,15
explanation_stability_v1,2026-09-23 20:30:04,101,D1_creditcard,RANDOM_STRATIFIED_SAFE,lightgbm,strict,False,283726,473,23.50358748435974,226980,378,V7,926.0,0.0319607910813516,16
explanation_stability_v1,2026-09-23 20:30:04,101,D1_creditcard,RANDOM_STRATIFIED_SAFE,lightgbm,strict,False,283726,473,23.50358748435974,226980,378,V21,893.0,0.0308217996065302,17
explanation_stability_v1,2026-09-23 20:30:04,101,D1_creditcard,RANDOM_STRATIFIED_SAFE,lightgbm,strict,False,283726,473,23.50358748435974,226980,378,V16,881.0,0.0304076208884133,18
explanation_stability_v1,2026-09-23 20:30:04,101,D1_creditcard,RANDOM_STRATIFIED_SAFE,lightgbm,strict,False,283726,473,23.50358748435974,226980,378,V3,877.0,0.0302695613157077,19
explanation_stability_v1,2026-09-23 20:30:04,101,D1_creditcard,RANDOM_STRATIFIED_SAFE,lightgbm,strict,False,283726,473,23.50358748435974,226980,378,V20,872.0,0.0300969868498257,20
explanation_stability_v1,2026-09-23 20:30:04,101,D1_creditcard,RANDOM_STRATIFIED_SAFE,lightgbm,strict,False,283726,473,23.50358748435974,226980,378,V8,868.0,0.02995892727712,21
explanation_stability_v1,2026-09-23 20:30:04,101,D1_creditcard,RANDOM_STRATIFIED_SAFE,lightgbm,strict,False,283726,473,23.50358748435974,226980,378,V22,855.0,0.0295102336658268,22
explanation_stability_v1,2026-09-23 20:30:04,101,D1_creditcard,RANDOM_STRATIFIED_SAFE,lightgbm,strict,False,283726,473,23.50358748435974,226980,378,V1,829.0,0.0286128464432402,23
explanation_stability_v1,2026-09-23 20:30:04,101,D1_creditcard,RANDOM_STRATIFIED_SAFE,lightgbm,strict,False,283726,473,23.50358748435974,226980,378,V9,780.0,0.0269216166775963,24
explanation_stability_v1,2026-09-23 20:30:04,101,D1_creditcard,RANDOM_STRATIFIED_SAFE,lightgbm,strict,False,283726,473,23.50358748435974,226980,378,V6,745.0,0.0257135954164221,25
explanation_stability_v1,2026-09-23 20:30:04,101,D1_creditcard,RANDOM_STRATIFIED_SAFE,lightgbm,strict,False,283726,473,23.50358748435974,226980,378,V5,703.0,0.0242639699030131,26
explanation_stability_v1,2026-09-23 20:30:04,101,D1_creditcard,RANDOM_STRATIFIED_SAFE,lightgbm,strict,False,283726,473,23.50358748435974,226980,378,V23,685.0,0.0236427018258378,27
explanation_stability_v1,2026-09-23 20:30:04,101,D1_creditcard,RANDOM_STRATIFIED_SAFE,lightgbm,strict,False,283726,473,23.50358748435974,226980,378,V2,677.0,0.0233665826804266,28
explanation_stability_v1,2026-09-23 20:30:04,101,D1_creditcard,RANDOM_STRATIFIED_SAFE,lightgbm,strict,False,283726,473,23.50358748435974,226980,378,V17,594.0,0.0205018465467849,29
explanation_stability_v1,2026-09-23 20:29:35,101,D1_creditcard,RANDOM_STRATIFIED_SAFE,xgboost,strict,False,283726,473,3.037148714065552,226980,378,V14,0.4526335000991821,0.4526335038931123,1
explanation_stability_v1,2026-09-23 20:29:35,101,D1_creditcard,RANDOM_STRATIFIED_SAFE,xgboost,strict,False,283726,473,3.037148714065552,226980,378,V10,0.0973516106605529,0.0973516114765447,2
explanation_stability_v1,2026-09-23 20:29:35,101,D1_creditcard,RANDOM_STRATIFIED_SAFE,xgboost,strict,False,283726,473,3.037148714065552,226980,378,V4,0.0598279386758804,0.0598279391773524,3
explanation_stability_v1,2026-09-23 20:29:35,101,D1_creditcard,RANDOM_STRATIFIED_SAFE,xgboost,strict,False,283726,473,3.037148714065552,226980,378,V8,0.0407088473439216,0.0407088476851392,4
explanation_stability_v1,2026-09-23 20:29:35,101,D1_creditcard,RANDOM_STRATIFIED_SAFE,xgboost,strict,False,283726,473,3.037148714065552,226980,378,V20,0.0330622717738151,0.0330622720509399,5
explanation_stability_v1,2026-09-23 20:29:35,101,D1_creditcard,RANDOM_STRATIFIED_SAFE,xgboost,strict,False,283726,473,3.037148714065552,226980,378,V12,0.0288940910249948,0.0288940912671823,6
explanation_stability_v1,2026-09-23 20:29:35,101,D1_creditcard,RANDOM_STRATIFIED_SAFE,xgboost,strict,False,283726,473,3.037148714065552,226980,378,Amount,0.0219051018357276,0.0219051020193341,7
explanation_stability_v1,2026-09-23 20:29:35,101,D1_creditcard,RANDOM_STRATIFIED_SAFE,xgboost,strict,False,283726,473,3.037148714065552,226980,378,V23,0.0195318236947059,0.0195318238584198,8
explanation_stability_v1,2026-09-23 20:29:35,101,D1_creditcard,RANDOM_STRATIFIED_SAFE,xgboost,strict,False,283726,473,3.037148714065552,226980,378,V13,0.0189553070813417,0.0189553072402232,9
explanation_stability_v1,2026-09-23 20:29:35,101,D1_creditcard,RANDOM_STRATIFIED_SAFE,xgboost,strict,False,283726,473,3.037148714065552,226980,378,V19,0.0164559222757816,0.0164559224137135,10
explanation_stability_v1,2026-09-23 20:29:35,101,D1_creditcard,RANDOM_STRATIFIED_SAFE,xgboost,strict,False,283726,473,3.037148714065552,226980,378,V17,0.0164038408547639,0.0164038409922593,11
explanation_stability_v1,2026-09-23 20:29:35,101,D1_creditcard,RANDOM_STRATIFIED_SAFE,xgboost,strict,False,283726,473,3.037148714065552,226980,378,V11,0.0161139592528343,0.0161139593878999,12
explanation_stability_v1,2026-09-23 20:29:35,101,D1_creditcard,RANDOM_STRATIFIED_SAFE,xgboost,strict,False,283726,473,3.037148714065552,226980,378,V7,0.0142459264025092,0.0142459265219171,13
explanation_stability_v1,2026-09-23 20:29:35,101,D1_creditcard,RANDOM_STRATIFIED_SAFE,xgboost,strict,False,283726,473,3.037148714065552,226980,378,V1,0.0141967590898275,0.0141967592088234,14
explanation_stability_v1,2026-09-23 20:29:35,101,D1_creditcard,RANDOM_STRATIFIED_SAFE,xgboost,strict,False,283726,473,3.037148714065552,226980,378,V3,0.0131530333310365,0.013153033441284,15
explanation_stability_v1,2026-09-23 20:29:35,101,D1_creditcard,RANDOM_STRATIFIED_SAFE,xgboost,strict,False,283726,473,3.037148714065552,226980,378,V27,0.0125680593773722,0.0125680594827165,16
explanation_stability_v1,2026-09-23 20:29:35,101,D1_creditcard,RANDOM_STRATIFIED_SAFE,xgboost,strict,False,283726,473,3.037148714065552,226980,378,V28,0.012472465634346,0.012472465738889,17
explanation_stability_v1,2026-09-23 20:29:35,101,D1_creditcard,RANDOM_STRATIFIED_SAFE,xgboost,strict,False,283726,473,3.037148714065552,226980,378,V21,0.0120265735313296,0.0120265736321352,18
explanation_stability_v1,2026-09-23 20:29:35,101,D1_creditcard,RANDOM_STRATIFIED_SAFE,xgboost,strict,False,283726,473,3.037148714065552,226980,378,V25,0.0117849055677652,0.0117849056665451,19
explanation_stability_v1,2026-09-23 20:29:35,101,D1_creditcard,RANDOM_STRATIFIED_SAFE,xgboost,strict,False,283726,473,3.037148714065552,226980,378,V26,0.0116603774949908,0.0116603775927269,20
explanation_stability_v1,2026-09-23 20:29:35,101,D1_creditcard,RANDOM_STRATIFIED_SAFE,xgboost,strict,False,283726,473,3.037148714065552,226980,378,V18,0.0110757639631628,0.0110757640559988,21
explanation_stability_v1,2026-09-23 20:29:35,101,D1_creditcard,RANDOM_STRATIFIED_SAFE,xgboost,strict,False,283726,473,3.037148714065552,226980,378,V2,0.0104484278708696,0.0104484279584473,22
explanation_stability_v1,2026-09-23 20:29:35,101,D1_creditcard,RANDOM_STRATIFIED_SAFE,xgboost,strict,False,283726,473,3.037148714065552,226980,378,V15,0.0103092584758996,0.0103092585623109,23
explanation_stability_v1,2026-09-23 20:29:35,101,D1_creditcard,RANDOM_STRATIFIED_SAFE,xgboost,strict,False,283726,473,3.037148714065552,226980,378,V6,0.0095174498856067,0.0095174499653811,24
explanation_stability_v1,2026-09-23 20:29:35,101,D1_creditcard,RANDOM_STRATIFIED_SAFE,xgboost,strict,False,283726,473,3.037148714065552,226980,378,V16,0.0093779359012842,0.0093779359798891,25
explanation_stability_v1,2026-09-23 20:29:35,101,D1_creditcard,RANDOM_STRATIFIED_SAFE,xgboost,strict,False,283726,473,3.037148714065552,226980,378,V22,0.0089599126949906,0.0089599127700917,26
explanation_stability_v1,2026-09-23 20:29:35,101,D1_creditcard,RANDOM_STRATIFIED_SAFE,xgboost,strict,False,283726,473,3.037148714065552,226980,378,V5,0.0058691059239208,0.0058691059731151,27
explanation_stability_v1,2026-09-23 20:29:35,101,D1_creditcard,RANDOM_STRATIFIED_SAFE,xgboost,strict,False,283726,473,3.037148714065552,226980,378,V9,0.0056961108930408,0.0056961109407851,28
explanation_stability_v1,2026-09-23 20:29:35,101,D1_creditcard,RANDOM_STRATIFIED_SAFE,xgboost,strict,False,283726,473,3.037148714065552,226980,378,V24,0.0047937110066413,0.0047937110468218,29
explanation_stability_v1,2026-09-23 20:32:00,101,D2_fraudTest,CHRONOLOGICAL_SAFE,lightgbm,strict,False,555719,2145,21.33435440063477,444575,1961,age_years,5823.0,0.1878387096774193,1
explanation_stability_v1,2026-09-23 20:32:00,101,D2_fraudTest,CHRONOLOGICAL_SAFE,lightgbm,strict,False,555719,2145,21.33435440063477,444575,1961,state,5817.0,0.1876451612903225,2
explanation_stability_v1,2026-09-23 20:32:00,101,D2_fraudTest,CHRONOLOGICAL_SAFE,lightgbm,strict,False,555719,2145,21.33435440063477,444575,1961,amt,4761.0,0.1535806451612903,3
explanation_stability_v1,2026-09-23 20:32:00,101,D2_fraudTest,CHRONOLOGICAL_SAFE,lightgbm,strict,False,555719,2145,21.33435440063477,444575,1961,city_pop,4330.0,0.1396774193548387,4
explanation_stability_v1,2026-09-23 20:32:00,101,D2_fraudTest,CHRONOLOGICAL_SAFE,lightgbm,strict,False,555719,2145,21.33435440063477,444575,1961,category,4155.0,0.1340322580645161,5
explanation_stability_v1,2026-09-23 20:32:00,101,D2_fraudTest,CHRONOLOGICAL_SAFE,lightgbm,strict,False,555719,2145,21.33435440063477,444575,1961,trans_hour,2381.0,0.0768064516129032,6
explanation_stability_v1,2026-09-23 20:32:00,101,D2_fraudTest,CHRONOLOGICAL_SAFE,lightgbm,strict,False,555719,2145,21.33435440063477,444575,1961,trans_month,2172.0,0.0700645161290322,7
explanation_stability_v1,2026-09-23 20:32:00,101,D2_fraudTest,CHRONOLOGICAL_SAFE,lightgbm,strict,False,555719,2145,21.33435440063477,444575,1961,trans_dayofweek,1561.0,0.0503548387096774,8
explanation_stability_v1,2026-09-23 20:31:28,101,D2_fraudTest,CHRONOLOGICAL_SAFE,xgboost,strict,False,555719,2145,1.4675328731536863,444575,1961,category,0.4741969294846058,0.4741969111569488,1
explanation_stability_v1,2026-09-23 20:31:28,101,D2_fraudTest,CHRONOLOGICAL_SAFE,xgboost,strict,False,555719,2145,1.4675328731536863,444575,1961,state,0.3299777847714722,0.3299777720178686,2
explanation_stability_v1,2026-09-23 20:31:28,101,D2_fraudTest,CHRONOLOGICAL_SAFE,xgboost,strict,False,555719,2145,1.4675328731536863,444575,1961,amt,0.1223285868763923,0.1223285821484065,3
explanation_stability_v1,2026-09-23 20:31:28,101,D2_fraudTest,CHRONOLOGICAL_SAFE,xgboost,strict,False,555719,2145,1.4675328731536863,444575,1961,trans_hour,0.0445831008255481,0.0445830991024164,4
explanation_stability_v1,2026-09-23 20:31:28,101,D2_fraudTest,CHRONOLOGICAL_SAFE,xgboost,strict,False,555719,2145,1.4675328731536863,444575,1961,age_years,0.0101459315046668,0.0101459311125277,5
explanation_stability_v1,2026-09-23 20:31:28,101,D2_fraudTest,CHRONOLOGICAL_SAFE,xgboost,strict,False,555719,2145,1.4675328731536863,444575,1961,city_pop,0.007861441001296,0.0078614406974522,6
explanation_stability_v1,2026-09-23 20:31:28,101,D2_fraudTest,CHRONOLOGICAL_SAFE,xgboost,strict,False,555719,2145,1.4675328731536863,444575,1961,trans_month,0.0055449469946324,0.0055449467803209,7
explanation_stability_v1,2026-09-23 20:31:28,101,D2_fraudTest,CHRONOLOGICAL_SAFE,xgboost,strict,False,555719,2145,1.4675328731536863,444575,1961,trans_dayofweek,0.0053613171912729,0.0053613169840586,8
explanation_stability_v1,2026-09-23 20:31:20,101,D2_fraudTest,RANDOM_STRATIFIED_SAFE,lightgbm,strict,False,555719,2145,19.69839644432068,444575,1716,state,6265.0,0.2020967741935483,1
explanation_stability_v1,2026-09-23 20:31:20,101,D2_fraudTest,RANDOM_STRATIFIED_SAFE,lightgbm,strict,False,555719,2145,19.69839644432068,444575,1716,age_years,5748.0,0.1854193548387096,2
explanation_stability_v1,2026-09-23 20:31:20,101,D2_fraudTest,RANDOM_STRATIFIED_SAFE,lightgbm,strict,False,555719,2145,19.69839644432068,444575,1716,amt,4795.0,0.1546774193548387,3
explanation_stability_v1,2026-09-23 20:31:20,101,D2_fraudTest,RANDOM_STRATIFIED_SAFE,lightgbm,strict,False,555719,2145,19.69839644432068,444575,1716,category,4353.0,0.1404193548387096,4
explanation_stability_v1,2026-09-23 20:31:20,101,D2_fraudTest,RANDOM_STRATIFIED_SAFE,lightgbm,strict,False,555719,2145,19.69839644432068,444575,1716,city_pop,3938.0,0.1270322580645161,5
explanation_stability_v1,2026-09-23 20:31:20,101,D2_fraudTest,RANDOM_STRATIFIED_SAFE,lightgbm,strict,False,555719,2145,19.69839644432068,444575,1716,trans_hour,2412.0,0.0778064516129032,6
explanation_stability_v1,2026-09-23 20:31:20,101,D2_fraudTest,RANDOM_STRATIFIED_SAFE,lightgbm,strict,False,555719,2145,19.69839644432068,444575,1716,trans_month,1889.0,0.0609354838709677,7
explanation_stability_v1,2026-09-23 20:31:20,101,D2_fraudTest,RANDOM_STRATIFIED_SAFE,lightgbm,strict,False,555719,2145,19.69839644432068,444575,1716,trans_dayofweek,1600.0,0.0516129032258064,8
explanation_stability_v1,2026-09-23 20:30:49,101,D2_fraudTest,RANDOM_STRATIFIED_SAFE,xgboost,strict,False,555719,2145,1.5223021507263184,444575,1716,category,0.4206215087324381,0.4206215497176438,1
explanation_stability_v1,2026-09-23 20:30:49,101,D2_fraudTest,RANDOM_STRATIFIED_SAFE,xgboost,strict,False,555719,2145,1.5223021507263184,444575,1716,state,0.3960873129544779,0.3960873515490807,2
explanation_stability_v1,2026-09-23 20:30:49,101,D2_fraudTest,RANDOM_STRATIFIED_SAFE,xgboost,strict,False,555719,2145,1.5223021507263184,444575,1716,amt,0.1109673678874969,0.1109673787001166,3
explanation_stability_v1,2026-09-23 20:30:49,101,D2_fraudTest,RANDOM_STRATIFIED_SAFE,xgboost,strict,False,555719,2145,1.5223021507263184,444575,1716,trans_hour,0.0424065515398979,0.0424065556719767,4
explanation_stability_v1,2026-09-23 20:30:49,101,D2_fraudTest,RANDOM_STRATIFIED_SAFE,xgboost,strict,False,555719,2145,1.5223021507263184,444575,1716,age_years,0.0088855819776654,0.0088855828434732,5
explanation_stability_v1,2026-09-23 20:30:49,101,D2_fraudTest,RANDOM_STRATIFIED_SAFE,xgboost,strict,False,555719,2145,1.5223021507263184,444575,1716,city_pop,0.0083248363807797,0.0083248371919487,6
explanation_stability_v1,2026-09-23 20:30:49,101,D2_fraudTest,RANDOM_STRATIFIED_SAFE,xgboost,strict,False,555719,2145,1.5223021507263184,444575,1716,trans_month,0.007265256717801,0.007265257425725,7
explanation_stability_v1,2026-09-23 20:30:49,101,D2_fraudTest,RANDOM_STRATIFIED_SAFE,xgboost,strict,False,555719,2145,1.5223021507263184,444575,1716,trans_dayofweek,0.0054414863698184,0.0054414869000348,8
explanation_stability_v1,2026-09-23 20:34:36,101,D3_PaySim,CHRONOLOGICAL_SAFE,lightgbm,strict,False,1000000,749,27.284350872039795,800000,625,amount,11770.0,0.3796774193548387,1
explanation_stability_v1,2026-09-23 20:34:36,101,D3_PaySim,CHRONOLOGICAL_SAFE,lightgbm,strict,False,1000000,749,27.284350872039795,800000,625,oldbalanceOrg,10866.0,0.350516129032258,2
explanation_stability_v1,2026-09-23 20:34:36,101,D3_PaySim,CHRONOLOGICAL_SAFE,lightgbm,strict,False,1000000,749,27.284350872039795,800000,625,oldbalanceDest,6413.0,0.2068709677419354,3
explanation_stability_v1,2026-09-23 20:34:36,101,D3_PaySim,CHRONOLOGICAL_SAFE,lightgbm,strict,False,1000000,749,27.284350872039795,800000,625,type,1951.0,0.0629354838709677,4
explanation_stability_v1,2026-09-23 20:33:42,101,D3_PaySim,CHRONOLOGICAL_SAFE,xgboost,strict,False,1000000,749,2.0418365001678467,800000,625,type,0.8131925715133548,0.813192594991038,1
explanation_stability_v1,2026-09-23 20:33:42,101,D3_PaySim,CHRONOLOGICAL_SAFE,xgboost,strict,False,1000000,749,2.0418365001678467,800000,625,oldbalanceOrg,0.0845708101987838,0.0845708126404277,2
explanation_stability_v1,2026-09-23 20:33:42,101,D3_PaySim,CHRONOLOGICAL_SAFE,xgboost,strict,False,1000000,749,2.0418365001678467,800000,625,amount,0.0716665014624595,0.0716665035315431,3
explanation_stability_v1,2026-09-23 20:33:42,101,D3_PaySim,CHRONOLOGICAL_SAFE,xgboost,strict,False,1000000,749,2.0418365001678467,800000,625,oldbalanceDest,0.0305700879544019,0.030570088836991,4
explanation_stability_v1,2026-09-23 20:33:19,101,D3_PaySim,RANDOM_STRATIFIED_SAFE,lightgbm,strict,False,1000000,749,28.633007526397705,800000,599,amount,11738.0,0.3786451612903226,1
explanation_stability_v1,2026-09-23 20:33:19,101,D3_PaySim,RANDOM_STRATIFIED_SAFE,lightgbm,strict,False,1000000,749,28.633007526397705,800000,599,oldbalanceOrg,10655.0,0.3437096774193548,2
explanation_stability_v1,2026-09-23 20:33:19,101,D3_PaySim,RANDOM_STRATIFIED_SAFE,lightgbm,strict,False,1000000,749,28.633007526397705,800000,599,oldbalanceDest,6620.0,0.2135483870967742,3
explanation_stability_v1,2026-09-23 20:33:19,101,D3_PaySim,RANDOM_STRATIFIED_SAFE,lightgbm,strict,False,1000000,749,28.633007526397705,800000,599,type,1987.0,0.0640967741935483,4
explanation_stability_v1,2026-09-23 20:32:24,101,D3_PaySim,RANDOM_STRATIFIED_SAFE,xgboost,strict,False,1000000,749,2.0673699378967285,800000,599,type,0.8128215298056602,0.8128215267776641,1
explanation_stability_v1,2026-09-23 20:32:24,101,D3_PaySim,RANDOM_STRATIFIED_SAFE,xgboost,strict,False,1000000,749,2.0673699378967285,800000,599,oldbalanceOrg,0.0861240997910499,0.0861240994702126,2
explanation_stability_v1,2026-09-23 20:32:24,101,D3_PaySim,RANDOM_STRATIFIED_SAFE,xgboost,strict,False,1000000,749,2.0673699378967285,800000,599,amount,0.0739509165287017,0.0739509162532131,3
explanation_stability_v1,2026-09-23 20:32:24,101,D3_PaySim,RANDOM_STRATIFIED_SAFE,xgboost,strict,False,1000000,749,2.0673699378967285,800000,599,oldbalanceDest,0.0271034575998783,0.02710345749891,4
explanation_stability_v1,2026-09-23 20:35:50,202,D1_creditcard,CHRONOLOGICAL_SAFE,lightgbm,strict,False,283726,473,23.82006311416626,226980,399,V4,1744.0,0.0601607506295491,1
explanation_stability_v1,2026-09-23 20:35:50,202,D1_creditcard,CHRONOLOGICAL_SAFE,lightgbm,strict,False,283726,473,23.82006311416626,226980,399,V14,1529.0,0.0527441443306081,2
explanation_stability_v1,2026-09-23 20:35:50,202,D1_creditcard,CHRONOLOGICAL_SAFE,lightgbm,strict,False,283726,473,23.82006311416626,226980,399,V12,1275.0,0.0439822001448825,3
explanation_stability_v1,2026-09-23 20:35:50,202,D1_creditcard,CHRONOLOGICAL_SAFE,lightgbm,strict,False,283726,473,23.82006311416626,226980,399,Amount,1186.0,0.0409120700955534,4
explanation_stability_v1,2026-09-23 20:35:50,202,D1_creditcard,CHRONOLOGICAL_SAFE,lightgbm,strict,False,283726,473,23.82006311416626,226980,399,V28,1156.0,0.0398771947980268,5
explanation_stability_v1,2026-09-23 20:35:50,202,D1_creditcard,CHRONOLOGICAL_SAFE,lightgbm,strict,False,283726,473,23.82006311416626,226980,399,V26,1144.0,0.0394632446790161,6
explanation_stability_v1,2026-09-23 20:35:50,202,D1_creditcard,CHRONOLOGICAL_SAFE,lightgbm,strict,False,283726,473,23.82006311416626,226980,399,V10,1114.0,0.0384283693814895,7
explanation_stability_v1,2026-09-23 20:35:50,202,D1_creditcard,CHRONOLOGICAL_SAFE,lightgbm,strict,False,283726,473,23.82006311416626,226980,399,V13,1079.0,0.0372210148677084,8
explanation_stability_v1,2026-09-23 20:35:50,202,D1_creditcard,CHRONOLOGICAL_SAFE,lightgbm,strict,False,283726,473,23.82006311416626,226980,399,V22,1047.0,0.03611714788368,9
explanation_stability_v1,2026-09-23 20:35:50,202,D1_creditcard,CHRONOLOGICAL_SAFE,lightgbm,strict,False,283726,473,23.82006311416626,226980,399,V19,1024.0,0.0353237434889095,10
explanation_stability_v1,2026-09-23 20:35:50,202,D1_creditcard,CHRONOLOGICAL_SAFE,lightgbm,strict,False,283726,473,23.82006311416626,226980,399,V24,999.0,0.0344613474076373,11
explanation_stability_v1,2026-09-23 20:35:50,202,D1_creditcard,CHRONOLOGICAL_SAFE,lightgbm,strict,False,283726,473,23.82006311416626,226980,399,V11,989.0,0.0341163889751284,12
explanation_stability_v1,2026-09-23 20:35:50,202,D1_creditcard,CHRONOLOGICAL_SAFE,lightgbm,strict,False,283726,473,23.82006311416626,226980,399,V25,975.0,0.033633447169616,13
explanation_stability_v1,2026-09-23 20:35:50,202,D1_creditcard,CHRONOLOGICAL_SAFE,lightgbm,strict,False,283726,473,23.82006311416626,226980,399,V3,975.0,0.033633447169616,14
explanation_stability_v1,2026-09-23 20:35:50,202,D1_creditcard,CHRONOLOGICAL_SAFE,lightgbm,strict,False,283726,473,23.82006311416626,226980,399,V1,972.0,0.0335299596398633,15
explanation_stability_v1,2026-09-23 20:35:50,202,D1_creditcard,CHRONOLOGICAL_SAFE,lightgbm,strict,False,283726,473,23.82006311416626,226980,399,V7,954.0,0.0329090344613474,16
explanation_stability_v1,2026-09-23 20:35:50,202,D1_creditcard,CHRONOLOGICAL_SAFE,lightgbm,strict,False,283726,473,23.82006311416626,226980,399,V20,923.0,0.0318396633205698,17
explanation_stability_v1,2026-09-23 20:35:50,202,D1_creditcard,CHRONOLOGICAL_SAFE,lightgbm,strict,False,283726,473,23.82006311416626,226980,399,V23,895.0,0.030873779709545,18
explanation_stability_v1,2026-09-23 20:35:50,202,D1_creditcard,CHRONOLOGICAL_SAFE,lightgbm,strict,False,283726,473,23.82006311416626,226980,399,V8,895.0,0.030873779709545,19
explanation_stability_v1,2026-09-23 20:35:50,202,D1_creditcard,CHRONOLOGICAL_SAFE,lightgbm,strict,False,283726,473,23.82006311416626,226980,399,V5,886.0,0.030563317120287,20
explanation_stability_v1,2026-09-23 20:35:50,202,D1_creditcard,CHRONOLOGICAL_SAFE,lightgbm,strict,False,283726,473,23.82006311416626,226980,399,V16,875.0,0.0301838628445272,21
explanation_stability_v1,2026-09-23 20:35:50,202,D1_creditcard,CHRONOLOGICAL_SAFE,lightgbm,strict,False,283726,473,23.82006311416626,226980,399,V21,873.0,0.0301148711580254,22
explanation_stability_v1,2026-09-23 20:35:50,202,D1_creditcard,CHRONOLOGICAL_SAFE,lightgbm,strict,False,283726,473,23.82006311416626,226980,399,V27,844.0,0.0291144917037496,23
explanation_stability_v1,2026-09-23 20:35:50,202,D1_creditcard,CHRONOLOGICAL_SAFE,lightgbm,strict,False,283726,473,23.82006311416626,226980,399,V2,830.0,0.0286315498982372,24
explanation_stability_v1,2026-09-23 20:35:50,202,D1_creditcard,CHRONOLOGICAL_SAFE,lightgbm,strict,False,283726,473,23.82006311416626,226980,399,V15,792.0,0.0273207078547035,25
explanation_stability_v1,2026-09-23 20:35:50,202,D1_creditcard,CHRONOLOGICAL_SAFE,lightgbm,strict,False,283726,473,23.82006311416626,226980,399,V18,776.0,0.0267687743626892,26
explanation_stability_v1,2026-09-23 20:35:50,202,D1_creditcard,CHRONOLOGICAL_SAFE,lightgbm,strict,False,283726,473,23.82006311416626,226980,399,V6,773.0,0.0266652868329366,27
explanation_stability_v1,2026-09-23 20:35:50,202,D1_creditcard,CHRONOLOGICAL_SAFE,lightgbm,strict,False,283726,473,23.82006311416626,226980,399,V9,771.0,0.0265962951464348,28
explanation_stability_v1,2026-09-23 20:35:50,202,D1_creditcard,CHRONOLOGICAL_SAFE,lightgbm,strict,False,283726,473,23.82006311416626,226980,399,V17,694.0,0.0239401152161164,29
explanation_stability_v1,2026-09-23 20:35:20,202,D1_creditcard,CHRONOLOGICAL_SAFE,xgboost,strict,False,283726,473,2.1510488986968994,226980,399,V14,0.4145862460136413,0.4145862492956064,1
explanation_stability_v1,2026-09-23 20:35:20,202,D1_creditcard,CHRONOLOGICAL_SAFE,xgboost,strict,False,283726,473,2.1510488986968994,226980,399,V4,0.0650059804320335,0.0650059809466366,2
explanation_stability_v1,2026-09-23 20:35:20,202,D1_creditcard,CHRONOLOGICAL_SAFE,xgboost,strict,False,283726,473,2.1510488986968994,226980,399,V12,0.0636274442076683,0.0636274447113585,3
explanation_stability_v1,2026-09-23 20:35:20,202,D1_creditcard,CHRONOLOGICAL_SAFE,xgboost,strict,False,283726,473,2.1510488986968994,226980,399,V10,0.0580429472029209,0.0580429476624029,4
explanation_stability_v1,2026-09-23 20:35:20,202,D1_creditcard,CHRONOLOGICAL_SAFE,xgboost,strict,False,283726,473,2.1510488986968994,226980,399,V20,0.0356296338140964,0.0356296340961492,5
explanation_stability_v1,2026-09-23 20:35:20,202,D1_creditcard,CHRONOLOGICAL_SAFE,xgboost,strict,False,283726,473,2.1510488986968994,226980,399,V8,0.0342953614890575,0.0342953617605479,6
explanation_stability_v1,2026-09-23 20:35:20,202,D1_creditcard,CHRONOLOGICAL_SAFE,xgboost,strict,False,283726,473,2.1510488986968994,226980,399,V19,0.0254599992185831,0.0254599994201306,7
explanation_stability_v1,2026-09-23 20:35:20,202,D1_creditcard,CHRONOLOGICAL_SAFE,xgboost,strict,False,283726,473,2.1510488986968994,226980,399,Amount,0.0228517055511474,0.022851705732047,8
explanation_stability_v1,2026-09-23 20:35:20,202,D1_creditcard,CHRONOLOGICAL_SAFE,xgboost,strict,False,283726,473,2.1510488986968994,226980,399,V13,0.0223839879035949,0.022383988080792,9
explanation_stability_v1,2026-09-23 20:35:20,202,D1_creditcard,CHRONOLOGICAL_SAFE,xgboost,strict,False,283726,473,2.1510488986968994,226980,399,V17,0.019711073487997,0.0197110736440346,10
explanation_stability_v1,2026-09-23 20:35:20,202,D1_creditcard,CHRONOLOGICAL_SAFE,xgboost,strict,False,283726,473,2.1510488986968994,226980,399,V3,0.0188368875533342,0.0188368877024515,11
explanation_stability_v1,2026-09-23 20:35:20,202,D1_creditcard,CHRONOLOGICAL_SAFE,xgboost,strict,False,283726,473,2.1510488986968994,226980,399,V23,0.017595337703824,0.0175953378431129,12
explanation_stability_v1,2026-09-23 20:35:20,202,D1_creditcard,CHRONOLOGICAL_SAFE,xgboost,strict,False,283726,473,2.1510488986968994,226980,399,V7,0.0170290172100067,0.0170290173448125,13
explanation_stability_v1,2026-09-23 20:35:20,202,D1_creditcard,CHRONOLOGICAL_SAFE,xgboost,strict,False,283726,473,2.1510488986968994,226980,399,V15,0.0169390756636858,0.0169390757977796,14
explanation_stability_v1,2026-09-23 20:35:20,202,D1_creditcard,CHRONOLOGICAL_SAFE,xgboost,strict,False,283726,473,2.1510488986968994,226980,399,V1,0.0151734296232461,0.0151734297433627,15
explanation_stability_v1,2026-09-23 20:35:20,202,D1_creditcard,CHRONOLOGICAL_SAFE,xgboost,strict,False,283726,473,2.1510488986968994,226980,399,V11,0.0146026667207479,0.0146026668363461,16
explanation_stability_v1,2026-09-23 20:35:20,202,D1_creditcard,CHRONOLOGICAL_SAFE,xgboost,strict,False,283726,473,2.1510488986968994,226980,399,V22,0.0135740246623754,0.0135740247698307,17
explanation_stability_v1,2026-09-23 20:35:20,202,D1_creditcard,CHRONOLOGICAL_SAFE,xgboost,strict,False,283726,473,2.1510488986968994,226980,399,V28,0.0130840651690959,0.0130840652726726,18
explanation_stability_v1,2026-09-23 20:35:20,202,D1_creditcard,CHRONOLOGICAL_SAFE,xgboost,strict,False,283726,473,2.1510488986968994,226980,399,V9,0.0126263825222849,0.0126263826222384,19
explanation_stability_v1,2026-09-23 20:35:20,202,D1_creditcard,CHRONOLOGICAL_SAFE,xgboost,strict,False,283726,473,2.1510488986968994,226980,399,V25,0.0118655655533075,0.0118655656472382,20
explanation_stability_v1,2026-09-23 20:35:20,202,D1_creditcard,CHRONOLOGICAL_SAFE,xgboost,strict,False,283726,473,2.1510488986968994,226980,399,V21,0.0117806913331151,0.0117806914263739,21
explanation_stability_v1,2026-09-23 20:35:20,202,D1_creditcard,CHRONOLOGICAL_SAFE,xgboost,strict,False,283726,473,2.1510488986968994,226980,399,V26,0.0116879325360059,0.0116879326285304,22
explanation_stability_v1,2026-09-23 20:35:20,202,D1_creditcard,CHRONOLOGICAL_SAFE,xgboost,strict,False,283726,473,2.1510488986968994,226980,399,V5,0.0109386164695024,0.0109386165560951,23
explanation_stability_v1,2026-09-23 20:35:20,202,D1_creditcard,CHRONOLOGICAL_SAFE,xgboost,strict,False,283726,473,2.1510488986968994,226980,399,V27,0.010345758870244,0.0103457589521435,24
explanation_stability_v1,2026-09-23 20:35:20,202,D1_creditcard,CHRONOLOGICAL_SAFE,xgboost,strict,False,283726,473,2.1510488986968994,226980,399,V16,0.0099922008812427,0.0099922009603434,25
explanation_stability_v1,2026-09-23 20:35:20,202,D1_creditcard,CHRONOLOGICAL_SAFE,xgboost,strict,False,283726,473,2.1510488986968994,226980,399,V18,0.0096353748813271,0.0096353749576031,26
explanation_stability_v1,2026-09-23 20:35:20,202,D1_creditcard,CHRONOLOGICAL_SAFE,xgboost,strict,False,283726,473,2.1510488986968994,226980,399,V6,0.0082819070667028,0.0082819071322644,27
explanation_stability_v1,2026-09-23 20:35:20,202,D1_creditcard,CHRONOLOGICAL_SAFE,xgboost,strict,False,283726,473,2.1510488986968994,226980,399,V2,0.0081984987482428,0.0081984988131441,28
explanation_stability_v1,2026-09-23 20:35:20,202,D1_creditcard,CHRONOLOGICAL_SAFE,xgboost,strict,False,283726,473,2.1510488986968994,226980,399,V24,0.0062181795947253,0.0062181796439499,29
explanation_stability_v1,2026-09-23 20:35:12,202,D1_creditcard,RANDOM_STRATIFIED_SAFE,lightgbm,strict,False,283726,473,22.46211671829224,226980,378,V4,1641.0,0.055659193433504,1
explanation_stability_v1,2026-09-23 20:35:12,202,D1_creditcard,RANDOM_STRATIFIED_SAFE,lightgbm,strict,False,283726,473,22.46211671829224,226980,378,V14,1432.0,0.0485703625818268,2
explanation_stability_v1,2026-09-23 20:35:12,202,D1_creditcard,RANDOM_STRATIFIED_SAFE,lightgbm,strict,False,283726,473,22.46211671829224,226980,378,V26,1394.0,0.0472814842451582,3
explanation_stability_v1,2026-09-23 20:35:12,202,D1_creditcard,RANDOM_STRATIFIED_SAFE,lightgbm,strict,False,283726,473,22.46211671829224,226980,378,V13,1281.0,0.0434487670861174,4
explanation_stability_v1,2026-09-23 20:35:12,202,D1_creditcard,RANDOM_STRATIFIED_SAFE,lightgbm,strict,False,283726,473,22.46211671829224,226980,378,V12,1245.0,0.0422277244513787,5
explanation_stability_v1,2026-09-23 20:35:12,202,D1_creditcard,RANDOM_STRATIFIED_SAFE,lightgbm,strict,False,283726,473,22.46211671829224,226980,378,Amount,1157.0,0.039242953566462,6
explanation_stability_v1,2026-09-23 20:35:12,202,D1_creditcard,RANDOM_STRATIFIED_SAFE,lightgbm,strict,False,283726,473,22.46211671829224,226980,378,V28,1137.0,0.0385645965471627,7
explanation_stability_v1,2026-09-23 20:35:12,202,D1_creditcard,RANDOM_STRATIFIED_SAFE,lightgbm,strict,False,283726,473,22.46211671829224,226980,378,V3,1101.0,0.0373435539124241,8
explanation_stability_v1,2026-09-23 20:35:12,202,D1_creditcard,RANDOM_STRATIFIED_SAFE,lightgbm,strict,False,283726,473,22.46211671829224,226980,378,V11,1080.0,0.0366312790421598,9
explanation_stability_v1,2026-09-23 20:35:12,202,D1_creditcard,RANDOM_STRATIFIED_SAFE,lightgbm,strict,False,283726,473,22.46211671829224,226980,378,V10,1068.0,0.0362242648305803,10
explanation_stability_v1,2026-09-23 20:35:12,202,D1_creditcard,RANDOM_STRATIFIED_SAFE,lightgbm,strict,False,283726,473,22.46211671829224,226980,378,V7,1068.0,0.0362242648305803,11
explanation_stability_v1,2026-09-23 20:35:12,202,D1_creditcard,RANDOM_STRATIFIED_SAFE,lightgbm,strict,False,283726,473,22.46211671829224,226980,378,V22,1042.0,0.0353424007054913,12
explanation_stability_v1,2026-09-23 20:35:12,202,D1_creditcard,RANDOM_STRATIFIED_SAFE,lightgbm,strict,False,283726,473,22.46211671829224,226980,378,V27,1017.0,0.0344944544313672,13
explanation_stability_v1,2026-09-23 20:35:12,202,D1_creditcard,RANDOM_STRATIFIED_SAFE,lightgbm,strict,False,283726,473,22.46211671829224,226980,378,V24,1011.0,0.0342909473255774,14
explanation_stability_v1,2026-09-23 20:35:12,202,D1_creditcard,RANDOM_STRATIFIED_SAFE,lightgbm,strict,False,283726,473,22.46211671829224,226980,378,V25,999.0,0.0338839331139979,15
explanation_stability_v1,2026-09-23 20:35:12,202,D1_creditcard,RANDOM_STRATIFIED_SAFE,lightgbm,strict,False,283726,473,22.46211671829224,226980,378,V8,969.0,0.032866397585049,16
explanation_stability_v1,2026-09-23 20:35:12,202,D1_creditcard,RANDOM_STRATIFIED_SAFE,lightgbm,strict,False,283726,473,22.46211671829224,226980,378,V23,944.0,0.0320184513109249,17
explanation_stability_v1,2026-09-23 20:35:12,202,D1_creditcard,RANDOM_STRATIFIED_SAFE,lightgbm,strict,False,283726,473,22.46211671829224,226980,378,V1,907.0,0.0307634908252213,18
explanation_stability_v1,2026-09-23 20:35:12,202,D1_creditcard,RANDOM_STRATIFIED_SAFE,lightgbm,strict,False,283726,473,22.46211671829224,226980,378,V2,899.0,0.0304921480175016,19
explanation_stability_v1,2026-09-23 20:35:12,202,D1_creditcard,RANDOM_STRATIFIED_SAFE,lightgbm,strict,False,283726,473,22.46211671829224,226980,378,V20,885.0,0.0300172981039921,20
explanation_stability_v1,2026-09-23 20:35:12,202,D1_creditcard,RANDOM_STRATIFIED_SAFE,lightgbm,strict,False,283726,473,22.46211671829224,226980,378,V21,875.0,0.0296781195943425,21
explanation_stability_v1,2026-09-23 20:35:12,202,D1_creditcard,RANDOM_STRATIFIED_SAFE,lightgbm,strict,False,283726,473,22.46211671829224,226980,378,V16,846.0,0.0286945019163585,22
explanation_stability_v1,2026-09-23 20:35:12,202,D1_creditcard,RANDOM_STRATIFIED_SAFE,lightgbm,strict,False,283726,473,22.46211671829224,226980,378,V5,835.0,0.0283214055557439,23
explanation_stability_v1,2026-09-23 20:35:12,202,D1_creditcard,RANDOM_STRATIFIED_SAFE,lightgbm,strict,False,283726,473,22.46211671829224,226980,378,V18,825.0,0.0279822270460943,24
explanation_stability_v1,2026-09-23 20:35:12,202,D1_creditcard,RANDOM_STRATIFIED_SAFE,lightgbm,strict,False,283726,473,22.46211671829224,226980,378,V19,807.0,0.027371705728725,25
explanation_stability_v1,2026-09-23 20:35:12,202,D1_creditcard,RANDOM_STRATIFIED_SAFE,lightgbm,strict,False,283726,473,22.46211671829224,226980,378,V6,805.0,0.0273038700267951,26
explanation_stability_v1,2026-09-23 20:35:12,202,D1_creditcard,RANDOM_STRATIFIED_SAFE,lightgbm,strict,False,283726,473,22.46211671829224,226980,378,V9,780.0,0.026455923752671,27
explanation_stability_v1,2026-09-23 20:35:12,202,D1_creditcard,RANDOM_STRATIFIED_SAFE,lightgbm,strict,False,283726,473,22.46211671829224,226980,378,V15,753.0,0.025540141776617,28
explanation_stability_v1,2026-09-23 20:35:12,202,D1_creditcard,RANDOM_STRATIFIED_SAFE,lightgbm,strict,False,283726,473,22.46211671829224,226980,378,V17,680.0,0.0230641386561747,29
explanation_stability_v1,2026-09-23 20:34:43,202,D1_creditcard,RANDOM_STRATIFIED_SAFE,xgboost,strict,False,283726,473,2.15035080909729,226980,378,V14,0.4370698928833008,0.4370698857598724,1
explanation_stability_v1,2026-09-23 20:34:43,202,D1_creditcard,RANDOM_STRATIFIED_SAFE,xgboost,strict,False,283726,473,2.15035080909729,226980,378,V4,0.0847860276699066,0.0847860262880516,2
explanation_stability_v1,2026-09-23 20:34:43,202,D1_creditcard,RANDOM_STRATIFIED_SAFE,xgboost,strict,False,283726,473,2.15035080909729,226980,378,V10,0.0543790310621261,0.0543790301758488,3
explanation_stability_v1,2026-09-23 20:34:43,202,D1_creditcard,RANDOM_STRATIFIED_SAFE,xgboost,strict,False,283726,473,2.15035080909729,226980,378,V20,0.0397933349013328,0.0397933342527753,4
explanation_stability_v1,2026-09-23 20:34:43,202,D1_creditcard,RANDOM_STRATIFIED_SAFE,xgboost,strict,False,283726,473,2.15035080909729,226980,378,V8,0.0340582206845283,0.0340582201294425,5
explanation_stability_v1,2026-09-23 20:34:43,202,D1_creditcard,RANDOM_STRATIFIED_SAFE,xgboost,strict,False,283726,473,2.15035080909729,226980,378,V12,0.0237917359918355,0.0237917356040744,6
explanation_stability_v1,2026-09-23 20:34:43,202,D1_creditcard,RANDOM_STRATIFIED_SAFE,xgboost,strict,False,283726,473,2.15035080909729,226980,378,V17,0.0228826589882373,0.0228826586152924,7
explanation_stability_v1,2026-09-23 20:34:43,202,D1_creditcard,RANDOM_STRATIFIED_SAFE,xgboost,strict,False,283726,473,2.15035080909729,226980,378,Amount,0.0219332613050937,0.0219332609476222,8
explanation_stability_v1,2026-09-23 20:34:43,202,D1_creditcard,RANDOM_STRATIFIED_SAFE,xgboost,strict,False,283726,473,2.15035080909729,226980,378,V19,0.0203755162656307,0.0203755159335476,9
explanation_stability_v1,2026-09-23 20:34:43,202,D1_creditcard,RANDOM_STRATIFIED_SAFE,xgboost,strict,False,283726,473,2.15035080909729,226980,378,V11,0.0197471398860216,0.0197471395641798,10
explanation_stability_v1,2026-09-23 20:34:43,202,D1_creditcard,RANDOM_STRATIFIED_SAFE,xgboost,strict,False,283726,473,2.15035080909729,226980,378,V21,0.0191341433674097,0.0191341430555586,11
explanation_stability_v1,2026-09-23 20:34:43,202,D1_creditcard,RANDOM_STRATIFIED_SAFE,xgboost,strict,False,283726,473,2.15035080909729,226980,378,V1,0.0180170889943838,0.0180170887007386,12
explanation_stability_v1,2026-09-23 20:34:43,202,D1_creditcard,RANDOM_STRATIFIED_SAFE,xgboost,strict,False,283726,473,2.15035080909729,226980,378,V7,0.0172226224094629,0.0172226221287661,13
explanation_stability_v1,2026-09-23 20:34:43,202,D1_creditcard,RANDOM_STRATIFIED_SAFE,xgboost,strict,False,283726,473,2.15035080909729,226980,378,V13,0.0167091339826583,0.0167091337103305,14
explanation_stability_v1,2026-09-23 20:34:43,202,D1_creditcard,RANDOM_STRATIFIED_SAFE,xgboost,strict,False,283726,473,2.15035080909729,226980,378,V5,0.0150948464870452,0.0150948462410272,15
explanation_stability_v1,2026-09-23 20:34:43,202,D1_creditcard,RANDOM_STRATIFIED_SAFE,xgboost,strict,False,283726,473,2.15035080909729,226980,378,V28,0.0144437104463577,0.014443710210952,16
explanation_stability_v1,2026-09-23 20:34:43,202,D1_creditcard,RANDOM_STRATIFIED_SAFE,xgboost,strict,False,283726,473,2.15035080909729,226980,378,V3,0.0141299543902277,0.0141299541599357,17
explanation_stability_v1,2026-09-23 20:34:43,202,D1_creditcard,RANDOM_STRATIFIED_SAFE,xgboost,strict,False,283726,473,2.15035080909729,226980,378,V26,0.0129357315599918,0.0129357313491634,18
explanation_stability_v1,2026-09-23 20:34:43,202,D1_creditcard,RANDOM_STRATIFIED_SAFE,xgboost,strict,False,283726,473,2.15035080909729,226980,378,V6,0.012781698256731,0.012781698048413,19
explanation_stability_v1,2026-09-23 20:34:43,202,D1_creditcard,RANDOM_STRATIFIED_SAFE,xgboost,strict,False,283726,473,2.15035080909729,226980,378,V23,0.0126887755468487,0.0126887753400452,20
explanation_stability_v1,2026-09-23 20:34:43,202,D1_creditcard,RANDOM_STRATIFIED_SAFE,xgboost,strict,False,283726,473,2.15035080909729,226980,378,V9,0.0121911857277154,0.0121911855290217,21
explanation_stability_v1,2026-09-23 20:34:43,202,D1_creditcard,RANDOM_STRATIFIED_SAFE,xgboost,strict,False,283726,473,2.15035080909729,226980,378,V15,0.0121056325733661,0.0121056323760668,22
explanation_stability_v1,2026-09-23 20:34:43,202,D1_creditcard,RANDOM_STRATIFIED_SAFE,xgboost,strict,False,283726,473,2.15035080909729,226980,378,V18,0.0111604956910014,0.011160495509106,23
explanation_stability_v1,2026-09-23 20:34:43,202,D1_creditcard,RANDOM_STRATIFIED_SAFE,xgboost,strict,False,283726,473,2.15035080909729,226980,378,V22,0.0101091898977756,0.0101091897330146,24
explanation_stability_v1,2026-09-23 20:34:43,202,D1_creditcard,RANDOM_STRATIFIED_SAFE,xgboost,strict,False,283726,473,2.15035080909729,226980,378,V27,0.0093719670549035,0.0093719669021578,25
explanation_stability_v1,2026-09-23 20:34:43,202,D1_creditcard,RANDOM_STRATIFIED_SAFE,xgboost,strict,False,283726,473,2.15035080909729,226980,378,V25,0.0090631982311606,0.0090631980834473,26
explanation_stability_v1,2026-09-23 20:34:43,202,D1_creditcard,RANDOM_STRATIFIED_SAFE,xgboost,strict,False,283726,473,2.15035080909729,226980,378,V2,0.0087627144530415,0.0087627143102255,27
explanation_stability_v1,2026-09-23 20:34:43,202,D1_creditcard,RANDOM_STRATIFIED_SAFE,xgboost,strict,False,283726,473,2.15035080909729,226980,378,V24,0.0081676375120878,0.0081676373789704,28
explanation_stability_v1,2026-09-23 20:34:43,202,D1_creditcard,RANDOM_STRATIFIED_SAFE,xgboost,strict,False,283726,473,2.15035080909729,226980,378,V16,0.0070934700779616,0.0070934699623512,29
explanation_stability_v1,2026-09-23 20:37:07,202,D2_fraudTest,CHRONOLOGICAL_SAFE,lightgbm,strict,False,555719,2145,17.19243359565735,444575,1961,state,5902.0,0.1903870967741935,1
explanation_stability_v1,2026-09-23 20:37:07,202,D2_fraudTest,CHRONOLOGICAL_SAFE,lightgbm,strict,False,555719,2145,17.19243359565735,444575,1961,age_years,5674.0,0.1830322580645161,2
explanation_stability_v1,2026-09-23 20:37:07,202,D2_fraudTest,CHRONOLOGICAL_SAFE,lightgbm,strict,False,555719,2145,17.19243359565735,444575,1961,amt,4961.0,0.1600322580645161,3
explanation_stability_v1,2026-09-23 20:37:07,202,D2_fraudTest,CHRONOLOGICAL_SAFE,lightgbm,strict,False,555719,2145,17.19243359565735,444575,1961,category,4381.0,0.1413225806451613,4
explanation_stability_v1,2026-09-23 20:37:07,202,D2_fraudTest,CHRONOLOGICAL_SAFE,lightgbm,strict,False,555719,2145,17.19243359565735,444575,1961,city_pop,4201.0,0.135516129032258,5
explanation_stability_v1,2026-09-23 20:37:07,202,D2_fraudTest,CHRONOLOGICAL_SAFE,lightgbm,strict,False,555719,2145,17.19243359565735,444575,1961,trans_hour,2314.0,0.0746451612903225,6
explanation_stability_v1,2026-09-23 20:37:07,202,D2_fraudTest,CHRONOLOGICAL_SAFE,lightgbm,strict,False,555719,2145,17.19243359565735,444575,1961,trans_month,2156.0,0.0695483870967741,7
explanation_stability_v1,2026-09-23 20:37:07,202,D2_fraudTest,CHRONOLOGICAL_SAFE,lightgbm,strict,False,555719,2145,17.19243359565735,444575,1961,trans_dayofweek,1411.0,0.045516129032258,8
explanation_stability_v1,2026-09-23 20:36:38,202,D2_fraudTest,CHRONOLOGICAL_SAFE,xgboost,strict,False,555719,2145,1.9517645835876465,444575,1961,category,0.4895075531676411,0.4895076037713736,1
explanation_stability_v1,2026-09-23 20:36:38,202,D2_fraudTest,CHRONOLOGICAL_SAFE,xgboost,strict,False,555719,2145,1.9517645835876465,444575,1961,state,0.3120816787704825,0.312081711032493,2
explanation_stability_v1,2026-09-23 20:36:38,202,D2_fraudTest,CHRONOLOGICAL_SAFE,xgboost,strict,False,555719,2145,1.9517645835876465,444575,1961,amt,0.1276687979698181,0.127668811167812,3
explanation_stability_v1,2026-09-23 20:36:38,202,D2_fraudTest,CHRONOLOGICAL_SAFE,xgboost,strict,False,555719,2145,1.9517645835876465,444575,1961,trans_hour,0.0422944985330104,0.0422945029052811,4
explanation_stability_v1,2026-09-23 20:36:38,202,D2_fraudTest,CHRONOLOGICAL_SAFE,xgboost,strict,False,555719,2145,1.9517645835876465,444575,1961,age_years,0.0100766941905021,0.0100766952321987,5
explanation_stability_v1,2026-09-23 20:36:38,202,D2_fraudTest,CHRONOLOGICAL_SAFE,xgboost,strict,False,555719,2145,1.9517645835876465,444575,1961,city_pop,0.0074362331070005,0.0074362338757346,6
explanation_stability_v1,2026-09-23 20:36:38,202,D2_fraudTest,CHRONOLOGICAL_SAFE,xgboost,strict,False,555719,2145,1.9517645835876465,444575,1961,trans_dayofweek,0.005824486259371,0.0058244868614878,7
explanation_stability_v1,2026-09-23 20:36:38,202,D2_fraudTest,CHRONOLOGICAL_SAFE,xgboost,strict,False,555719,2145,1.9517645835876465,444575,1961,trans_month,0.0051099546253681,0.0051099551536189,8
explanation_stability_v1,2026-09-23 20:36:29,202,D2_fraudTest,RANDOM_STRATIFIED_SAFE,lightgbm,strict,False,555719,2145,20.1097195148468,444575,1716,state,5973.0,0.1926774193548387,1
explanation_stability_v1,2026-09-23 20:36:29,202,D2_fraudTest,RANDOM_STRATIFIED_SAFE,lightgbm,strict,False,555719,2145,20.1097195148468,444575,1716,age_years,5794.0,0.1869032258064516,2
explanation_stability_v1,2026-09-23 20:36:29,202,D2_fraudTest,RANDOM_STRATIFIED_SAFE,lightgbm,strict,False,555719,2145,20.1097195148468,444575,1716,amt,4789.0,0.1544838709677419,3
explanation_stability_v1,2026-09-23 20:36:29,202,D2_fraudTest,RANDOM_STRATIFIED_SAFE,lightgbm,strict,False,555719,2145,20.1097195148468,444575,1716,category,4244.0,0.1369032258064516,4
explanation_stability_v1,2026-09-23 20:36:29,202,D2_fraudTest,RANDOM_STRATIFIED_SAFE,lightgbm,strict,False,555719,2145,20.1097195148468,444575,1716,city_pop,4204.0,0.1356129032258064,5
explanation_stability_v1,2026-09-23 20:36:29,202,D2_fraudTest,RANDOM_STRATIFIED_SAFE,lightgbm,strict,False,555719,2145,20.1097195148468,444575,1716,trans_hour,2280.0,0.0735483870967741,6
explanation_stability_v1,2026-09-23 20:36:29,202,D2_fraudTest,RANDOM_STRATIFIED_SAFE,lightgbm,strict,False,555719,2145,20.1097195148468,444575,1716,trans_month,2207.0,0.0711935483870967,7
explanation_stability_v1,2026-09-23 20:36:29,202,D2_fraudTest,RANDOM_STRATIFIED_SAFE,lightgbm,strict,False,555719,2145,20.1097195148468,444575,1716,trans_dayofweek,1509.0,0.0486774193548387,8
explanation_stability_v1,2026-09-23 20:35:59,202,D2_fraudTest,RANDOM_STRATIFIED_SAFE,xgboost,strict,False,555719,2145,1.533128023147583,444575,1716,category,0.4606731692329049,0.4606732010887798,1
explanation_stability_v1,2026-09-23 20:35:59,202,D2_fraudTest,RANDOM_STRATIFIED_SAFE,xgboost,strict,False,555719,2145,1.533128023147583,444575,1716,state,0.3479060071986168,0.3479060312565629,2
explanation_stability_v1,2026-09-23 20:35:59,202,D2_fraudTest,RANDOM_STRATIFIED_SAFE,xgboost,strict,False,555719,2145,1.533128023147583,444575,1716,amt,0.1201572716236114,0.1201572799325716,3
explanation_stability_v1,2026-09-23 20:35:59,202,D2_fraudTest,RANDOM_STRATIFIED_SAFE,xgboost,strict,False,555719,2145,1.533128023147583,444575,1716,trans_hour,0.0405897349119186,0.0405897377187274,4
explanation_stability_v1,2026-09-23 20:35:59,202,D2_fraudTest,RANDOM_STRATIFIED_SAFE,xgboost,strict,False,555719,2145,1.533128023147583,444575,1716,age_years,0.0097829438745975,0.009782944551095,5
explanation_stability_v1,2026-09-23 20:35:59,202,D2_fraudTest,RANDOM_STRATIFIED_SAFE,xgboost,strict,False,555719,2145,1.533128023147583,444575,1716,city_pop,0.0078565487638115,0.0078565493070974,6
explanation_stability_v1,2026-09-23 20:35:59,202,D2_fraudTest,RANDOM_STRATIFIED_SAFE,xgboost,strict,False,555719,2145,1.533128023147583,444575,1716,trans_month,0.0065658008679747,0.0065658013220045,7
explanation_stability_v1,2026-09-23 20:35:59,202,D2_fraudTest,RANDOM_STRATIFIED_SAFE,xgboost,strict,False,555719,2145,1.533128023147583,444575,1716,trans_dayofweek,0.006468454375863,0.0064684548231612,8
explanation_stability_v1,2026-09-23 20:39:43,202,D3_PaySim,CHRONOLOGICAL_SAFE,lightgbm,strict,False,1000000,749,28.18958282470703,800000,625,amount,11729.0,0.3783548387096774,1
explanation_stability_v1,2026-09-23 20:39:43,202,D3_PaySim,CHRONOLOGICAL_SAFE,lightgbm,strict,False,1000000,749,28.18958282470703,800000,625,oldbalanceOrg,10640.0,0.3432258064516129,2
explanation_stability_v1,2026-09-23 20:39:43,202,D3_PaySim,CHRONOLOGICAL_SAFE,lightgbm,strict,False,1000000,749,28.18958282470703,800000,625,oldbalanceDest,6719.0,0.2167419354838709,3
explanation_stability_v1,2026-09-23 20:39:43,202,D3_PaySim,CHRONOLOGICAL_SAFE,lightgbm,strict,False,1000000,749,28.18958282470703,800000,625,type,1912.0,0.0616774193548387,4
explanation_stability_v1,2026-09-23 20:38:49,202,D3_PaySim,CHRONOLOGICAL_SAFE,xgboost,strict,False,1000000,749,2.075070142745972,800000,625,type,0.8326196386478841,0.8326196343829781,1
explanation_stability_v1,2026-09-23 20:38:49,202,D3_PaySim,CHRONOLOGICAL_SAFE,xgboost,strict,False,1000000,749,2.075070142745972,800000,625,oldbalanceOrg,0.0777501910924911,0.0777501906942333,2
explanation_stability_v1,2026-09-23 20:38:49,202,D3_PaySim,CHRONOLOGICAL_SAFE,xgboost,strict,False,1000000,749,2.075070142745972,800000,625,amount,0.0596096441149711,0.0596096438096342,3
explanation_stability_v1,2026-09-23 20:38:49,202,D3_PaySim,CHRONOLOGICAL_SAFE,xgboost,strict,False,1000000,749,2.075070142745972,800000,625,oldbalanceDest,0.0300205312669277,0.0300205311131543,4
explanation_stability_v1,2026-09-23 20:38:25,202,D3_PaySim,RANDOM_STRATIFIED_SAFE,lightgbm,strict,False,1000000,749,27.92999291419983,800000,599,amount,11840.0,0.3819354838709677,1
explanation_stability_v1,2026-09-23 20:38:25,202,D3_PaySim,RANDOM_STRATIFIED_SAFE,lightgbm,strict,False,1000000,749,27.92999291419983,800000,599,oldbalanceOrg,10674.0,0.3443225806451613,2
explanation_stability_v1,2026-09-23 20:38:25,202,D3_PaySim,RANDOM_STRATIFIED_SAFE,lightgbm,strict,False,1000000,749,27.92999291419983,800000,599,oldbalanceDest,6380.0,0.2058064516129032,3
explanation_stability_v1,2026-09-23 20:38:25,202,D3_PaySim,RANDOM_STRATIFIED_SAFE,lightgbm,strict,False,1000000,749,27.92999291419983,800000,599,type,2106.0,0.0679354838709677,4
explanation_stability_v1,2026-09-23 20:37:30,202,D3_PaySim,RANDOM_STRATIFIED_SAFE,xgboost,strict,False,1000000,749,2.0656025409698486,800000,599,type,0.8318971395492554,0.8318972123771328,1
explanation_stability_v1,2026-09-23 20:37:30,202,D3_PaySim,RANDOM_STRATIFIED_SAFE,xgboost,strict,False,1000000,749,2.0656025409698486,800000,599,oldbalanceOrg,0.076505534350872,0.0765055410484977,2
explanation_stability_v1,2026-09-23 20:37:30,202,D3_PaySim,RANDOM_STRATIFIED_SAFE,xgboost,strict,False,1000000,749,2.0656025409698486,800000,599,amount,0.0632658824324607,0.06326588797103,3
explanation_stability_v1,2026-09-23 20:37:30,202,D3_PaySim,RANDOM_STRATIFIED_SAFE,xgboost,strict,False,1000000,749,2.0656025409698486,800000,599,oldbalanceDest,0.0283313561230897,0.0283313586033393,4
explanation_stability_v1,2026-09-23 20:40:57,303,D1_creditcard,CHRONOLOGICAL_SAFE,lightgbm,strict,False,283726,473,21.730895280838013,226980,399,V4,1661.0,0.0568991504521786,1
explanation_stability_v1,2026-09-23 20:40:57,303,D1_creditcard,CHRONOLOGICAL_SAFE,lightgbm,strict,False,283726,473,21.730895280838013,226980,399,V14,1493.0,0.0511441490819402,2
explanation_stability_v1,2026-09-23 20:40:57,303,D1_creditcard,CHRONOLOGICAL_SAFE,lightgbm,strict,False,283726,473,21.730895280838013,226980,399,V12,1282.0,0.0439161414086051,3
explanation_stability_v1,2026-09-23 20:40:57,303,D1_creditcard,CHRONOLOGICAL_SAFE,lightgbm,strict,False,283726,473,21.730895280838013,226980,399,V26,1261.0,0.0431967662373252,4
explanation_stability_v1,2026-09-23 20:40:57,303,D1_creditcard,CHRONOLOGICAL_SAFE,lightgbm,strict,False,283726,473,21.730895280838013,226980,399,Amount,1215.0,0.0416209920526171,5
explanation_stability_v1,2026-09-23 20:40:57,303,D1_creditcard,CHRONOLOGICAL_SAFE,lightgbm,strict,False,283726,473,21.730895280838013,226980,399,V28,1131.0,0.0387434913674979,6
explanation_stability_v1,2026-09-23 20:40:57,303,D1_creditcard,CHRONOLOGICAL_SAFE,lightgbm,strict,False,283726,473,21.730895280838013,226980,399,V10,1074.0,0.0367909016168813,7
explanation_stability_v1,2026-09-23 20:40:57,303,D1_creditcard,CHRONOLOGICAL_SAFE,lightgbm,strict,False,283726,473,21.730895280838013,226980,399,V22,1074.0,0.0367909016168813,8
explanation_stability_v1,2026-09-23 20:40:57,303,D1_creditcard,CHRONOLOGICAL_SAFE,lightgbm,strict,False,283726,473,21.730895280838013,226980,399,V25,1058.0,0.0362428062482872,9
explanation_stability_v1,2026-09-23 20:40:57,303,D1_creditcard,CHRONOLOGICAL_SAFE,lightgbm,strict,False,283726,473,21.730895280838013,226980,399,V19,1057.0,0.03620855028775,10
explanation_stability_v1,2026-09-23 20:40:57,303,D1_creditcard,CHRONOLOGICAL_SAFE,lightgbm,strict,False,283726,473,21.730895280838013,226980,399,V13,1047.0,0.0358659906823787,11
explanation_stability_v1,2026-09-23 20:40:57,303,D1_creditcard,CHRONOLOGICAL_SAFE,lightgbm,strict,False,283726,473,21.730895280838013,226980,399,V24,1046.0,0.0358317347218416,12
explanation_stability_v1,2026-09-23 20:40:57,303,D1_creditcard,CHRONOLOGICAL_SAFE,lightgbm,strict,False,283726,473,21.730895280838013,226980,399,V11,989.0,0.0338791449712249,13
explanation_stability_v1,2026-09-23 20:40:57,303,D1_creditcard,CHRONOLOGICAL_SAFE,lightgbm,strict,False,283726,473,21.730895280838013,226980,399,V7,984.0,0.0337078651685393,14
explanation_stability_v1,2026-09-23 20:40:57,303,D1_creditcard,CHRONOLOGICAL_SAFE,lightgbm,strict,False,283726,473,21.730895280838013,226980,399,V8,957.0,0.0327829542340367,15
explanation_stability_v1,2026-09-23 20:40:57,303,D1_creditcard,CHRONOLOGICAL_SAFE,lightgbm,strict,False,283726,473,21.730895280838013,226980,399,V1,946.0,0.0324061386681282,16
explanation_stability_v1,2026-09-23 20:40:57,303,D1_creditcard,CHRONOLOGICAL_SAFE,lightgbm,strict,False,283726,473,21.730895280838013,226980,399,V3,941.0,0.0322348588654425,17
explanation_stability_v1,2026-09-23 20:40:57,303,D1_creditcard,CHRONOLOGICAL_SAFE,lightgbm,strict,False,283726,473,21.730895280838013,226980,399,V5,912.0,0.0312414360098657,18
explanation_stability_v1,2026-09-23 20:40:57,303,D1_creditcard,CHRONOLOGICAL_SAFE,lightgbm,strict,False,283726,473,21.730895280838013,226980,399,V23,909.0,0.0311386681282543,19
explanation_stability_v1,2026-09-23 20:40:57,303,D1_creditcard,CHRONOLOGICAL_SAFE,lightgbm,strict,False,283726,473,21.730895280838013,226980,399,V16,868.0,0.0297341737462318,20
explanation_stability_v1,2026-09-23 20:40:57,303,D1_creditcard,CHRONOLOGICAL_SAFE,lightgbm,strict,False,283726,473,21.730895280838013,226980,399,V27,856.0,0.0293231022197862,21
explanation_stability_v1,2026-09-23 20:40:57,303,D1_creditcard,CHRONOLOGICAL_SAFE,lightgbm,strict,False,283726,473,21.730895280838013,226980,399,V21,843.0,0.0288777747328035,22
explanation_stability_v1,2026-09-23 20:40:57,303,D1_creditcard,CHRONOLOGICAL_SAFE,lightgbm,strict,False,283726,473,21.730895280838013,226980,399,V15,826.0,0.0282954234036722,23
explanation_stability_v1,2026-09-23 20:40:57,303,D1_creditcard,CHRONOLOGICAL_SAFE,lightgbm,strict,False,283726,473,21.730895280838013,226980,399,V9,819.0,0.0280556316799123,24
explanation_stability_v1,2026-09-23 20:40:57,303,D1_creditcard,CHRONOLOGICAL_SAFE,lightgbm,strict,False,283726,473,21.730895280838013,226980,399,V18,818.0,0.0280213757193751,25
explanation_stability_v1,2026-09-23 20:40:57,303,D1_creditcard,CHRONOLOGICAL_SAFE,lightgbm,strict,False,283726,473,21.730895280838013,226980,399,V20,814.0,0.0278843518772266,26
explanation_stability_v1,2026-09-23 20:40:57,303,D1_creditcard,CHRONOLOGICAL_SAFE,lightgbm,strict,False,283726,473,21.730895280838013,226980,399,V6,803.0,0.0275075363113181,27
explanation_stability_v1,2026-09-23 20:40:57,303,D1_creditcard,CHRONOLOGICAL_SAFE,lightgbm,strict,False,283726,473,21.730895280838013,226980,399,V2,797.0,0.0273020005480953,28
explanation_stability_v1,2026-09-23 20:40:57,303,D1_creditcard,CHRONOLOGICAL_SAFE,lightgbm,strict,False,283726,473,21.730895280838013,226980,399,V17,711.0,0.0243559879419018,29
explanation_stability_v1,2026-09-23 20:40:27,303,D1_creditcard,CHRONOLOGICAL_SAFE,xgboost,strict,False,283726,473,2.137843608856201,226980,399,V14,0.3737545311450958,0.3737545490715273,1
explanation_stability_v1,2026-09-23 20:40:27,303,D1_creditcard,CHRONOLOGICAL_SAFE,xgboost,strict,False,283726,473,2.137843608856201,226980,399,V10,0.1110487207770347,0.1110487261032773,2
explanation_stability_v1,2026-09-23 20:40:27,303,D1_creditcard,CHRONOLOGICAL_SAFE,xgboost,strict,False,283726,473,2.137843608856201,226980,399,V17,0.0679165124893188,0.0679165157468063,3
explanation_stability_v1,2026-09-23 20:40:27,303,D1_creditcard,CHRONOLOGICAL_SAFE,xgboost,strict,False,283726,473,2.137843608856201,226980,399,V4,0.0634890496730804,0.063489052718213,4
explanation_stability_v1,2026-09-23 20:40:27,303,D1_creditcard,CHRONOLOGICAL_SAFE,xgboost,strict,False,283726,473,2.137843608856201,226980,399,V8,0.0372736677527427,0.0372736695405039,5
explanation_stability_v1,2026-09-23 20:40:27,303,D1_creditcard,CHRONOLOGICAL_SAFE,xgboost,strict,False,283726,473,2.137843608856201,226980,399,V20,0.0288823507726192,0.0288823521579067,6
explanation_stability_v1,2026-09-23 20:40:27,303,D1_creditcard,CHRONOLOGICAL_SAFE,xgboost,strict,False,283726,473,2.137843608856201,226980,399,V19,0.0256443843245506,0.0256443855545351,7
explanation_stability_v1,2026-09-23 20:40:27,303,D1_creditcard,CHRONOLOGICAL_SAFE,xgboost,strict,False,283726,473,2.137843608856201,226980,399,V12,0.0247037075459957,0.0247037087308624,8
explanation_stability_v1,2026-09-23 20:40:27,303,D1_creditcard,CHRONOLOGICAL_SAFE,xgboost,strict,False,283726,473,2.137843608856201,226980,399,Amount,0.0213678199797868,0.021367821004654,9
explanation_stability_v1,2026-09-23 20:40:27,303,D1_creditcard,CHRONOLOGICAL_SAFE,xgboost,strict,False,283726,473,2.137843608856201,226980,399,V13,0.0200954023748636,0.0200954033387017,10
explanation_stability_v1,2026-09-23 20:40:27,303,D1_creditcard,CHRONOLOGICAL_SAFE,xgboost,strict,False,283726,473,2.137843608856201,226980,399,V15,0.017086487263441,0.0170864880829622,11
explanation_stability_v1,2026-09-23 20:40:27,303,D1_creditcard,CHRONOLOGICAL_SAFE,xgboost,strict,False,283726,473,2.137843608856201,226980,399,V23,0.0170539058744907,0.0170539066924491,12
explanation_stability_v1,2026-09-23 20:40:27,303,D1_creditcard,CHRONOLOGICAL_SAFE,xgboost,strict,False,283726,473,2.137843608856201,226980,399,V7,0.0162942931056022,0.0162942938871273,13
explanation_stability_v1,2026-09-23 20:40:27,303,D1_creditcard,CHRONOLOGICAL_SAFE,xgboost,strict,False,283726,473,2.137843608856201,226980,399,V1,0.0162804890424013,0.0162804898232642,14
explanation_stability_v1,2026-09-23 20:40:27,303,D1_creditcard,CHRONOLOGICAL_SAFE,xgboost,strict,False,283726,473,2.137843608856201,226980,399,V11,0.0159860514104366,0.0159860521771774,15
explanation_stability_v1,2026-09-23 20:40:27,303,D1_creditcard,CHRONOLOGICAL_SAFE,xgboost,strict,False,283726,473,2.137843608856201,226980,399,V26,0.013885386288166,0.0138853869541524,16
explanation_stability_v1,2026-09-23 20:40:27,303,D1_creditcard,CHRONOLOGICAL_SAFE,xgboost,strict,False,283726,473,2.137843608856201,226980,399,V21,0.01300317235291,0.0130031729765826,17
explanation_stability_v1,2026-09-23 20:40:27,303,D1_creditcard,CHRONOLOGICAL_SAFE,xgboost,strict,False,283726,473,2.137843608856201,226980,399,V22,0.0126217128708958,0.0126217134762725,18
explanation_stability_v1,2026-09-23 20:40:27,303,D1_creditcard,CHRONOLOGICAL_SAFE,xgboost,strict,False,283726,473,2.137843608856201,226980,399,V3,0.0121050598099827,0.0121050603905791,19
explanation_stability_v1,2026-09-23 20:40:27,303,D1_creditcard,CHRONOLOGICAL_SAFE,xgboost,strict,False,283726,473,2.137843608856201,226980,399,V25,0.0118898004293441,0.011889800999616,20
explanation_stability_v1,2026-09-23 20:40:27,303,D1_creditcard,CHRONOLOGICAL_SAFE,xgboost,strict,False,283726,473,2.137843608856201,226980,399,V2,0.0111947860568761,0.0111947865938129,21
explanation_stability_v1,2026-09-23 20:40:27,303,D1_creditcard,CHRONOLOGICAL_SAFE,xgboost,strict,False,283726,473,2.137843608856201,226980,399,V28,0.0110944835469126,0.0110944840790386,22
explanation_stability_v1,2026-09-23 20:40:27,303,D1_creditcard,CHRONOLOGICAL_SAFE,xgboost,strict,False,283726,473,2.137843608856201,226980,399,V27,0.0093790795654058,0.0093790800152557,23
explanation_stability_v1,2026-09-23 20:40:27,303,D1_creditcard,CHRONOLOGICAL_SAFE,xgboost,strict,False,283726,473,2.137843608856201,226980,399,V16,0.0093346023932099,0.0093346028409265,24
explanation_stability_v1,2026-09-23 20:40:27,303,D1_creditcard,CHRONOLOGICAL_SAFE,xgboost,strict,False,283726,473,2.137843608856201,226980,399,V9,0.0090369824320077,0.0090369828654496,25
explanation_stability_v1,2026-09-23 20:40:27,303,D1_creditcard,CHRONOLOGICAL_SAFE,xgboost,strict,False,283726,473,2.137843608856201,226980,399,V6,0.0082793487235903,0.0082793491206937,26
explanation_stability_v1,2026-09-23 20:40:27,303,D1_creditcard,CHRONOLOGICAL_SAFE,xgboost,strict,False,283726,473,2.137843608856201,226980,399,V18,0.0082470765337347,0.0082470769292902,27
explanation_stability_v1,2026-09-23 20:40:27,303,D1_creditcard,CHRONOLOGICAL_SAFE,xgboost,strict,False,283726,473,2.137843608856201,226980,399,V5,0.00754567515105,0.0075456755129641,28
explanation_stability_v1,2026-09-23 20:40:27,303,D1_creditcard,CHRONOLOGICAL_SAFE,xgboost,strict,False,283726,473,2.137843608856201,226980,399,V24,0.00550541235134,0.0055054126153967,29
explanation_stability_v1,2026-09-23 20:40:21,303,D1_creditcard,RANDOM_STRATIFIED_SAFE,lightgbm,strict,False,283726,473,23.69844341278076,226980,378,V4,1698.0,0.0590814196242171,1
explanation_stability_v1,2026-09-23 20:40:21,303,D1_creditcard,RANDOM_STRATIFIED_SAFE,lightgbm,strict,False,283726,473,23.69844341278076,226980,378,V14,1567.0,0.0545233124565066,2
explanation_stability_v1,2026-09-23 20:40:21,303,D1_creditcard,RANDOM_STRATIFIED_SAFE,lightgbm,strict,False,283726,473,23.69844341278076,226980,378,V28,1293.0,0.0449895615866388,3
explanation_stability_v1,2026-09-23 20:40:21,303,D1_creditcard,RANDOM_STRATIFIED_SAFE,lightgbm,strict,False,283726,473,23.69844341278076,226980,378,V12,1257.0,0.0437369519832985,4
explanation_stability_v1,2026-09-23 20:40:21,303,D1_creditcard,RANDOM_STRATIFIED_SAFE,lightgbm,strict,False,283726,473,23.69844341278076,226980,378,V11,1178.0,0.0409881697981906,5
explanation_stability_v1,2026-09-23 20:40:21,303,D1_creditcard,RANDOM_STRATIFIED_SAFE,lightgbm,strict,False,283726,473,23.69844341278076,226980,378,V7,1172.0,0.0407794015309672,6
explanation_stability_v1,2026-09-23 20:40:21,303,D1_creditcard,RANDOM_STRATIFIED_SAFE,lightgbm,strict,False,283726,473,23.69844341278076,226980,378,V26,1155.0,0.040187891440501,7
explanation_stability_v1,2026-09-23 20:40:21,303,D1_creditcard,RANDOM_STRATIFIED_SAFE,lightgbm,strict,False,283726,473,23.69844341278076,226980,378,Amount,1154.0,0.0401530967292971,8
explanation_stability_v1,2026-09-23 20:40:21,303,D1_creditcard,RANDOM_STRATIFIED_SAFE,lightgbm,strict,False,283726,473,23.69844341278076,226980,378,V13,1152.0,0.0400835073068893,9
explanation_stability_v1,2026-09-23 20:40:21,303,D1_creditcard,RANDOM_STRATIFIED_SAFE,lightgbm,strict,False,283726,473,23.69844341278076,226980,378,V24,1116.0,0.038830897703549,10
explanation_stability_v1,2026-09-23 20:40:21,303,D1_creditcard,RANDOM_STRATIFIED_SAFE,lightgbm,strict,False,283726,473,23.69844341278076,226980,378,V15,1001.0,0.0348295059151009,11
explanation_stability_v1,2026-09-23 20:40:21,303,D1_creditcard,RANDOM_STRATIFIED_SAFE,lightgbm,strict,False,283726,473,23.69844341278076,226980,378,V19,977.0,0.0339944328462073,12
explanation_stability_v1,2026-09-23 20:40:21,303,D1_creditcard,RANDOM_STRATIFIED_SAFE,lightgbm,strict,False,283726,473,23.69844341278076,226980,378,V8,935.0,0.0325330549756437,13
explanation_stability_v1,2026-09-23 20:40:21,303,D1_creditcard,RANDOM_STRATIFIED_SAFE,lightgbm,strict,False,283726,473,23.69844341278076,226980,378,V16,931.0,0.0323938761308281,14
explanation_stability_v1,2026-09-23 20:40:21,303,D1_creditcard,RANDOM_STRATIFIED_SAFE,lightgbm,strict,False,283726,473,23.69844341278076,226980,378,V27,922.0,0.032080723729993,15
explanation_stability_v1,2026-09-23 20:40:21,303,D1_creditcard,RANDOM_STRATIFIED_SAFE,lightgbm,strict,False,283726,473,23.69844341278076,226980,378,V10,918.0,0.0319415448851774,16
explanation_stability_v1,2026-09-23 20:40:21,303,D1_creditcard,RANDOM_STRATIFIED_SAFE,lightgbm,strict,False,283726,473,23.69844341278076,226980,378,V9,914.0,0.0318023660403618,17
explanation_stability_v1,2026-09-23 20:40:21,303,D1_creditcard,RANDOM_STRATIFIED_SAFE,lightgbm,strict,False,283726,473,23.69844341278076,226980,378,V25,891.0,0.0310020876826722,18
explanation_stability_v1,2026-09-23 20:40:21,303,D1_creditcard,RANDOM_STRATIFIED_SAFE,lightgbm,strict,False,283726,473,23.69844341278076,226980,378,V3,881.0,0.0306541405706332,19
explanation_stability_v1,2026-09-23 20:40:21,303,D1_creditcard,RANDOM_STRATIFIED_SAFE,lightgbm,strict,False,283726,473,23.69844341278076,226980,378,V22,866.0,0.0301322199025748,20
explanation_stability_v1,2026-09-23 20:40:21,303,D1_creditcard,RANDOM_STRATIFIED_SAFE,lightgbm,strict,False,283726,473,23.69844341278076,226980,378,V6,827.0,0.0287752261656228,21
explanation_stability_v1,2026-09-23 20:40:21,303,D1_creditcard,RANDOM_STRATIFIED_SAFE,lightgbm,strict,False,283726,473,23.69844341278076,226980,378,V18,819.0,0.0284968684759916,22
explanation_stability_v1,2026-09-23 20:40:21,303,D1_creditcard,RANDOM_STRATIFIED_SAFE,lightgbm,strict,False,283726,473,23.69844341278076,226980,378,V21,787.0,0.0273834377174669,23
explanation_stability_v1,2026-09-23 20:40:21,303,D1_creditcard,RANDOM_STRATIFIED_SAFE,lightgbm,strict,False,283726,473,23.69844341278076,226980,378,V23,766.0,0.0266527487821851,24
explanation_stability_v1,2026-09-23 20:40:21,303,D1_creditcard,RANDOM_STRATIFIED_SAFE,lightgbm,strict,False,283726,473,23.69844341278076,226980,378,V5,751.0,0.0261308281141266,25
explanation_stability_v1,2026-09-23 20:40:21,303,D1_creditcard,RANDOM_STRATIFIED_SAFE,lightgbm,strict,False,283726,473,23.69844341278076,226980,378,V1,719.0,0.0250173973556019,26
explanation_stability_v1,2026-09-23 20:40:21,303,D1_creditcard,RANDOM_STRATIFIED_SAFE,lightgbm,strict,False,283726,473,23.69844341278076,226980,378,V2,706.0,0.0245650661099512,27
explanation_stability_v1,2026-09-23 20:40:21,303,D1_creditcard,RANDOM_STRATIFIED_SAFE,lightgbm,strict,False,283726,473,23.69844341278076,226980,378,V20,703.0,0.0244606819763395,28
explanation_stability_v1,2026-09-23 20:40:21,303,D1_creditcard,RANDOM_STRATIFIED_SAFE,lightgbm,strict,False,283726,473,23.69844341278076,226980,378,V17,684.0,0.0237995824634655,29
explanation_stability_v1,2026-09-23 20:39:51,303,D1_creditcard,RANDOM_STRATIFIED_SAFE,xgboost,strict,False,283726,473,2.9116642475128174,226980,378,V14,0.3965171873569488,0.3965171868030207,1
explanation_stability_v1,2026-09-23 20:39:51,303,D1_creditcard,RANDOM_STRATIFIED_SAFE,xgboost,strict,False,283726,473,2.9116642475128174,226980,378,V10,0.1116726174950599,0.1116726173390551,2
explanation_stability_v1,2026-09-23 20:39:51,303,D1_creditcard,RANDOM_STRATIFIED_SAFE,xgboost,strict,False,283726,473,2.9116642475128174,226980,378,V11,0.0574572719633579,0.057457271883091,3
explanation_stability_v1,2026-09-23 20:39:51,303,D1_creditcard,RANDOM_STRATIFIED_SAFE,xgboost,strict,False,283726,473,2.9116642475128174,226980,378,V4,0.0510761998593807,0.0510761997880281,4
explanation_stability_v1,2026-09-23 20:39:51,303,D1_creditcard,RANDOM_STRATIFIED_SAFE,xgboost,strict,False,283726,473,2.9116642475128174,226980,378,V20,0.0324620492756366,0.0324620492302877,5
explanation_stability_v1,2026-09-23 20:39:51,303,D1_creditcard,RANDOM_STRATIFIED_SAFE,xgboost,strict,False,283726,473,2.9116642475128174,226980,378,V12,0.0307370256632566,0.0307370256203175,6
explanation_stability_v1,2026-09-23 20:39:51,303,D1_creditcard,RANDOM_STRATIFIED_SAFE,xgboost,strict,False,283726,473,2.9116642475128174,226980,378,V8,0.0278944950550794,0.0278944950161113,7
explanation_stability_v1,2026-09-23 20:39:51,303,D1_creditcard,RANDOM_STRATIFIED_SAFE,xgboost,strict,False,283726,473,2.9116642475128174,226980,378,Amount,0.0227131266146898,0.0227131265829599,8
explanation_stability_v1,2026-09-23 20:39:51,303,D1_creditcard,RANDOM_STRATIFIED_SAFE,xgboost,strict,False,283726,473,2.9116642475128174,226980,378,V17,0.0202201921492815,0.0202201921210342,9
explanation_stability_v1,2026-09-23 20:39:51,303,D1_creditcard,RANDOM_STRATIFIED_SAFE,xgboost,strict,False,283726,473,2.9116642475128174,226980,378,V13,0.0183943565934896,0.018394356567793,10
explanation_stability_v1,2026-09-23 20:39:51,303,D1_creditcard,RANDOM_STRATIFIED_SAFE,xgboost,strict,False,283726,473,2.9116642475128174,226980,378,V21,0.0182029511779546,0.0182029511525254,11
explanation_stability_v1,2026-09-23 20:39:51,303,D1_creditcard,RANDOM_STRATIFIED_SAFE,xgboost,strict,False,283726,473,2.9116642475128174,226980,378,V23,0.0179388131946325,0.0179388131695723,12
explanation_stability_v1,2026-09-23 20:39:51,303,D1_creditcard,RANDOM_STRATIFIED_SAFE,xgboost,strict,False,283726,473,2.9116642475128174,226980,378,V3,0.0155836343765258,0.0155836343547557,13
explanation_stability_v1,2026-09-23 20:39:51,303,D1_creditcard,RANDOM_STRATIFIED_SAFE,xgboost,strict,False,283726,473,2.9116642475128174,226980,378,V19,0.0155168771743774,0.0155168771527006,14
explanation_stability_v1,2026-09-23 20:39:51,303,D1_creditcard,RANDOM_STRATIFIED_SAFE,xgboost,strict,False,283726,473,2.9116642475128174,226980,378,V28,0.0152321271598339,0.0152321271385548,15
explanation_stability_v1,2026-09-23 20:39:51,303,D1_creditcard,RANDOM_STRATIFIED_SAFE,xgboost,strict,False,283726,473,2.9116642475128174,226980,378,V27,0.0146314278244972,0.0146314278040573,16
explanation_stability_v1,2026-09-23 20:39:51,303,D1_creditcard,RANDOM_STRATIFIED_SAFE,xgboost,strict,False,283726,473,2.9116642475128174,226980,378,V7,0.0146081931889057,0.0146081931684983,17
explanation_stability_v1,2026-09-23 20:39:51,303,D1_creditcard,RANDOM_STRATIFIED_SAFE,xgboost,strict,False,283726,473,2.9116642475128174,226980,378,V15,0.0136998081579804,0.013699808138842,18
explanation_stability_v1,2026-09-23 20:39:51,303,D1_creditcard,RANDOM_STRATIFIED_SAFE,xgboost,strict,False,283726,473,2.9116642475128174,226980,378,V26,0.0132335750386118,0.0132335750201247,19
explanation_stability_v1,2026-09-23 20:39:51,303,D1_creditcard,RANDOM_STRATIFIED_SAFE,xgboost,strict,False,283726,473,2.9116642475128174,226980,378,V1,0.0118194790557026,0.011819479039191,20
explanation_stability_v1,2026-09-23 20:39:51,303,D1_creditcard,RANDOM_STRATIFIED_SAFE,xgboost,strict,False,283726,473,2.9116642475128174,226980,378,V5,0.0112368268892169,0.0112368268735192,21
explanation_stability_v1,2026-09-23 20:39:51,303,D1_creditcard,RANDOM_STRATIFIED_SAFE,xgboost,strict,False,283726,473,2.9116642475128174,226980,378,V18,0.0112135773524641,0.011213577336799,22
explanation_stability_v1,2026-09-23 20:39:51,303,D1_creditcard,RANDOM_STRATIFIED_SAFE,xgboost,strict,False,283726,473,2.9116642475128174,226980,378,V16,0.0104275690391659,0.0104275690245988,23
explanation_stability_v1,2026-09-23 20:39:51,303,D1_creditcard,RANDOM_STRATIFIED_SAFE,xgboost,strict,False,283726,473,2.9116642475128174,226980,378,V25,0.0097784716635942,0.0097784716499338,24
explanation_stability_v1,2026-09-23 20:39:51,303,D1_creditcard,RANDOM_STRATIFIED_SAFE,xgboost,strict,False,283726,473,2.9116642475128174,226980,378,V6,0.0091222086921334,0.0091222086793898,25
explanation_stability_v1,2026-09-23 20:39:51,303,D1_creditcard,RANDOM_STRATIFIED_SAFE,xgboost,strict,False,283726,473,2.9116642475128174,226980,378,V9,0.0086622908711433,0.0086622908590422,26
explanation_stability_v1,2026-09-23 20:39:51,303,D1_creditcard,RANDOM_STRATIFIED_SAFE,xgboost,strict,False,283726,473,2.9116642475128174,226980,378,V22,0.0083382567390799,0.0083382567274315,27
explanation_stability_v1,2026-09-23 20:39:51,303,D1_creditcard,RANDOM_STRATIFIED_SAFE,xgboost,strict,False,283726,473,2.9116642475128174,226980,378,V2,0.0072149238549172,0.0072149238448381,28
explanation_stability_v1,2026-09-23 20:39:51,303,D1_creditcard,RANDOM_STRATIFIED_SAFE,xgboost,strict,False,283726,473,2.9116642475128174,226980,378,V24,0.0043944679200649,0.0043944679139259,29
explanation_stability_v1,2026-09-23 20:42:13,303,D2_fraudTest,CHRONOLOGICAL_SAFE,lightgbm,strict,False,555719,2145,19.489316940307617,444575,1961,age_years,5760.0,0.1858064516129032,1
explanation_stability_v1,2026-09-23 20:42:13,303,D2_fraudTest,CHRONOLOGICAL_SAFE,lightgbm,strict,False,555719,2145,19.489316940307617,444575,1961,state,5711.0,0.1842258064516129,2
explanation_stability_v1,2026-09-23 20:42:13,303,D2_fraudTest,CHRONOLOGICAL_SAFE,lightgbm,strict,False,555719,2145,19.489316940307617,444575,1961,amt,4773.0,0.1539677419354838,3
explanation_stability_v1,2026-09-23 20:42:13,303,D2_fraudTest,CHRONOLOGICAL_SAFE,lightgbm,strict,False,555719,2145,19.489316940307617,444575,1961,category,4252.0,0.1371612903225806,4
explanation_stability_v1,2026-09-23 20:42:13,303,D2_fraudTest,CHRONOLOGICAL_SAFE,lightgbm,strict,False,555719,2145,19.489316940307617,444575,1961,city_pop,4246.0,0.1369677419354838,5
explanation_stability_v1,2026-09-23 20:42:13,303,D2_fraudTest,CHRONOLOGICAL_SAFE,lightgbm,strict,False,555719,2145,19.489316940307617,444575,1961,trans_hour,2348.0,0.0757419354838709,6
explanation_stability_v1,2026-09-23 20:42:13,303,D2_fraudTest,CHRONOLOGICAL_SAFE,lightgbm,strict,False,555719,2145,19.489316940307617,444575,1961,trans_month,2316.0,0.0747096774193548,7
explanation_stability_v1,2026-09-23 20:42:13,303,D2_fraudTest,CHRONOLOGICAL_SAFE,lightgbm,strict,False,555719,2145,19.489316940307617,444575,1961,trans_dayofweek,1594.0,0.0514193548387096,8
explanation_stability_v1,2026-09-23 20:41:44,303,D2_fraudTest,CHRONOLOGICAL_SAFE,xgboost,strict,False,555719,2145,1.581874132156372,444575,1961,category,0.4961980674415827,0.4961981186791941,1
explanation_stability_v1,2026-09-23 20:41:44,303,D2_fraudTest,CHRONOLOGICAL_SAFE,xgboost,strict,False,555719,2145,1.581874132156372,444575,1961,state,0.3106482803123072,0.3106483123899732,2
explanation_stability_v1,2026-09-23 20:41:44,303,D2_fraudTest,CHRONOLOGICAL_SAFE,xgboost,strict,False,555719,2145,1.581874132156372,444575,1961,amt,0.1178568601608276,0.1178568723307743,3
explanation_stability_v1,2026-09-23 20:41:44,303,D2_fraudTest,CHRONOLOGICAL_SAFE,xgboost,strict,False,555719,2145,1.581874132156372,444575,1961,trans_hour,0.046883326023817,0.0468833308650081,4
explanation_stability_v1,2026-09-23 20:41:44,303,D2_fraudTest,CHRONOLOGICAL_SAFE,xgboost,strict,False,555719,2145,1.581874132156372,444575,1961,age_years,0.0105909453704953,0.0105909464641205,5
explanation_stability_v1,2026-09-23 20:41:44,303,D2_fraudTest,CHRONOLOGICAL_SAFE,xgboost,strict,False,555719,2145,1.581874132156372,444575,1961,city_pop,0.0075176660902798,0.007517666866557,6
explanation_stability_v1,2026-09-23 20:41:44,303,D2_fraudTest,CHRONOLOGICAL_SAFE,xgboost,strict,False,555719,2145,1.581874132156372,444575,1961,trans_dayofweek,0.0053653824143111,0.0053653829683427,7
explanation_stability_v1,2026-09-23 20:41:44,303,D2_fraudTest,CHRONOLOGICAL_SAFE,xgboost,strict,False,555719,2145,1.581874132156372,444575,1961,trans_month,0.0049393689259886,0.0049393694360298,8
explanation_stability_v1,2026-09-23 20:41:35,303,D2_fraudTest,RANDOM_STRATIFIED_SAFE,lightgbm,strict,False,555719,2145,17.40857434272766,444575,1716,state,5928.0,0.1912258064516129,1
explanation_stability_v1,2026-09-23 20:41:35,303,D2_fraudTest,RANDOM_STRATIFIED_SAFE,lightgbm,strict,False,555719,2145,17.40857434272766,444575,1716,age_years,5746.0,0.1853548387096774,2
explanation_stability_v1,2026-09-23 20:41:35,303,D2_fraudTest,RANDOM_STRATIFIED_SAFE,lightgbm,strict,False,555719,2145,17.40857434272766,444575,1716,amt,4634.0,0.1494838709677419,3
explanation_stability_v1,2026-09-23 20:41:35,303,D2_fraudTest,RANDOM_STRATIFIED_SAFE,lightgbm,strict,False,555719,2145,17.40857434272766,444575,1716,category,4281.0,0.1380967741935483,4
explanation_stability_v1,2026-09-23 20:41:35,303,D2_fraudTest,RANDOM_STRATIFIED_SAFE,lightgbm,strict,False,555719,2145,17.40857434272766,444575,1716,city_pop,4267.0,0.1376451612903226,5
explanation_stability_v1,2026-09-23 20:41:35,303,D2_fraudTest,RANDOM_STRATIFIED_SAFE,lightgbm,strict,False,555719,2145,17.40857434272766,444575,1716,trans_hour,2529.0,0.0815806451612903,6
explanation_stability_v1,2026-09-23 20:41:35,303,D2_fraudTest,RANDOM_STRATIFIED_SAFE,lightgbm,strict,False,555719,2145,17.40857434272766,444575,1716,trans_month,2065.0,0.0666129032258064,7
explanation_stability_v1,2026-09-23 20:41:35,303,D2_fraudTest,RANDOM_STRATIFIED_SAFE,lightgbm,strict,False,555719,2145,17.40857434272766,444575,1716,trans_dayofweek,1550.0,0.05,8
explanation_stability_v1,2026-09-23 20:41:06,303,D2_fraudTest,RANDOM_STRATIFIED_SAFE,xgboost,strict,False,555719,2145,1.5989205837249756,444575,1716,category,0.4668009439483285,0.4668009412855322,1
explanation_stability_v1,2026-09-23 20:41:06,303,D2_fraudTest,RANDOM_STRATIFIED_SAFE,xgboost,strict,False,555719,2145,1.5989205837249756,444575,1716,state,0.338342381757684,0.3383423798276604,2
explanation_stability_v1,2026-09-23 20:41:06,303,D2_fraudTest,RANDOM_STRATIFIED_SAFE,xgboost,strict,False,555719,2145,1.5989205837249756,444575,1716,amt,0.1172453239560127,0.1172453232872042,3
explanation_stability_v1,2026-09-23 20:41:06,303,D2_fraudTest,RANDOM_STRATIFIED_SAFE,xgboost,strict,False,555719,2145,1.5989205837249756,444575,1716,trans_hour,0.04641929641366,0.0464192961488681,4
explanation_stability_v1,2026-09-23 20:41:06,303,D2_fraudTest,RANDOM_STRATIFIED_SAFE,xgboost,strict,False,555719,2145,1.5989205837249756,444575,1716,age_years,0.0105162011459469,0.0105162010859588,5
explanation_stability_v1,2026-09-23 20:41:06,303,D2_fraudTest,RANDOM_STRATIFIED_SAFE,xgboost,strict,False,555719,2145,1.5989205837249756,444575,1716,city_pop,0.0081433802843093,0.0081433802378566,6
explanation_stability_v1,2026-09-23 20:41:06,303,D2_fraudTest,RANDOM_STRATIFIED_SAFE,xgboost,strict,False,555719,2145,1.5989205837249756,444575,1716,trans_month,0.0067856512032449,0.0067856511645371,7
explanation_stability_v1,2026-09-23 20:41:06,303,D2_fraudTest,RANDOM_STRATIFIED_SAFE,xgboost,strict,False,555719,2145,1.5989205837249756,444575,1716,trans_dayofweek,0.0057468269951641,0.0057468269623822,8
explanation_stability_v1,2026-09-23 20:44:49,303,D3_PaySim,CHRONOLOGICAL_SAFE,lightgbm,strict,False,1000000,749,26.20284390449524,800000,625,amount,11858.0,0.382516129032258,1
explanation_stability_v1,2026-09-23 20:44:49,303,D3_PaySim,CHRONOLOGICAL_SAFE,lightgbm,strict,False,1000000,749,26.20284390449524,800000,625,oldbalanceOrg,10501.0,0.338741935483871,2
explanation_stability_v1,2026-09-23 20:44:49,303,D3_PaySim,CHRONOLOGICAL_SAFE,lightgbm,strict,False,1000000,749,26.20284390449524,800000,625,oldbalanceDest,6559.0,0.2115806451612903,3
explanation_stability_v1,2026-09-23 20:44:49,303,D3_PaySim,CHRONOLOGICAL_SAFE,lightgbm,strict,False,1000000,749,26.20284390449524,800000,625,type,2082.0,0.0671612903225806,4
explanation_stability_v1,2026-09-23 20:43:57,303,D3_PaySim,CHRONOLOGICAL_SAFE,xgboost,strict,False,1000000,749,2.2157227993011475,800000,625,type,0.8297102898359299,0.8297102805631948,1
explanation_stability_v1,2026-09-23 20:43:57,303,D3_PaySim,CHRONOLOGICAL_SAFE,xgboost,strict,False,1000000,749,2.2157227993011475,800000,625,oldbalanceOrg,0.0855203047394752,0.0855203037837113,2
explanation_stability_v1,2026-09-23 20:43:57,303,D3_PaySim,CHRONOLOGICAL_SAFE,xgboost,strict,False,1000000,749,2.2157227993011475,800000,625,amount,0.0603192634880542,0.0603192628139339,3
explanation_stability_v1,2026-09-23 20:43:57,303,D3_PaySim,CHRONOLOGICAL_SAFE,xgboost,strict,False,1000000,749,2.2157227993011475,800000,625,oldbalanceDest,0.0244501531124115,0.0244501528391597,4
explanation_stability_v1,2026-09-23 20:43:34,303,D3_PaySim,RANDOM_STRATIFIED_SAFE,lightgbm,strict,False,1000000,749,31.44631004333496,800000,599,amount,11790.0,0.3803225806451613,1
explanation_stability_v1,2026-09-23 20:43:34,303,D3_PaySim,RANDOM_STRATIFIED_SAFE,lightgbm,strict,False,1000000,749,31.44631004333496,800000,599,oldbalanceOrg,10011.0,0.3229354838709677,2
explanation_stability_v1,2026-09-23 20:43:34,303,D3_PaySim,RANDOM_STRATIFIED_SAFE,lightgbm,strict,False,1000000,749,31.44631004333496,800000,599,oldbalanceDest,7058.0,0.2276774193548387,3
explanation_stability_v1,2026-09-23 20:43:34,303,D3_PaySim,RANDOM_STRATIFIED_SAFE,lightgbm,strict,False,1000000,749,31.44631004333496,800000,599,type,2141.0,0.0690645161290322,4
explanation_stability_v1,2026-09-23 20:42:37,303,D3_PaySim,RANDOM_STRATIFIED_SAFE,xgboost,strict,False,1000000,749,2.0782628059387207,800000,599,type,0.8377896584570408,0.8377896662595651,1
explanation_stability_v1,2026-09-23 20:42:37,303,D3_PaySim,RANDOM_STRATIFIED_SAFE,xgboost,strict,False,1000000,749,2.0782628059387207,800000,599,oldbalanceOrg,0.079614870250225,0.0796148709916963,2
explanation_stability_v1,2026-09-23 20:42:37,303,D3_PaySim,RANDOM_STRATIFIED_SAFE,xgboost,strict,False,1000000,749,2.0782628059387207,800000,599,amount,0.0574632883071899,0.0574632888423585,3
explanation_stability_v1,2026-09-23 20:42:37,303,D3_PaySim,RANDOM_STRATIFIED_SAFE,xgboost,strict,False,1000000,749,2.0782628059387207,800000,599,oldbalanceDest,0.0251321736723184,0.02513217390638,4
explanation_stability_v1,2026-09-23 20:46:03,404,D1_creditcard,CHRONOLOGICAL_SAFE,lightgbm,strict,False,283726,473,23.63636589050293,226980,399,V4,1672.0,0.0572328335729444,1
explanation_stability_v1,2026-09-23 20:46:03,404,D1_creditcard,CHRONOLOGICAL_SAFE,lightgbm,strict,False,283726,473,23.63636589050293,226980,399,V14,1433.0,0.0490518244677209,2
explanation_stability_v1,2026-09-23 20:46:03,404,D1_creditcard,CHRONOLOGICAL_SAFE,lightgbm,strict,False,283726,473,23.63636589050293,226980,399,V12,1250.0,0.0427877045252276,3
explanation_stability_v1,2026-09-23 20:46:03,404,D1_creditcard,CHRONOLOGICAL_SAFE,lightgbm,strict,False,283726,473,23.63636589050293,226980,399,V26,1225.0,0.041931950434723,4
explanation_stability_v1,2026-09-23 20:46:03,404,D1_creditcard,CHRONOLOGICAL_SAFE,lightgbm,strict,False,283726,473,23.63636589050293,226980,399,V28,1179.0,0.0403573629081947,5
explanation_stability_v1,2026-09-23 20:46:03,404,D1_creditcard,CHRONOLOGICAL_SAFE,lightgbm,strict,False,283726,473,23.63636589050293,226980,399,Amount,1161.0,0.0397412199630314,6
explanation_stability_v1,2026-09-23 20:46:03,404,D1_creditcard,CHRONOLOGICAL_SAFE,lightgbm,strict,False,283726,473,23.63636589050293,226980,399,V10,1156.0,0.0395700691449305,7
explanation_stability_v1,2026-09-23 20:46:03,404,D1_creditcard,CHRONOLOGICAL_SAFE,lightgbm,strict,False,283726,473,23.63636589050293,226980,399,V22,1140.0,0.0390223865270075,8
explanation_stability_v1,2026-09-23 20:46:03,404,D1_creditcard,CHRONOLOGICAL_SAFE,lightgbm,strict,False,283726,473,23.63636589050293,226980,399,V7,1063.0,0.0363866639282535,9
explanation_stability_v1,2026-09-23 20:46:03,404,D1_creditcard,CHRONOLOGICAL_SAFE,lightgbm,strict,False,283726,473,23.63636589050293,226980,399,V11,1053.0,0.0360443622920517,10
explanation_stability_v1,2026-09-23 20:46:03,404,D1_creditcard,CHRONOLOGICAL_SAFE,lightgbm,strict,False,283726,473,23.63636589050293,226980,399,V13,1038.0,0.035530909837749,11
explanation_stability_v1,2026-09-23 20:46:03,404,D1_creditcard,CHRONOLOGICAL_SAFE,lightgbm,strict,False,283726,473,23.63636589050293,226980,399,V19,1017.0,0.0348120764017252,12
explanation_stability_v1,2026-09-23 20:46:03,404,D1_creditcard,CHRONOLOGICAL_SAFE,lightgbm,strict,False,283726,473,23.63636589050293,226980,399,V1,1014.0,0.0347093859108646,13
explanation_stability_v1,2026-09-23 20:46:03,404,D1_creditcard,CHRONOLOGICAL_SAFE,lightgbm,strict,False,283726,473,23.63636589050293,226980,399,V8,992.0,0.0339563223112206,14
explanation_stability_v1,2026-09-23 20:46:03,404,D1_creditcard,CHRONOLOGICAL_SAFE,lightgbm,strict,False,283726,473,23.63636589050293,226980,399,V3,958.0,0.0327924967481344,15
explanation_stability_v1,2026-09-23 20:46:03,404,D1_creditcard,CHRONOLOGICAL_SAFE,lightgbm,strict,False,283726,473,23.63636589050293,226980,399,V24,954.0,0.0326555760936537,16
explanation_stability_v1,2026-09-23 20:46:03,404,D1_creditcard,CHRONOLOGICAL_SAFE,lightgbm,strict,False,283726,473,23.63636589050293,226980,399,V25,942.0,0.0322448141302115,17
explanation_stability_v1,2026-09-23 20:46:03,404,D1_creditcard,CHRONOLOGICAL_SAFE,lightgbm,strict,False,283726,473,23.63636589050293,226980,399,V5,932.0,0.0319025124940097,18
explanation_stability_v1,2026-09-23 20:46:03,404,D1_creditcard,CHRONOLOGICAL_SAFE,lightgbm,strict,False,283726,473,23.63636589050293,226980,399,V15,893.0,0.0305675361128226,19
explanation_stability_v1,2026-09-23 20:46:03,404,D1_creditcard,CHRONOLOGICAL_SAFE,lightgbm,strict,False,283726,473,23.63636589050293,226980,399,V20,886.0,0.0303279249674813,20
explanation_stability_v1,2026-09-23 20:46:03,404,D1_creditcard,CHRONOLOGICAL_SAFE,lightgbm,strict,False,283726,473,23.63636589050293,226980,399,V23,861.0,0.0294721708769767,21
explanation_stability_v1,2026-09-23 20:46:03,404,D1_creditcard,CHRONOLOGICAL_SAFE,lightgbm,strict,False,283726,473,23.63636589050293,226980,399,V16,841.0,0.0287875676045731,22
explanation_stability_v1,2026-09-23 20:46:03,404,D1_creditcard,CHRONOLOGICAL_SAFE,lightgbm,strict,False,283726,473,23.63636589050293,226980,399,V21,821.0,0.0281029643321695,23
explanation_stability_v1,2026-09-23 20:46:03,404,D1_creditcard,CHRONOLOGICAL_SAFE,lightgbm,strict,False,283726,473,23.63636589050293,226980,399,V17,815.0,0.0278975833504484,24
explanation_stability_v1,2026-09-23 20:46:03,404,D1_creditcard,CHRONOLOGICAL_SAFE,lightgbm,strict,False,283726,473,23.63636589050293,226980,399,V18,800.0,0.0273841308961456,25
explanation_stability_v1,2026-09-23 20:46:03,404,D1_creditcard,CHRONOLOGICAL_SAFE,lightgbm,strict,False,283726,473,23.63636589050293,226980,399,V2,785.0,0.0268706784418429,26
explanation_stability_v1,2026-09-23 20:46:03,404,D1_creditcard,CHRONOLOGICAL_SAFE,lightgbm,strict,False,283726,473,23.63636589050293,226980,399,V6,782.0,0.0267679879509824,27
explanation_stability_v1,2026-09-23 20:46:03,404,D1_creditcard,CHRONOLOGICAL_SAFE,lightgbm,strict,False,283726,473,23.63636589050293,226980,399,V27,777.0,0.0265968371328814,28
explanation_stability_v1,2026-09-23 20:46:03,404,D1_creditcard,CHRONOLOGICAL_SAFE,lightgbm,strict,False,283726,473,23.63636589050293,226980,399,V9,774.0,0.0264941466420209,29
explanation_stability_v1,2026-09-23 20:45:33,404,D1_creditcard,CHRONOLOGICAL_SAFE,xgboost,strict,False,283726,473,2.113879680633545,226980,399,V14,0.3770005404949188,0.3770004788752794,1
explanation_stability_v1,2026-09-23 20:45:33,404,D1_creditcard,CHRONOLOGICAL_SAFE,xgboost,strict,False,283726,473,2.113879680633545,226980,399,V10,0.0915045365691185,0.0915045216129687,2
explanation_stability_v1,2026-09-23 20:45:33,404,D1_creditcard,CHRONOLOGICAL_SAFE,xgboost,strict,False,283726,473,2.113879680633545,226980,399,V4,0.0618295446038246,0.0618295344979657,3
explanation_stability_v1,2026-09-23 20:45:33,404,D1_creditcard,CHRONOLOGICAL_SAFE,xgboost,strict,False,283726,473,2.113879680633545,226980,399,V12,0.0546429306268692,0.0546429216956414,4
explanation_stability_v1,2026-09-23 20:45:33,404,D1_creditcard,CHRONOLOGICAL_SAFE,xgboost,strict,False,283726,473,2.113879680633545,226980,399,V11,0.0508920662105083,0.0508920578923484,5
explanation_stability_v1,2026-09-23 20:45:33,404,D1_creditcard,CHRONOLOGICAL_SAFE,xgboost,strict,False,283726,473,2.113879680633545,226980,399,V20,0.03270198777318,0.0327019824281354,6
explanation_stability_v1,2026-09-23 20:45:33,404,D1_creditcard,CHRONOLOGICAL_SAFE,xgboost,strict,False,283726,473,2.113879680633545,226980,399,V8,0.0309749655425548,0.030974960479787,7
explanation_stability_v1,2026-09-23 20:45:33,404,D1_creditcard,CHRONOLOGICAL_SAFE,xgboost,strict,False,283726,473,2.113879680633545,226980,399,V13,0.0208351463079452,0.0208351429025013,8
explanation_stability_v1,2026-09-23 20:45:33,404,D1_creditcard,CHRONOLOGICAL_SAFE,xgboost,strict,False,283726,473,2.113879680633545,226980,399,V23,0.0199369806796312,0.0199369774209898,9
explanation_stability_v1,2026-09-23 20:45:33,404,D1_creditcard,CHRONOLOGICAL_SAFE,xgboost,strict,False,283726,473,2.113879680633545,226980,399,Amount,0.0190686993300914,0.0190686962133681,10
explanation_stability_v1,2026-09-23 20:45:33,404,D1_creditcard,CHRONOLOGICAL_SAFE,xgboost,strict,False,283726,473,2.113879680633545,226980,399,V19,0.0188423674553632,0.0188423643756332,11
explanation_stability_v1,2026-09-23 20:45:33,404,D1_creditcard,CHRONOLOGICAL_SAFE,xgboost,strict,False,283726,473,2.113879680633545,226980,399,V15,0.0157613363116979,0.0157613337355534,12
explanation_stability_v1,2026-09-23 20:45:33,404,D1_creditcard,CHRONOLOGICAL_SAFE,xgboost,strict,False,283726,473,2.113879680633545,226980,399,V21,0.0157508365809917,0.0157508340065634,13
explanation_stability_v1,2026-09-23 20:45:33,404,D1_creditcard,CHRONOLOGICAL_SAFE,xgboost,strict,False,283726,473,2.113879680633545,226980,399,V3,0.0155878793448209,0.0155878767970275,14
explanation_stability_v1,2026-09-23 20:45:33,404,D1_creditcard,CHRONOLOGICAL_SAFE,xgboost,strict,False,283726,473,2.113879680633545,226980,399,V7,0.0155850853770971,0.0155850828297603,15
explanation_stability_v1,2026-09-23 20:45:33,404,D1_creditcard,CHRONOLOGICAL_SAFE,xgboost,strict,False,283726,473,2.113879680633545,226980,399,V17,0.0147110717371106,0.0147110693326288,16
explanation_stability_v1,2026-09-23 20:45:33,404,D1_creditcard,CHRONOLOGICAL_SAFE,xgboost,strict,False,283726,473,2.113879680633545,226980,399,V1,0.014557828195393,0.0145578258159585,17
explanation_stability_v1,2026-09-23 20:45:33,404,D1_creditcard,CHRONOLOGICAL_SAFE,xgboost,strict,False,283726,473,2.113879680633545,226980,399,V28,0.0140800327062606,0.0140800304049203,18
explanation_stability_v1,2026-09-23 20:45:33,404,D1_creditcard,CHRONOLOGICAL_SAFE,xgboost,strict,False,283726,473,2.113879680633545,226980,399,V22,0.0135116009041666,0.0135115986957349,19
explanation_stability_v1,2026-09-23 20:45:33,404,D1_creditcard,CHRONOLOGICAL_SAFE,xgboost,strict,False,283726,473,2.113879680633545,226980,399,V16,0.0126988301053643,0.0126988280297775,20
explanation_stability_v1,2026-09-23 20:45:33,404,D1_creditcard,CHRONOLOGICAL_SAFE,xgboost,strict,False,283726,473,2.113879680633545,226980,399,V25,0.0120035242289304,0.0120035222669894,21
explanation_stability_v1,2026-09-23 20:45:33,404,D1_creditcard,CHRONOLOGICAL_SAFE,xgboost,strict,False,283726,473,2.113879680633545,226980,399,V26,0.0118353003636002,0.0118352984291549,22
explanation_stability_v1,2026-09-23 20:45:33,404,D1_creditcard,CHRONOLOGICAL_SAFE,xgboost,strict,False,283726,473,2.113879680633545,226980,399,V6,0.0114727029576897,0.0114727010825099,23
explanation_stability_v1,2026-09-23 20:45:33,404,D1_creditcard,CHRONOLOGICAL_SAFE,xgboost,strict,False,283726,473,2.113879680633545,226980,399,V9,0.0112891811877489,0.0112891793425651,24
explanation_stability_v1,2026-09-23 20:45:33,404,D1_creditcard,CHRONOLOGICAL_SAFE,xgboost,strict,False,283726,473,2.113879680633545,226980,399,V5,0.0102761620655655,0.0102761603859568,25
explanation_stability_v1,2026-09-23 20:45:33,404,D1_creditcard,CHRONOLOGICAL_SAFE,xgboost,strict,False,283726,473,2.113879680633545,226980,399,V27,0.0101483380421996,0.0101483363834833,26
explanation_stability_v1,2026-09-23 20:45:33,404,D1_creditcard,CHRONOLOGICAL_SAFE,xgboost,strict,False,283726,473,2.113879680633545,226980,399,V18,0.0091804470866918,0.0091804455861745,27
explanation_stability_v1,2026-09-23 20:45:33,404,D1_creditcard,CHRONOLOGICAL_SAFE,xgboost,strict,False,283726,473,2.113879680633545,226980,399,V2,0.0075415913015604,0.0075415900689092,28
explanation_stability_v1,2026-09-23 20:45:33,404,D1_creditcard,CHRONOLOGICAL_SAFE,xgboost,strict,False,283726,473,2.113879680633545,226980,399,V24,0.0057786493562161,0.0057786484117127,29
explanation_stability_v1,2026-09-23 20:45:26,404,D1_creditcard,RANDOM_STRATIFIED_SAFE,lightgbm,strict,False,283726,473,23.27223300933838,226980,378,V4,1625.0,0.0552777494302139,1
explanation_stability_v1,2026-09-23 20:45:26,404,D1_creditcard,RANDOM_STRATIFIED_SAFE,lightgbm,strict,False,283726,473,23.27223300933838,226980,378,V14,1586.0,0.0539510834438888,2
explanation_stability_v1,2026-09-23 20:45:26,404,D1_creditcard,RANDOM_STRATIFIED_SAFE,lightgbm,strict,False,283726,473,23.27223300933838,226980,378,Amount,1342.0,0.0456509167602136,3
explanation_stability_v1,2026-09-23 20:45:26,404,D1_creditcard,RANDOM_STRATIFIED_SAFE,lightgbm,strict,False,283726,473,23.27223300933838,226980,378,V26,1323.0,0.0450045923053372,4
explanation_stability_v1,2026-09-23 20:45:26,404,D1_creditcard,RANDOM_STRATIFIED_SAFE,lightgbm,strict,False,283726,473,23.27223300933838,226980,378,V13,1204.0,0.0409565601932169,5
explanation_stability_v1,2026-09-23 20:45:26,404,D1_creditcard,RANDOM_STRATIFIED_SAFE,lightgbm,strict,False,283726,473,23.27223300933838,226980,378,V12,1201.0,0.0408545089634996,6
explanation_stability_v1,2026-09-23 20:45:26,404,D1_creditcard,RANDOM_STRATIFIED_SAFE,lightgbm,strict,False,283726,473,23.27223300933838,226980,378,V25,1095.0,0.0372486988468211,7
explanation_stability_v1,2026-09-23 20:45:26,404,D1_creditcard,RANDOM_STRATIFIED_SAFE,lightgbm,strict,False,283726,473,23.27223300933838,226980,378,V11,1074.0,0.0365343402387998,8
explanation_stability_v1,2026-09-23 20:45:26,404,D1_creditcard,RANDOM_STRATIFIED_SAFE,lightgbm,strict,False,283726,473,23.27223300933838,226980,378,V28,1046.0,0.0355818620947715,9
explanation_stability_v1,2026-09-23 20:45:26,404,D1_creditcard,RANDOM_STRATIFIED_SAFE,lightgbm,strict,False,283726,473,23.27223300933838,226980,378,V24,1029.0,0.0350035717930401,10
explanation_stability_v1,2026-09-23 20:45:26,404,D1_creditcard,RANDOM_STRATIFIED_SAFE,lightgbm,strict,False,283726,473,23.27223300933838,226980,378,V19,1021.0,0.0347314351804605,11
explanation_stability_v1,2026-09-23 20:45:26,404,D1_creditcard,RANDOM_STRATIFIED_SAFE,lightgbm,strict,False,283726,473,23.27223300933838,226980,378,V20,1016.0,0.0345613497975983,12
explanation_stability_v1,2026-09-23 20:45:26,404,D1_creditcard,RANDOM_STRATIFIED_SAFE,lightgbm,strict,False,283726,473,23.27223300933838,226980,378,V22,987.0,0.0335748545769976,13
explanation_stability_v1,2026-09-23 20:45:26,404,D1_creditcard,RANDOM_STRATIFIED_SAFE,lightgbm,strict,False,283726,473,23.27223300933838,226980,378,V7,982.0,0.0334047691941354,14
explanation_stability_v1,2026-09-23 20:45:26,404,D1_creditcard,RANDOM_STRATIFIED_SAFE,lightgbm,strict,False,283726,473,23.27223300933838,226980,378,V27,970.0,0.0329965642752661,15
explanation_stability_v1,2026-09-23 20:45:26,404,D1_creditcard,RANDOM_STRATIFIED_SAFE,lightgbm,strict,False,283726,473,23.27223300933838,226980,378,V18,961.0,0.0326904105861142,16
explanation_stability_v1,2026-09-23 20:45:26,404,D1_creditcard,RANDOM_STRATIFIED_SAFE,lightgbm,strict,False,283726,473,23.27223300933838,226980,378,V5,946.0,0.0321801544375276,17
explanation_stability_v1,2026-09-23 20:45:26,404,D1_creditcard,RANDOM_STRATIFIED_SAFE,lightgbm,strict,False,283726,473,23.27223300933838,226980,378,V2,880.0,0.0299350273837466,18
explanation_stability_v1,2026-09-23 20:45:26,404,D1_creditcard,RANDOM_STRATIFIED_SAFE,lightgbm,strict,False,283726,473,23.27223300933838,226980,378,V8,878.0,0.0298669932306017,19
explanation_stability_v1,2026-09-23 20:45:26,404,D1_creditcard,RANDOM_STRATIFIED_SAFE,lightgbm,strict,False,283726,473,23.27223300933838,226980,378,V10,876.0,0.0297989590774568,20
explanation_stability_v1,2026-09-23 20:45:26,404,D1_creditcard,RANDOM_STRATIFIED_SAFE,lightgbm,strict,False,283726,473,23.27223300933838,226980,378,V15,867.0,0.0294928053883049,21
explanation_stability_v1,2026-09-23 20:45:26,404,D1_creditcard,RANDOM_STRATIFIED_SAFE,lightgbm,strict,False,283726,473,23.27223300933838,226980,378,V9,863.0,0.0293567370820151,22
explanation_stability_v1,2026-09-23 20:45:26,404,D1_creditcard,RANDOM_STRATIFIED_SAFE,lightgbm,strict,False,283726,473,23.27223300933838,226980,378,V23,847.0,0.0288124638568561,23
explanation_stability_v1,2026-09-23 20:45:26,404,D1_creditcard,RANDOM_STRATIFIED_SAFE,lightgbm,strict,False,283726,473,23.27223300933838,226980,378,V3,819.0,0.0278599857128278,24
explanation_stability_v1,2026-09-23 20:45:26,404,D1_creditcard,RANDOM_STRATIFIED_SAFE,lightgbm,strict,False,283726,473,23.27223300933838,226980,378,V6,817.0,0.0277919515596829,25
explanation_stability_v1,2026-09-23 20:45:26,404,D1_creditcard,RANDOM_STRATIFIED_SAFE,lightgbm,strict,False,283726,473,23.27223300933838,226980,378,V16,807.0,0.0274517807939585,26
explanation_stability_v1,2026-09-23 20:45:26,404,D1_creditcard,RANDOM_STRATIFIED_SAFE,lightgbm,strict,False,283726,473,23.27223300933838,226980,378,V21,806.0,0.0274177637173861,27
explanation_stability_v1,2026-09-23 20:45:26,404,D1_creditcard,RANDOM_STRATIFIED_SAFE,lightgbm,strict,False,283726,473,23.27223300933838,226980,378,V17,770.0,0.0261931489607783,28
explanation_stability_v1,2026-09-23 20:45:26,404,D1_creditcard,RANDOM_STRATIFIED_SAFE,lightgbm,strict,False,283726,473,23.27223300933838,226980,378,V1,759.0,0.0258189611184814,29
explanation_stability_v1,2026-09-23 20:44:56,404,D1_creditcard,RANDOM_STRATIFIED_SAFE,xgboost,strict,False,283726,473,2.102041482925415,226980,378,V14,0.393351674079895,0.3933516936789412,1
explanation_stability_v1,2026-09-23 20:44:56,404,D1_creditcard,RANDOM_STRATIFIED_SAFE,xgboost,strict,False,283726,473,2.102041482925415,226980,378,V10,0.0905391871929168,0.0905391917041007,2
explanation_stability_v1,2026-09-23 20:44:56,404,D1_creditcard,RANDOM_STRATIFIED_SAFE,xgboost,strict,False,283726,473,2.102041482925415,226980,378,V4,0.0845172181725502,0.0845172223836848,3
explanation_stability_v1,2026-09-23 20:44:56,404,D1_creditcard,RANDOM_STRATIFIED_SAFE,xgboost,strict,False,283726,473,2.102041482925415,226980,378,V12,0.0479711703956127,0.0479711727858127,4
explanation_stability_v1,2026-09-23 20:44:56,404,D1_creditcard,RANDOM_STRATIFIED_SAFE,xgboost,strict,False,283726,473,2.102041482925415,226980,378,V20,0.0326076932251453,0.0326076948498484,5
explanation_stability_v1,2026-09-23 20:44:56,404,D1_creditcard,RANDOM_STRATIFIED_SAFE,xgboost,strict,False,283726,473,2.102041482925415,226980,378,V8,0.0275151580572128,0.0275151594281765,6
explanation_stability_v1,2026-09-23 20:44:56,404,D1_creditcard,RANDOM_STRATIFIED_SAFE,xgboost,strict,False,283726,473,2.102041482925415,226980,378,V19,0.022441217675805,0.0224412187939558,7
explanation_stability_v1,2026-09-23 20:44:56,404,D1_creditcard,RANDOM_STRATIFIED_SAFE,xgboost,strict,False,283726,473,2.102041482925415,226980,378,Amount,0.0194857493042945,0.0194857502751868,8
explanation_stability_v1,2026-09-23 20:44:56,404,D1_creditcard,RANDOM_STRATIFIED_SAFE,xgboost,strict,False,283726,473,2.102041482925415,226980,378,V23,0.0193710383027791,0.0193710392679559,9
explanation_stability_v1,2026-09-23 20:44:56,404,D1_creditcard,RANDOM_STRATIFIED_SAFE,xgboost,strict,False,283726,473,2.102041482925415,226980,378,V11,0.01787213049829,0.0178721313887825,10
explanation_stability_v1,2026-09-23 20:44:56,404,D1_creditcard,RANDOM_STRATIFIED_SAFE,xgboost,strict,False,283726,473,2.102041482925415,226980,378,V21,0.0176080651581287,0.0176080660354639,11
explanation_stability_v1,2026-09-23 20:44:56,404,D1_creditcard,RANDOM_STRATIFIED_SAFE,xgboost,strict,False,283726,473,2.102041482925415,226980,378,V25,0.0173067338764667,0.0173067347387879,12
explanation_stability_v1,2026-09-23 20:44:56,404,D1_creditcard,RANDOM_STRATIFIED_SAFE,xgboost,strict,False,283726,473,2.102041482925415,226980,378,V5,0.0170451216399669,0.0170451224892531,13
explanation_stability_v1,2026-09-23 20:44:56,404,D1_creditcard,RANDOM_STRATIFIED_SAFE,xgboost,strict,False,283726,473,2.102041482925415,226980,378,V13,0.0167109444737434,0.0167109453063789,14
explanation_stability_v1,2026-09-23 20:44:56,404,D1_creditcard,RANDOM_STRATIFIED_SAFE,xgboost,strict,False,283726,473,2.102041482925415,226980,378,V16,0.0162677597254514,0.0162677605360049,15
explanation_stability_v1,2026-09-23 20:44:56,404,D1_creditcard,RANDOM_STRATIFIED_SAFE,xgboost,strict,False,283726,473,2.102041482925415,226980,378,V3,0.0157560929656028,0.0157560937506621,16
explanation_stability_v1,2026-09-23 20:44:56,404,D1_creditcard,RANDOM_STRATIFIED_SAFE,xgboost,strict,False,283726,473,2.102041482925415,226980,378,V26,0.0152656268328428,0.0152656275934642,17
explanation_stability_v1,2026-09-23 20:44:56,404,D1_creditcard,RANDOM_STRATIFIED_SAFE,xgboost,strict,False,283726,473,2.102041482925415,226980,378,V28,0.0149672264233231,0.0149672271690765,18
explanation_stability_v1,2026-09-23 20:44:56,404,D1_creditcard,RANDOM_STRATIFIED_SAFE,xgboost,strict,False,283726,473,2.102041482925415,226980,378,V7,0.0145910065621137,0.0145910072891217,19
explanation_stability_v1,2026-09-23 20:44:56,404,D1_creditcard,RANDOM_STRATIFIED_SAFE,xgboost,strict,False,283726,473,2.102041482925415,226980,378,V6,0.0128723457455635,0.0128723463869379,20
explanation_stability_v1,2026-09-23 20:44:56,404,D1_creditcard,RANDOM_STRATIFIED_SAFE,xgboost,strict,False,283726,473,2.102041482925415,226980,378,V17,0.0123838577419519,0.012383858358987,21
explanation_stability_v1,2026-09-23 20:44:56,404,D1_creditcard,RANDOM_STRATIFIED_SAFE,xgboost,strict,False,283726,473,2.102041482925415,226980,378,V1,0.0121452715247869,0.0121452721299343,22
explanation_stability_v1,2026-09-23 20:44:56,404,D1_creditcard,RANDOM_STRATIFIED_SAFE,xgboost,strict,False,283726,473,2.102041482925415,226980,378,V15,0.0105195855721831,0.0105195860963294,23
explanation_stability_v1,2026-09-23 20:44:56,404,D1_creditcard,RANDOM_STRATIFIED_SAFE,xgboost,strict,False,283726,473,2.102041482925415,226980,378,V27,0.0101028205826878,0.0101028210860685,24
explanation_stability_v1,2026-09-23 20:44:56,404,D1_creditcard,RANDOM_STRATIFIED_SAFE,xgboost,strict,False,283726,473,2.102041482925415,226980,378,V9,0.0092774759978055,0.0092774764600628,25
explanation_stability_v1,2026-09-23 20:44:56,404,D1_creditcard,RANDOM_STRATIFIED_SAFE,xgboost,strict,False,283726,473,2.102041482925415,226980,378,V18,0.0092311231419444,0.0092311236018921,26
explanation_stability_v1,2026-09-23 20:44:56,404,D1_creditcard,RANDOM_STRATIFIED_SAFE,xgboost,strict,False,283726,473,2.102041482925415,226980,378,V2,0.0090770237147808,0.0090770241670504,27
explanation_stability_v1,2026-09-23 20:44:56,404,D1_creditcard,RANDOM_STRATIFIED_SAFE,xgboost,strict,False,283726,473,2.102041482925415,226980,378,V22,0.0075530069880187,0.007553007364353,28
explanation_stability_v1,2026-09-23 20:44:56,404,D1_creditcard,RANDOM_STRATIFIED_SAFE,xgboost,strict,False,283726,473,2.102041482925415,226980,378,V24,0.0056466246023774,0.0056466248837247,29
explanation_stability_v1,2026-09-23 20:47:17,404,D2_fraudTest,CHRONOLOGICAL_SAFE,lightgbm,strict,False,555719,2145,16.86451816558838,444575,1961,age_years,5953.0,0.1920322580645161,1
explanation_stability_v1,2026-09-23 20:47:17,404,D2_fraudTest,CHRONOLOGICAL_SAFE,lightgbm,strict,False,555719,2145,16.86451816558838,444575,1961,state,5798.0,0.1870322580645161,2
explanation_stability_v1,2026-09-23 20:47:17,404,D2_fraudTest,CHRONOLOGICAL_SAFE,lightgbm,strict,False,555719,2145,16.86451816558838,444575,1961,amt,4729.0,0.1525483870967742,3
explanation_stability_v1,2026-09-23 20:47:17,404,D2_fraudTest,CHRONOLOGICAL_SAFE,lightgbm,strict,False,555719,2145,16.86451816558838,444575,1961,category,4205.0,0.1356451612903225,4
explanation_stability_v1,2026-09-23 20:47:17,404,D2_fraudTest,CHRONOLOGICAL_SAFE,lightgbm,strict,False,555719,2145,16.86451816558838,444575,1961,city_pop,4184.0,0.1349677419354838,5
explanation_stability_v1,2026-09-23 20:47:17,404,D2_fraudTest,CHRONOLOGICAL_SAFE,lightgbm,strict,False,555719,2145,16.86451816558838,444575,1961,trans_hour,2379.0,0.0767419354838709,6
explanation_stability_v1,2026-09-23 20:47:17,404,D2_fraudTest,CHRONOLOGICAL_SAFE,lightgbm,strict,False,555719,2145,16.86451816558838,444575,1961,trans_month,2198.0,0.0709032258064516,7
explanation_stability_v1,2026-09-23 20:47:17,404,D2_fraudTest,CHRONOLOGICAL_SAFE,lightgbm,strict,False,555719,2145,16.86451816558838,444575,1961,trans_dayofweek,1554.0,0.0501290322580645,8
explanation_stability_v1,2026-09-23 20:46:49,404,D2_fraudTest,CHRONOLOGICAL_SAFE,xgboost,strict,False,555719,2145,1.470500946044922,444575,1961,category,0.5043961983174086,0.504396231347099,1
explanation_stability_v1,2026-09-23 20:46:49,404,D2_fraudTest,CHRONOLOGICAL_SAFE,xgboost,strict,False,555719,2145,1.470500946044922,444575,1961,state,0.3147826182539575,0.3147826388670637,2
explanation_stability_v1,2026-09-23 20:46:49,404,D2_fraudTest,CHRONOLOGICAL_SAFE,xgboost,strict,False,555719,2145,1.470500946044922,444575,1961,amt,0.1074279993772506,0.1074280064120252,3
explanation_stability_v1,2026-09-23 20:46:49,404,D2_fraudTest,CHRONOLOGICAL_SAFE,xgboost,strict,False,555719,2145,1.470500946044922,444575,1961,trans_hour,0.0435670390725135,0.0435670419254411,4
explanation_stability_v1,2026-09-23 20:46:49,404,D2_fraudTest,CHRONOLOGICAL_SAFE,xgboost,strict,False,555719,2145,1.470500946044922,444575,1961,age_years,0.0107727870345115,0.0107727877399526,5
explanation_stability_v1,2026-09-23 20:46:49,404,D2_fraudTest,CHRONOLOGICAL_SAFE,xgboost,strict,False,555719,2145,1.470500946044922,444575,1961,city_pop,0.0072012883611023,0.0072012888326687,6
explanation_stability_v1,2026-09-23 20:46:49,404,D2_fraudTest,CHRONOLOGICAL_SAFE,xgboost,strict,False,555719,2145,1.470500946044922,444575,1961,trans_dayofweek,0.0062033096328377,0.0062033100390529,7
explanation_stability_v1,2026-09-23 20:46:49,404,D2_fraudTest,CHRONOLOGICAL_SAFE,xgboost,strict,False,555719,2145,1.470500946044922,444575,1961,trans_month,0.0056486944667994,0.0056486948366964,8
explanation_stability_v1,2026-09-23 20:46:41,404,D2_fraudTest,RANDOM_STRATIFIED_SAFE,lightgbm,strict,False,555719,2145,17.431159019470215,444575,1716,state,5838.0,0.1883225806451613,1
explanation_stability_v1,2026-09-23 20:46:41,404,D2_fraudTest,RANDOM_STRATIFIED_SAFE,lightgbm,strict,False,555719,2145,17.431159019470215,444575,1716,age_years,5771.0,0.1861612903225806,2
explanation_stability_v1,2026-09-23 20:46:41,404,D2_fraudTest,RANDOM_STRATIFIED_SAFE,lightgbm,strict,False,555719,2145,17.431159019470215,444575,1716,amt,4770.0,0.1538709677419354,3
explanation_stability_v1,2026-09-23 20:46:41,404,D2_fraudTest,RANDOM_STRATIFIED_SAFE,lightgbm,strict,False,555719,2145,17.431159019470215,444575,1716,category,4312.0,0.1390967741935483,4
explanation_stability_v1,2026-09-23 20:46:41,404,D2_fraudTest,RANDOM_STRATIFIED_SAFE,lightgbm,strict,False,555719,2145,17.431159019470215,444575,1716,city_pop,4095.0,0.1320967741935484,5
explanation_stability_v1,2026-09-23 20:46:41,404,D2_fraudTest,RANDOM_STRATIFIED_SAFE,lightgbm,strict,False,555719,2145,17.431159019470215,444575,1716,trans_hour,2499.0,0.0806129032258064,6
explanation_stability_v1,2026-09-23 20:46:41,404,D2_fraudTest,RANDOM_STRATIFIED_SAFE,lightgbm,strict,False,555719,2145,17.431159019470215,444575,1716,trans_month,2203.0,0.0710645161290322,7
explanation_stability_v1,2026-09-23 20:46:41,404,D2_fraudTest,RANDOM_STRATIFIED_SAFE,lightgbm,strict,False,555719,2145,17.431159019470215,444575,1716,trans_dayofweek,1512.0,0.0487741935483871,8
explanation_stability_v1,2026-09-23 20:46:12,404,D2_fraudTest,RANDOM_STRATIFIED_SAFE,xgboost,strict,False,555719,2145,2.020622968673706,444575,1716,category,0.4479042734019458,0.4479042950412587,1
explanation_stability_v1,2026-09-23 20:46:12,404,D2_fraudTest,RANDOM_STRATIFIED_SAFE,xgboost,strict,False,555719,2145,2.020622968673706,444575,1716,state,0.3748735334957018,0.3748735516067273,2
explanation_stability_v1,2026-09-23 20:46:12,404,D2_fraudTest,RANDOM_STRATIFIED_SAFE,xgboost,strict,False,555719,2145,2.020622968673706,444575,1716,amt,0.1043659448623657,0.1043659499045309,3
explanation_stability_v1,2026-09-23 20:46:12,404,D2_fraudTest,RANDOM_STRATIFIED_SAFE,xgboost,strict,False,555719,2145,2.020622968673706,444575,1716,trans_hour,0.0397619642317295,0.0397619661527238,4
explanation_stability_v1,2026-09-23 20:46:12,404,D2_fraudTest,RANDOM_STRATIFIED_SAFE,xgboost,strict,False,555719,2145,2.020622968673706,444575,1716,age_years,0.0104087078943848,0.0104087083972541,5
explanation_stability_v1,2026-09-23 20:46:12,404,D2_fraudTest,RANDOM_STRATIFIED_SAFE,xgboost,strict,False,555719,2145,2.020622968673706,444575,1716,trans_month,0.0090582119300961,0.0090582123677197,6
explanation_stability_v1,2026-09-23 20:46:12,404,D2_fraudTest,RANDOM_STRATIFIED_SAFE,xgboost,strict,False,555719,2145,2.020622968673706,444575,1716,city_pop,0.0078416559845209,0.0078416563633698,7
explanation_stability_v1,2026-09-23 20:46:12,404,D2_fraudTest,RANDOM_STRATIFIED_SAFE,xgboost,strict,False,555719,2145,2.020622968673706,444575,1716,trans_dayofweek,0.0057856598868966,0.0057856601664154,8
explanation_stability_v1,2026-09-23 20:49:53,404,D3_PaySim,CHRONOLOGICAL_SAFE,lightgbm,strict,False,1000000,749,29.25471043586731,800000,625,amount,12045.0,0.3885483870967742,1
explanation_stability_v1,2026-09-23 20:49:53,404,D3_PaySim,CHRONOLOGICAL_SAFE,lightgbm,strict,False,1000000,749,29.25471043586731,800000,625,oldbalanceOrg,10476.0,0.3379354838709677,2
explanation_stability_v1,2026-09-23 20:49:53,404,D3_PaySim,CHRONOLOGICAL_SAFE,lightgbm,strict,False,1000000,749,29.25471043586731,800000,625,oldbalanceDest,6504.0,0.2098064516129032,3
explanation_stability_v1,2026-09-23 20:49:53,404,D3_PaySim,CHRONOLOGICAL_SAFE,lightgbm,strict,False,1000000,749,29.25471043586731,800000,625,type,1975.0,0.0637096774193548,4
explanation_stability_v1,2026-09-23 20:48:58,404,D3_PaySim,CHRONOLOGICAL_SAFE,xgboost,strict,False,1000000,749,2.045227527618408,800000,625,type,0.8271442265249789,0.8271442245991336,1
explanation_stability_v1,2026-09-23 20:48:58,404,D3_PaySim,CHRONOLOGICAL_SAFE,xgboost,strict,False,1000000,749,2.045227527618408,800000,625,oldbalanceOrg,0.0842552855610847,0.0842552853649126,2
explanation_stability_v1,2026-09-23 20:48:58,404,D3_PaySim,CHRONOLOGICAL_SAFE,xgboost,strict,False,1000000,749,2.045227527618408,800000,625,amount,0.0575558170676231,0.0575558169336155,3
explanation_stability_v1,2026-09-23 20:48:58,404,D3_PaySim,CHRONOLOGICAL_SAFE,xgboost,strict,False,1000000,749,2.045227527618408,800000,625,oldbalanceDest,0.0310446731746196,0.0310446731023381,4
explanation_stability_v1,2026-09-23 20:48:34,404,D3_PaySim,RANDOM_STRATIFIED_SAFE,lightgbm,strict,False,1000000,749,27.190880060195923,800000,599,amount,11711.0,0.3777741935483871,1
explanation_stability_v1,2026-09-23 20:48:34,404,D3_PaySim,RANDOM_STRATIFIED_SAFE,lightgbm,strict,False,1000000,749,27.190880060195923,800000,599,oldbalanceOrg,10544.0,0.3401290322580645,2
explanation_stability_v1,2026-09-23 20:48:34,404,D3_PaySim,RANDOM_STRATIFIED_SAFE,lightgbm,strict,False,1000000,749,27.190880060195923,800000,599,oldbalanceDest,6770.0,0.2183870967741935,3
explanation_stability_v1,2026-09-23 20:48:34,404,D3_PaySim,RANDOM_STRATIFIED_SAFE,lightgbm,strict,False,1000000,749,27.190880060195923,800000,599,type,1975.0,0.0637096774193548,4
explanation_stability_v1,2026-09-23 20:47:41,404,D3_PaySim,RANDOM_STRATIFIED_SAFE,xgboost,strict,False,1000000,749,2.1021382808685303,800000,599,type,0.8227959265932441,0.8227959718042633,1
explanation_stability_v1,2026-09-23 20:47:41,404,D3_PaySim,RANDOM_STRATIFIED_SAFE,xgboost,strict,False,1000000,749,2.1021382808685303,800000,599,oldbalanceOrg,0.0847760513424873,0.0847760560007647,2
explanation_stability_v1,2026-09-23 20:47:41,404,D3_PaySim,RANDOM_STRATIFIED_SAFE,xgboost,strict,False,1000000,749,2.1021382808685303,800000,599,amount,0.061597816646099,0.061597820030778,3
explanation_stability_v1,2026-09-23 20:47:41,404,D3_PaySim,RANDOM_STRATIFIED_SAFE,xgboost,strict,False,1000000,749,2.1021382808685303,800000,599,oldbalanceDest,0.0308301504701375,0.0308301521641937,4
explanation_stability_v1,2026-09-23 20:25:25,42,D1_creditcard,CHRONOLOGICAL_SAFE,lightgbm,strict,False,283726,473,24.484611749649048,226980,399,V4,1778.0,0.0610996563573883,1
explanation_stability_v1,2026-09-23 20:25:25,42,D1_creditcard,CHRONOLOGICAL_SAFE,lightgbm,strict,False,283726,473,24.484611749649048,226980,399,V14,1531.0,0.0526116838487972,2
explanation_stability_v1,2026-09-23 20:25:25,42,D1_creditcard,CHRONOLOGICAL_SAFE,lightgbm,strict,False,283726,473,24.484611749649048,226980,399,V12,1363.0,0.0468384879725085,3
explanation_stability_v1,2026-09-23 20:25:25,42,D1_creditcard,CHRONOLOGICAL_SAFE,lightgbm,strict,False,283726,473,24.484611749649048,226980,399,V26,1200.0,0.0412371134020618,4
explanation_stability_v1,2026-09-23 20:25:25,42,D1_creditcard,CHRONOLOGICAL_SAFE,lightgbm,strict,False,283726,473,24.484611749649048,226980,399,Amount,1184.0,0.0406872852233676,5
explanation_stability_v1,2026-09-23 20:25:25,42,D1_creditcard,CHRONOLOGICAL_SAFE,lightgbm,strict,False,283726,473,24.484611749649048,226980,399,V28,1151.0,0.039553264604811,6
explanation_stability_v1,2026-09-23 20:25:25,42,D1_creditcard,CHRONOLOGICAL_SAFE,lightgbm,strict,False,283726,473,24.484611749649048,226980,399,V22,1113.0,0.0382474226804123,7
explanation_stability_v1,2026-09-23 20:25:25,42,D1_creditcard,CHRONOLOGICAL_SAFE,lightgbm,strict,False,283726,473,24.484611749649048,226980,399,V11,1100.0,0.0378006872852233,8
explanation_stability_v1,2026-09-23 20:25:25,42,D1_creditcard,CHRONOLOGICAL_SAFE,lightgbm,strict,False,283726,473,24.484611749649048,226980,399,V10,1068.0,0.036701030927835,9
explanation_stability_v1,2026-09-23 20:25:25,42,D1_creditcard,CHRONOLOGICAL_SAFE,lightgbm,strict,False,283726,473,24.484611749649048,226980,399,V13,1059.0,0.0363917525773195,10
explanation_stability_v1,2026-09-23 20:25:25,42,D1_creditcard,CHRONOLOGICAL_SAFE,lightgbm,strict,False,283726,473,24.484611749649048,226980,399,V19,1034.0,0.0355326460481099,11
explanation_stability_v1,2026-09-23 20:25:25,42,D1_creditcard,CHRONOLOGICAL_SAFE,lightgbm,strict,False,283726,473,24.484611749649048,226980,399,V24,979.0,0.0336426116838488,12
explanation_stability_v1,2026-09-23 20:25:25,42,D1_creditcard,CHRONOLOGICAL_SAFE,lightgbm,strict,False,283726,473,24.484611749649048,226980,399,V7,971.0,0.0333676975945017,13
explanation_stability_v1,2026-09-23 20:25:25,42,D1_creditcard,CHRONOLOGICAL_SAFE,lightgbm,strict,False,283726,473,24.484611749649048,226980,399,V1,964.0,0.033127147766323,14
explanation_stability_v1,2026-09-23 20:25:25,42,D1_creditcard,CHRONOLOGICAL_SAFE,lightgbm,strict,False,283726,473,24.484611749649048,226980,399,V3,911.0,0.0313058419243986,15
explanation_stability_v1,2026-09-23 20:25:25,42,D1_creditcard,CHRONOLOGICAL_SAFE,lightgbm,strict,False,283726,473,24.484611749649048,226980,399,V23,910.0,0.0312714776632302,16
explanation_stability_v1,2026-09-23 20:25:25,42,D1_creditcard,CHRONOLOGICAL_SAFE,lightgbm,strict,False,283726,473,24.484611749649048,226980,399,V8,898.0,0.0308591065292096,17
explanation_stability_v1,2026-09-23 20:25:25,42,D1_creditcard,CHRONOLOGICAL_SAFE,lightgbm,strict,False,283726,473,24.484611749649048,226980,399,V25,895.0,0.0307560137457044,18
explanation_stability_v1,2026-09-23 20:25:25,42,D1_creditcard,CHRONOLOGICAL_SAFE,lightgbm,strict,False,283726,473,24.484611749649048,226980,399,V20,884.0,0.0303780068728522,19
explanation_stability_v1,2026-09-23 20:25:25,42,D1_creditcard,CHRONOLOGICAL_SAFE,lightgbm,strict,False,283726,473,24.484611749649048,226980,399,V5,878.0,0.0301718213058419,20
explanation_stability_v1,2026-09-23 20:25:25,42,D1_creditcard,CHRONOLOGICAL_SAFE,lightgbm,strict,False,283726,473,24.484611749649048,226980,399,V21,872.0,0.0299656357388316,21
explanation_stability_v1,2026-09-23 20:25:25,42,D1_creditcard,CHRONOLOGICAL_SAFE,lightgbm,strict,False,283726,473,24.484611749649048,226980,399,V15,870.0,0.0298969072164948,22
explanation_stability_v1,2026-09-23 20:25:25,42,D1_creditcard,CHRONOLOGICAL_SAFE,lightgbm,strict,False,283726,473,24.484611749649048,226980,399,V16,867.0,0.0297938144329896,23
explanation_stability_v1,2026-09-23 20:25:25,42,D1_creditcard,CHRONOLOGICAL_SAFE,lightgbm,strict,False,283726,473,24.484611749649048,226980,399,V6,838.0,0.0287972508591065,24
explanation_stability_v1,2026-09-23 20:25:25,42,D1_creditcard,CHRONOLOGICAL_SAFE,lightgbm,strict,False,283726,473,24.484611749649048,226980,399,V9,797.0,0.0273883161512027,25
explanation_stability_v1,2026-09-23 20:25:25,42,D1_creditcard,CHRONOLOGICAL_SAFE,lightgbm,strict,False,283726,473,24.484611749649048,226980,399,V2,776.0,0.0266666666666666,26
explanation_stability_v1,2026-09-23 20:25:25,42,D1_creditcard,CHRONOLOGICAL_SAFE,lightgbm,strict,False,283726,473,24.484611749649048,226980,399,V18,757.0,0.0260137457044673,27
explanation_stability_v1,2026-09-23 20:25:25,42,D1_creditcard,CHRONOLOGICAL_SAFE,lightgbm,strict,False,283726,473,24.484611749649048,226980,399,V27,757.0,0.0260137457044673,28
explanation_stability_v1,2026-09-23 20:25:25,42,D1_creditcard,CHRONOLOGICAL_SAFE,lightgbm,strict,False,283726,473,24.484611749649048,226980,399,V17,695.0,0.0238831615120274,29
explanation_stability_v1,2026-09-23 20:24:54,42,D1_creditcard,CHRONOLOGICAL_SAFE,xgboost,strict,False,283726,473,2.9219839572906494,226980,399,V14,0.3705423176288605,0.3705423424756607,1
explanation_stability_v1,2026-09-23 20:24:54,42,D1_creditcard,CHRONOLOGICAL_SAFE,xgboost,strict,False,283726,473,2.9219839572906494,226980,399,V10,0.1672836542129516,0.1672836654301955,2
explanation_stability_v1,2026-09-23 20:24:54,42,D1_creditcard,CHRONOLOGICAL_SAFE,xgboost,strict,False,283726,473,2.9219839572906494,226980,399,V4,0.0625049322843551,0.0625049364756377,3
explanation_stability_v1,2026-09-23 20:24:54,42,D1_creditcard,CHRONOLOGICAL_SAFE,xgboost,strict,False,283726,473,2.9219839572906494,226980,399,V12,0.0329013429582119,0.032901345164419,4
explanation_stability_v1,2026-09-23 20:24:54,42,D1_creditcard,CHRONOLOGICAL_SAFE,xgboost,strict,False,283726,473,2.9219839572906494,226980,399,V8,0.0284965280443429,0.0284965299551842,5
explanation_stability_v1,2026-09-23 20:24:54,42,D1_creditcard,CHRONOLOGICAL_SAFE,xgboost,strict,False,283726,473,2.9219839572906494,226980,399,V20,0.0260202549397945,0.0260202566845887,6
explanation_stability_v1,2026-09-23 20:24:54,42,D1_creditcard,CHRONOLOGICAL_SAFE,xgboost,strict,False,283726,473,2.9219839572906494,226980,399,V13,0.0235019847750663,0.0235019863509973,7
explanation_stability_v1,2026-09-23 20:24:54,42,D1_creditcard,CHRONOLOGICAL_SAFE,xgboost,strict,False,283726,473,2.9219839572906494,226980,399,V19,0.0225005261600017,0.0225005276687797,8
explanation_stability_v1,2026-09-23 20:24:54,42,D1_creditcard,CHRONOLOGICAL_SAFE,xgboost,strict,False,283726,473,2.9219839572906494,226980,399,Amount,0.0212828796356916,0.02128288106282,9
explanation_stability_v1,2026-09-23 20:24:54,42,D1_creditcard,CHRONOLOGICAL_SAFE,xgboost,strict,False,283726,473,2.9219839572906494,226980,399,V21,0.0200337003916502,0.0200337017350145,10
explanation_stability_v1,2026-09-23 20:24:54,42,D1_creditcard,CHRONOLOGICAL_SAFE,xgboost,strict,False,283726,473,2.9219839572906494,226980,399,V17,0.0167039651423692,0.0167039662624574,11
explanation_stability_v1,2026-09-23 20:24:54,42,D1_creditcard,CHRONOLOGICAL_SAFE,xgboost,strict,False,283726,473,2.9219839572906494,226980,399,V3,0.0161311104893684,0.0161311115710437,12
explanation_stability_v1,2026-09-23 20:24:54,42,D1_creditcard,CHRONOLOGICAL_SAFE,xgboost,strict,False,283726,473,2.9219839572906494,226980,399,V7,0.0139538310468196,0.013953831982497,13
explanation_stability_v1,2026-09-23 20:24:54,42,D1_creditcard,CHRONOLOGICAL_SAFE,xgboost,strict,False,283726,473,2.9219839572906494,226980,399,V1,0.0138569716364145,0.0138569725655969,14
explanation_stability_v1,2026-09-23 20:24:54,42,D1_creditcard,CHRONOLOGICAL_SAFE,xgboost,strict,False,283726,473,2.9219839572906494,226980,399,V23,0.0137713551521301,0.0137713560755715,15
explanation_stability_v1,2026-09-23 20:24:54,42,D1_creditcard,CHRONOLOGICAL_SAFE,xgboost,strict,False,283726,473,2.9219839572906494,226980,399,V11,0.0137315737083554,0.0137315746291292,16
explanation_stability_v1,2026-09-23 20:24:54,42,D1_creditcard,CHRONOLOGICAL_SAFE,xgboost,strict,False,283726,473,2.9219839572906494,226980,399,V22,0.0136043196544051,0.0136043205666458,17
explanation_stability_v1,2026-09-23 20:24:54,42,D1_creditcard,CHRONOLOGICAL_SAFE,xgboost,strict,False,283726,473,2.9219839572906494,226980,399,V25,0.0135746840387582,0.0135746849490118,18
explanation_stability_v1,2026-09-23 20:24:54,42,D1_creditcard,CHRONOLOGICAL_SAFE,xgboost,strict,False,283726,473,2.9219839572906494,226980,399,V26,0.0120110446587204,0.0120110454641238,19
explanation_stability_v1,2026-09-23 20:24:54,42,D1_creditcard,CHRONOLOGICAL_SAFE,xgboost,strict,False,283726,473,2.9219839572906494,226980,399,V15,0.0116826416924595,0.0116826424758418,20
explanation_stability_v1,2026-09-23 20:24:54,42,D1_creditcard,CHRONOLOGICAL_SAFE,xgboost,strict,False,283726,473,2.9219839572906494,226980,399,V16,0.0112958950921893,0.0112958958496381,21
explanation_stability_v1,2026-09-23 20:24:54,42,D1_creditcard,CHRONOLOGICAL_SAFE,xgboost,strict,False,283726,473,2.9219839572906494,226980,399,V18,0.0112743051722645,0.0112743059282657,22
explanation_stability_v1,2026-09-23 20:24:54,42,D1_creditcard,CHRONOLOGICAL_SAFE,xgboost,strict,False,283726,473,2.9219839572906494,226980,399,V9,0.0111345089972019,0.0111345097438289,23
explanation_stability_v1,2026-09-23 20:24:54,42,D1_creditcard,CHRONOLOGICAL_SAFE,xgboost,strict,False,283726,473,2.9219839572906494,226980,399,V5,0.0110572548583149,0.0110572555997617,24
explanation_stability_v1,2026-09-23 20:24:54,42,D1_creditcard,CHRONOLOGICAL_SAFE,xgboost,strict,False,283726,473,2.9219839572906494,226980,399,V6,0.0097816791385412,0.0097816797944539,25
explanation_stability_v1,2026-09-23 20:24:54,42,D1_creditcard,CHRONOLOGICAL_SAFE,xgboost,strict,False,283726,473,2.9219839572906494,226980,399,V28,0.0094440709799528,0.0094440716132271,26
explanation_stability_v1,2026-09-23 20:24:54,42,D1_creditcard,CHRONOLOGICAL_SAFE,xgboost,strict,False,283726,473,2.9219839572906494,226980,399,V27,0.009103549644351,0.0091035502547916,27
explanation_stability_v1,2026-09-23 20:24:54,42,D1_creditcard,CHRONOLOGICAL_SAFE,xgboost,strict,False,283726,473,2.9219839572906494,226980,399,V2,0.0088770324364304,0.0088770330316819,28
explanation_stability_v1,2026-09-23 20:24:54,42,D1_creditcard,CHRONOLOGICAL_SAFE,xgboost,strict,False,283726,473,2.9219839572906494,226980,399,V24,0.0039420183748006,0.0039420186391336,29
explanation_stability_v1,2026-09-23 20:24:46,42,D1_creditcard,RANDOM_STRATIFIED_SAFE,lightgbm,strict,False,283726,473,21.909855604171756,226980,378,V14,1644.0,0.0572104677060133,1
explanation_stability_v1,2026-09-23 20:24:46,42,D1_creditcard,RANDOM_STRATIFIED_SAFE,lightgbm,strict,False,283726,473,21.909855604171756,226980,378,V4,1560.0,0.0542873051224944,2
explanation_stability_v1,2026-09-23 20:24:46,42,D1_creditcard,RANDOM_STRATIFIED_SAFE,lightgbm,strict,False,283726,473,21.909855604171756,226980,378,V26,1342.0,0.0467010022271714,3
explanation_stability_v1,2026-09-23 20:24:46,42,D1_creditcard,RANDOM_STRATIFIED_SAFE,lightgbm,strict,False,283726,473,21.909855604171756,226980,378,Amount,1188.0,0.0413418708240534,4
explanation_stability_v1,2026-09-23 20:24:46,42,D1_creditcard,RANDOM_STRATIFIED_SAFE,lightgbm,strict,False,283726,473,21.909855604171756,226980,378,V11,1180.0,0.0410634743875278,5
explanation_stability_v1,2026-09-23 20:24:46,42,D1_creditcard,RANDOM_STRATIFIED_SAFE,lightgbm,strict,False,283726,473,21.909855604171756,226980,378,V24,1127.0,0.0392190979955456,6
explanation_stability_v1,2026-09-23 20:24:46,42,D1_creditcard,RANDOM_STRATIFIED_SAFE,lightgbm,strict,False,283726,473,21.909855604171756,226980,378,V12,1109.0,0.038592706013363,7
explanation_stability_v1,2026-09-23 20:24:46,42,D1_creditcard,RANDOM_STRATIFIED_SAFE,lightgbm,strict,False,283726,473,21.909855604171756,226980,378,V22,1094.0,0.0380707126948775,8
explanation_stability_v1,2026-09-23 20:24:46,42,D1_creditcard,RANDOM_STRATIFIED_SAFE,lightgbm,strict,False,283726,473,21.909855604171756,226980,378,V13,1056.0,0.0367483296213808,9
explanation_stability_v1,2026-09-23 20:24:46,42,D1_creditcard,RANDOM_STRATIFIED_SAFE,lightgbm,strict,False,283726,473,21.909855604171756,226980,378,V7,1046.0,0.0364003340757238,10
explanation_stability_v1,2026-09-23 20:24:46,42,D1_creditcard,RANDOM_STRATIFIED_SAFE,lightgbm,strict,False,283726,473,21.909855604171756,226980,378,V10,1034.0,0.0359827394209354,11
explanation_stability_v1,2026-09-23 20:24:46,42,D1_creditcard,RANDOM_STRATIFIED_SAFE,lightgbm,strict,False,283726,473,21.909855604171756,226980,378,V8,1031.0,0.0358783407572383,12
explanation_stability_v1,2026-09-23 20:24:46,42,D1_creditcard,RANDOM_STRATIFIED_SAFE,lightgbm,strict,False,283726,473,21.909855604171756,226980,378,V19,988.0,0.0343819599109131,13
explanation_stability_v1,2026-09-23 20:24:46,42,D1_creditcard,RANDOM_STRATIFIED_SAFE,lightgbm,strict,False,283726,473,21.909855604171756,226980,378,V3,984.0,0.0342427616926503,14
explanation_stability_v1,2026-09-23 20:24:46,42,D1_creditcard,RANDOM_STRATIFIED_SAFE,lightgbm,strict,False,283726,473,21.909855604171756,226980,378,V28,952.0,0.0331291759465478,15
explanation_stability_v1,2026-09-23 20:24:46,42,D1_creditcard,RANDOM_STRATIFIED_SAFE,lightgbm,strict,False,283726,473,21.909855604171756,226980,378,V6,908.0,0.031597995545657,16
explanation_stability_v1,2026-09-23 20:24:46,42,D1_creditcard,RANDOM_STRATIFIED_SAFE,lightgbm,strict,False,283726,473,21.909855604171756,226980,378,V5,905.0,0.0314935968819599,17
explanation_stability_v1,2026-09-23 20:24:46,42,D1_creditcard,RANDOM_STRATIFIED_SAFE,lightgbm,strict,False,283726,473,21.909855604171756,226980,378,V25,873.0,0.0303800111358574,18
explanation_stability_v1,2026-09-23 20:24:46,42,D1_creditcard,RANDOM_STRATIFIED_SAFE,lightgbm,strict,False,283726,473,21.909855604171756,226980,378,V23,863.0,0.0300320155902004,19
explanation_stability_v1,2026-09-23 20:24:46,42,D1_creditcard,RANDOM_STRATIFIED_SAFE,lightgbm,strict,False,283726,473,21.909855604171756,226980,378,V27,862.0,0.0299972160356347,20
explanation_stability_v1,2026-09-23 20:24:46,42,D1_creditcard,RANDOM_STRATIFIED_SAFE,lightgbm,strict,False,283726,473,21.909855604171756,226980,378,V15,818.0,0.0284660356347438,21
explanation_stability_v1,2026-09-23 20:24:46,42,D1_creditcard,RANDOM_STRATIFIED_SAFE,lightgbm,strict,False,283726,473,21.909855604171756,226980,378,V21,816.0,0.0283964365256124,22
explanation_stability_v1,2026-09-23 20:24:46,42,D1_creditcard,RANDOM_STRATIFIED_SAFE,lightgbm,strict,False,283726,473,21.909855604171756,226980,378,V16,807.0,0.0280832405345211,23
explanation_stability_v1,2026-09-23 20:24:46,42,D1_creditcard,RANDOM_STRATIFIED_SAFE,lightgbm,strict,False,283726,473,21.909855604171756,226980,378,V9,802.0,0.0279092427616926,24
explanation_stability_v1,2026-09-23 20:24:46,42,D1_creditcard,RANDOM_STRATIFIED_SAFE,lightgbm,strict,False,283726,473,21.909855604171756,226980,378,V20,798.0,0.0277700445434298,25
explanation_stability_v1,2026-09-23 20:24:46,42,D1_creditcard,RANDOM_STRATIFIED_SAFE,lightgbm,strict,False,283726,473,21.909855604171756,226980,378,V18,789.0,0.0274568485523385,26
explanation_stability_v1,2026-09-23 20:24:46,42,D1_creditcard,RANDOM_STRATIFIED_SAFE,lightgbm,strict,False,283726,473,21.909855604171756,226980,378,V1,755.0,0.0262736636971046,27
explanation_stability_v1,2026-09-23 20:24:46,42,D1_creditcard,RANDOM_STRATIFIED_SAFE,lightgbm,strict,False,283726,473,21.909855604171756,226980,378,V2,714.0,0.0248468819599109,28
explanation_stability_v1,2026-09-23 20:24:46,42,D1_creditcard,RANDOM_STRATIFIED_SAFE,lightgbm,strict,False,283726,473,21.909855604171756,226980,378,V17,691.0,0.0240464922048997,29
explanation_stability_v1,2026-09-23 20:24:18,42,D1_creditcard,RANDOM_STRATIFIED_SAFE,xgboost,strict,False,283726,473,2.450132131576538,226980,378,V14,0.3814944624900818,0.3814944322900597,1
explanation_stability_v1,2026-09-23 20:24:18,42,D1_creditcard,RANDOM_STRATIFIED_SAFE,xgboost,strict,False,283726,473,2.450132131576538,226980,378,V10,0.1811833381652832,0.181183323822373,2
explanation_stability_v1,2026-09-23 20:24:18,42,D1_creditcard,RANDOM_STRATIFIED_SAFE,xgboost,strict,False,283726,473,2.450132131576538,226980,378,V4,0.0588399320840835,0.0588399274261725,3
explanation_stability_v1,2026-09-23 20:24:18,42,D1_creditcard,RANDOM_STRATIFIED_SAFE,xgboost,strict,False,283726,473,2.450132131576538,226980,378,V12,0.0326432101428508,0.0326432075587356,4
explanation_stability_v1,2026-09-23 20:24:18,42,D1_creditcard,RANDOM_STRATIFIED_SAFE,xgboost,strict,False,283726,473,2.450132131576538,226980,378,V8,0.0316848307847976,0.03168482827655,5
explanation_stability_v1,2026-09-23 20:24:18,42,D1_creditcard,RANDOM_STRATIFIED_SAFE,xgboost,strict,False,283726,473,2.450132131576538,226980,378,V19,0.0257343426346778,0.0257343405974852,6
explanation_stability_v1,2026-09-23 20:24:18,42,D1_creditcard,RANDOM_STRATIFIED_SAFE,xgboost,strict,False,283726,473,2.450132131576538,226980,378,V13,0.0217390153557062,0.0217390136347933,7
explanation_stability_v1,2026-09-23 20:24:18,42,D1_creditcard,RANDOM_STRATIFIED_SAFE,xgboost,strict,False,283726,473,2.450132131576538,226980,378,V11,0.0188888479024171,0.0188888464071304,8
explanation_stability_v1,2026-09-23 20:24:18,42,D1_creditcard,RANDOM_STRATIFIED_SAFE,xgboost,strict,False,283726,473,2.450132131576538,226980,378,V18,0.0178962256759405,0.0178962242592321,9
explanation_stability_v1,2026-09-23 20:24:18,42,D1_creditcard,RANDOM_STRATIFIED_SAFE,xgboost,strict,False,283726,473,2.450132131576538,226980,378,V17,0.0175834242254495,0.0175834228335032,10
explanation_stability_v1,2026-09-23 20:24:18,42,D1_creditcard,RANDOM_STRATIFIED_SAFE,xgboost,strict,False,283726,473,2.450132131576538,226980,378,V3,0.0165631622076034,0.0165631608964235,11
explanation_stability_v1,2026-09-23 20:24:18,42,D1_creditcard,RANDOM_STRATIFIED_SAFE,xgboost,strict,False,283726,473,2.450132131576538,226980,378,Amount,0.0140593498945236,0.0140593487815515,12
explanation_stability_v1,2026-09-23 20:24:18,42,D1_creditcard,RANDOM_STRATIFIED_SAFE,xgboost,strict,False,283726,473,2.450132131576538,226980,378,V15,0.0138253699988126,0.013825368904363,13
explanation_stability_v1,2026-09-23 20:24:18,42,D1_creditcard,RANDOM_STRATIFIED_SAFE,xgboost,strict,False,283726,473,2.450132131576538,226980,378,V21,0.0137869864702224,0.0137869853788113,14
explanation_stability_v1,2026-09-23 20:24:18,42,D1_creditcard,RANDOM_STRATIFIED_SAFE,xgboost,strict,False,283726,473,2.450132131576538,226980,378,V22,0.0136709688231349,0.013670967740908,15
explanation_stability_v1,2026-09-23 20:24:18,42,D1_creditcard,RANDOM_STRATIFIED_SAFE,xgboost,strict,False,283726,473,2.450132131576538,226980,378,V26,0.0135522354394197,0.013552234366592,16
explanation_stability_v1,2026-09-23 20:24:18,42,D1_creditcard,RANDOM_STRATIFIED_SAFE,xgboost,strict,False,283726,473,2.450132131576538,226980,378,V20,0.0128633417189121,0.0128633407006189,17
explanation_stability_v1,2026-09-23 20:24:18,42,D1_creditcard,RANDOM_STRATIFIED_SAFE,xgboost,strict,False,283726,473,2.450132131576538,226980,378,V7,0.0128054488450288,0.0128054478313186,18
explanation_stability_v1,2026-09-23 20:24:18,42,D1_creditcard,RANDOM_STRATIFIED_SAFE,xgboost,strict,False,283726,473,2.450132131576538,226980,378,V23,0.0127115156501531,0.0127115146438789,19
explanation_stability_v1,2026-09-23 20:24:18,42,D1_creditcard,RANDOM_STRATIFIED_SAFE,xgboost,strict,False,283726,473,2.450132131576538,226980,378,V16,0.0121024847030639,0.012102483745002,20
explanation_stability_v1,2026-09-23 20:24:18,42,D1_creditcard,RANDOM_STRATIFIED_SAFE,xgboost,strict,False,283726,473,2.450132131576538,226980,378,V1,0.0110415685921907,0.0110415677181135,21
explanation_stability_v1,2026-09-23 20:24:18,42,D1_creditcard,RANDOM_STRATIFIED_SAFE,xgboost,strict,False,283726,473,2.450132131576538,226980,378,V27,0.0105600086972117,0.0105600078612559,22
explanation_stability_v1,2026-09-23 20:24:18,42,D1_creditcard,RANDOM_STRATIFIED_SAFE,xgboost,strict,False,283726,473,2.450132131576538,226980,378,V9,0.0094244377687573,0.0094244370226961,23
explanation_stability_v1,2026-09-23 20:24:18,42,D1_creditcard,RANDOM_STRATIFIED_SAFE,xgboost,strict,False,283726,473,2.450132131576538,226980,378,V6,0.0085001680999994,0.0085001674271056,24
explanation_stability_v1,2026-09-23 20:24:18,42,D1_creditcard,RANDOM_STRATIFIED_SAFE,xgboost,strict,False,283726,473,2.450132131576538,226980,378,V2,0.0080502787604928,0.0080502781232133,25
explanation_stability_v1,2026-09-23 20:24:18,42,D1_creditcard,RANDOM_STRATIFIED_SAFE,xgboost,strict,False,283726,473,2.450132131576538,226980,378,V25,0.0079918187111616,0.0079918180785099,26
explanation_stability_v1,2026-09-23 20:24:18,42,D1_creditcard,RANDOM_STRATIFIED_SAFE,xgboost,strict,False,283726,473,2.450132131576538,226980,378,V28,0.0074530290439724,0.0074530284539727,27
explanation_stability_v1,2026-09-23 20:24:18,42,D1_creditcard,RANDOM_STRATIFIED_SAFE,xgboost,strict,False,283726,473,2.450132131576538,226980,378,V5,0.0070931753143668,0.0070931747528539,28
explanation_stability_v1,2026-09-23 20:24:18,42,D1_creditcard,RANDOM_STRATIFIED_SAFE,xgboost,strict,False,283726,473,2.450132131576538,226980,378,V24,0.0062571009621024,0.0062571004667752,29
explanation_stability_v1,2026-09-23 20:26:47,42,D2_fraudTest,CHRONOLOGICAL_SAFE,lightgbm,strict,False,555719,2145,17.66556406021118,444575,1961,age_years,5931.0,0.1913225806451612,1
explanation_stability_v1,2026-09-23 20:26:47,42,D2_fraudTest,CHRONOLOGICAL_SAFE,lightgbm,strict,False,555719,2145,17.66556406021118,444575,1961,state,5779.0,0.1864193548387096,2
explanation_stability_v1,2026-09-23 20:26:47,42,D2_fraudTest,CHRONOLOGICAL_SAFE,lightgbm,strict,False,555719,2145,17.66556406021118,444575,1961,amt,4906.0,0.158258064516129,3
explanation_stability_v1,2026-09-23 20:26:47,42,D2_fraudTest,CHRONOLOGICAL_SAFE,lightgbm,strict,False,555719,2145,17.66556406021118,444575,1961,city_pop,4381.0,0.1413225806451613,4
explanation_stability_v1,2026-09-23 20:26:47,42,D2_fraudTest,CHRONOLOGICAL_SAFE,lightgbm,strict,False,555719,2145,17.66556406021118,444575,1961,category,4170.0,0.134516129032258,5
explanation_stability_v1,2026-09-23 20:26:47,42,D2_fraudTest,CHRONOLOGICAL_SAFE,lightgbm,strict,False,555719,2145,17.66556406021118,444575,1961,trans_hour,2257.0,0.0728064516129032,6
explanation_stability_v1,2026-09-23 20:26:47,42,D2_fraudTest,CHRONOLOGICAL_SAFE,lightgbm,strict,False,555719,2145,17.66556406021118,444575,1961,trans_month,2092.0,0.0674838709677419,7
explanation_stability_v1,2026-09-23 20:26:47,42,D2_fraudTest,CHRONOLOGICAL_SAFE,lightgbm,strict,False,555719,2145,17.66556406021118,444575,1961,trans_dayofweek,1484.0,0.0478709677419354,8
explanation_stability_v1,2026-09-23 20:26:17,42,D2_fraudTest,CHRONOLOGICAL_SAFE,xgboost,strict,False,555719,2145,1.924168586730957,444575,1961,category,0.4890179680660367,0.4890179323999054,1
explanation_stability_v1,2026-09-23 20:26:17,42,D2_fraudTest,CHRONOLOGICAL_SAFE,xgboost,strict,False,555719,2145,1.924168586730957,444575,1961,state,0.3092246510204859,0.3092246284674352,2
explanation_stability_v1,2026-09-23 20:26:17,42,D2_fraudTest,CHRONOLOGICAL_SAFE,xgboost,strict,False,555719,2145,1.924168586730957,444575,1961,amt,0.1331875324249267,0.1331875227110014,3
explanation_stability_v1,2026-09-23 20:26:17,42,D2_fraudTest,CHRONOLOGICAL_SAFE,xgboost,strict,False,555719,2145,1.924168586730957,444575,1961,trans_hour,0.0398751534521579,0.0398751505438958,4
explanation_stability_v1,2026-09-23 20:26:17,42,D2_fraudTest,CHRONOLOGICAL_SAFE,xgboost,strict,False,555719,2145,1.924168586730957,444575,1961,age_years,0.010293873026967,0.0102938722761917,5
explanation_stability_v1,2026-09-23 20:26:17,42,D2_fraudTest,CHRONOLOGICAL_SAFE,xgboost,strict,False,555719,2145,1.924168586730957,444575,1961,city_pop,0.007625154685229,0.0076251541290945,6
explanation_stability_v1,2026-09-23 20:26:17,42,D2_fraudTest,CHRONOLOGICAL_SAFE,xgboost,strict,False,555719,2145,1.924168586730957,444575,1961,trans_dayofweek,0.0055242143571376,0.0055242139542335,7
explanation_stability_v1,2026-09-23 20:26:17,42,D2_fraudTest,CHRONOLOGICAL_SAFE,xgboost,strict,False,555719,2145,1.924168586730957,444575,1961,trans_month,0.0052515259012579,0.0052515255182421,8
explanation_stability_v1,2026-09-23 20:26:08,42,D2_fraudTest,RANDOM_STRATIFIED_SAFE,lightgbm,strict,False,555719,2145,20.46450710296631,444575,1716,state,5870.0,0.1893548387096774,1
explanation_stability_v1,2026-09-23 20:26:08,42,D2_fraudTest,RANDOM_STRATIFIED_SAFE,lightgbm,strict,False,555719,2145,20.46450710296631,444575,1716,age_years,5772.0,0.1861935483870967,2
explanation_stability_v1,2026-09-23 20:26:08,42,D2_fraudTest,RANDOM_STRATIFIED_SAFE,lightgbm,strict,False,555719,2145,20.46450710296631,444575,1716,amt,4641.0,0.1497096774193548,3
explanation_stability_v1,2026-09-23 20:26:08,42,D2_fraudTest,RANDOM_STRATIFIED_SAFE,lightgbm,strict,False,555719,2145,20.46450710296631,444575,1716,category,4390.0,0.1416129032258064,4
explanation_stability_v1,2026-09-23 20:26:08,42,D2_fraudTest,RANDOM_STRATIFIED_SAFE,lightgbm,strict,False,555719,2145,20.46450710296631,444575,1716,city_pop,4017.0,0.1295806451612903,5
explanation_stability_v1,2026-09-23 20:26:08,42,D2_fraudTest,RANDOM_STRATIFIED_SAFE,lightgbm,strict,False,555719,2145,20.46450710296631,444575,1716,trans_hour,2478.0,0.0799354838709677,6
explanation_stability_v1,2026-09-23 20:26:08,42,D2_fraudTest,RANDOM_STRATIFIED_SAFE,lightgbm,strict,False,555719,2145,20.46450710296631,444575,1716,trans_month,2145.0,0.0691935483870967,7
explanation_stability_v1,2026-09-23 20:26:08,42,D2_fraudTest,RANDOM_STRATIFIED_SAFE,lightgbm,strict,False,555719,2145,20.46450710296631,444575,1716,trans_dayofweek,1687.0,0.0544193548387096,8
explanation_stability_v1,2026-09-23 20:25:35,42,D2_fraudTest,RANDOM_STRATIFIED_SAFE,xgboost,strict,False,555719,2145,2.0721256732940674,444575,1716,category,0.4651343980804086,0.4651344090184605,1
explanation_stability_v1,2026-09-23 20:25:35,42,D2_fraudTest,RANDOM_STRATIFIED_SAFE,xgboost,strict,False,555719,2145,2.0721256732940674,444575,1716,state,0.3368291819933802,0.33682918991422,2
explanation_stability_v1,2026-09-23 20:25:35,42,D2_fraudTest,RANDOM_STRATIFIED_SAFE,xgboost,strict,False,555719,2145,2.0721256732940674,444575,1716,amt,0.1272491514682769,0.1272491544606547,3
explanation_stability_v1,2026-09-23 20:25:35,42,D2_fraudTest,RANDOM_STRATIFIED_SAFE,xgboost,strict,False,555719,2145,2.0721256732940674,444575,1716,trans_hour,0.0396656990051269,0.0396656999379013,4
explanation_stability_v1,2026-09-23 20:25:35,42,D2_fraudTest,RANDOM_STRATIFIED_SAFE,xgboost,strict,False,555719,2145,2.0721256732940674,444575,1716,age_years,0.0101829655468463,0.0101829657863079,5
explanation_stability_v1,2026-09-23 20:25:35,42,D2_fraudTest,RANDOM_STRATIFIED_SAFE,xgboost,strict,False,555719,2145,2.0721256732940674,444575,1716,city_pop,0.0085193654522299,0.0085193656525704,6
explanation_stability_v1,2026-09-23 20:25:35,42,D2_fraudTest,RANDOM_STRATIFIED_SAFE,xgboost,strict,False,555719,2145,2.0721256732940674,444575,1716,trans_month,0.0072733727283775,0.0072733728994174,7
explanation_stability_v1,2026-09-23 20:25:35,42,D2_fraudTest,RANDOM_STRATIFIED_SAFE,xgboost,strict,False,555719,2145,2.0721256732940674,444575,1716,trans_dayofweek,0.0051458422094583,0.0051458423304674,8
explanation_stability_v1,2026-09-23 20:29:26,42,D3_PaySim,CHRONOLOGICAL_SAFE,lightgbm,strict,False,1000000,749,26.9674072265625,800000,625,amount,12185.0,0.3930645161290322,1
explanation_stability_v1,2026-09-23 20:29:26,42,D3_PaySim,CHRONOLOGICAL_SAFE,lightgbm,strict,False,1000000,749,26.9674072265625,800000,625,oldbalanceOrg,10528.0,0.3396129032258064,2
explanation_stability_v1,2026-09-23 20:29:26,42,D3_PaySim,CHRONOLOGICAL_SAFE,lightgbm,strict,False,1000000,749,26.9674072265625,800000,625,oldbalanceDest,6291.0,0.2029354838709677,3
explanation_stability_v1,2026-09-23 20:29:26,42,D3_PaySim,CHRONOLOGICAL_SAFE,lightgbm,strict,False,1000000,749,26.9674072265625,800000,625,type,1996.0,0.0643870967741935,4
explanation_stability_v1,2026-09-23 20:28:34,42,D3_PaySim,CHRONOLOGICAL_SAFE,xgboost,strict,False,1000000,749,2.0151584148406982,800000,625,type,0.8543537734076381,0.8543538139872667,1
explanation_stability_v1,2026-09-23 20:28:34,42,D3_PaySim,CHRONOLOGICAL_SAFE,xgboost,strict,False,1000000,749,2.0151584148406982,800000,625,oldbalanceOrg,0.0663749352097511,0.0663749383623915,2
explanation_stability_v1,2026-09-23 20:28:34,42,D3_PaySim,CHRONOLOGICAL_SAFE,xgboost,strict,False,1000000,749,2.0151584148406982,800000,625,amount,0.0520734824240207,0.0520734848973785,3
explanation_stability_v1,2026-09-23 20:28:34,42,D3_PaySim,CHRONOLOGICAL_SAFE,xgboost,strict,False,1000000,749,2.0151584148406982,800000,625,oldbalanceDest,0.0271977614611387,0.0271977627529631,4
explanation_stability_v1,2026-09-23 20:28:11,42,D3_PaySim,RANDOM_STRATIFIED_SAFE,lightgbm,strict,False,1000000,749,28.292500019073486,800000,599,amount,11761.0,0.3793870967741935,1
explanation_stability_v1,2026-09-23 20:28:11,42,D3_PaySim,RANDOM_STRATIFIED_SAFE,lightgbm,strict,False,1000000,749,28.292500019073486,800000,599,oldbalanceOrg,10356.0,0.3340645161290322,2
explanation_stability_v1,2026-09-23 20:28:11,42,D3_PaySim,RANDOM_STRATIFIED_SAFE,lightgbm,strict,False,1000000,749,28.292500019073486,800000,599,oldbalanceDest,6772.0,0.2184516129032258,3
explanation_stability_v1,2026-09-23 20:28:11,42,D3_PaySim,RANDOM_STRATIFIED_SAFE,lightgbm,strict,False,1000000,749,28.292500019073486,800000,599,type,2111.0,0.0680967741935483,4
explanation_stability_v1,2026-09-23 20:27:16,42,D3_PaySim,RANDOM_STRATIFIED_SAFE,xgboost,strict,False,1000000,749,2.2358341217041016,800000,599,type,0.8425119761377573,0.8425120090930763,1
explanation_stability_v1,2026-09-23 20:27:16,42,D3_PaySim,RANDOM_STRATIFIED_SAFE,xgboost,strict,False,1000000,749,2.2358341217041016,800000,599,oldbalanceOrg,0.0723575204610824,0.0723575232913866,2
explanation_stability_v1,2026-09-23 20:27:16,42,D3_PaySim,RANDOM_STRATIFIED_SAFE,xgboost,strict,False,1000000,749,2.2358341217041016,800000,599,amount,0.0596853755414485,0.0596853778760748,3
explanation_stability_v1,2026-09-23 20:27:16,42,D3_PaySim,RANDOM_STRATIFIED_SAFE,xgboost,strict,False,1000000,749,2.2358341217041016,800000,599,oldbalanceDest,0.0254450887441635,0.0254450897394621,4
