run_name,timestamp,seed,dataset,split_policy,model,feature_policy,smoke_test,rows_used,fraud_rows_used,fit_seconds,train_n,train_fraud,raw_feature,importance,importance_normalized,rank
explanation_stability_v1,2026-09-23 20:24:18,42,D1_creditcard,RANDOM_STRATIFIED_SAFE,xgboost,strict,False,283726,473,2.450132131576538,226980,378,V14,0.3814944624900818,0.38149443229005975,1
explanation_stability_v1,2026-09-23 20:24:18,42,D1_creditcard,RANDOM_STRATIFIED_SAFE,xgboost,strict,False,283726,473,2.450132131576538,226980,378,V10,0.1811833381652832,0.18118332382237304,2
explanation_stability_v1,2026-09-23 20:24:18,42,D1_creditcard,RANDOM_STRATIFIED_SAFE,xgboost,strict,False,283726,473,2.450132131576538,226980,378,V4,0.05883993208408356,0.05883992742617258,3
explanation_stability_v1,2026-09-23 20:24:18,42,D1_creditcard,RANDOM_STRATIFIED_SAFE,xgboost,strict,False,283726,473,2.450132131576538,226980,378,V12,0.032643210142850876,0.03264320755873561,4
explanation_stability_v1,2026-09-23 20:24:18,42,D1_creditcard,RANDOM_STRATIFIED_SAFE,xgboost,strict,False,283726,473,2.450132131576538,226980,378,V8,0.03168483078479767,0.031684828276550024,5
explanation_stability_v1,2026-09-23 20:24:18,42,D1_creditcard,RANDOM_STRATIFIED_SAFE,xgboost,strict,False,283726,473,2.450132131576538,226980,378,V19,0.025734342634677887,0.025734340597485236,6
explanation_stability_v1,2026-09-23 20:24:18,42,D1_creditcard,RANDOM_STRATIFIED_SAFE,xgboost,strict,False,283726,473,2.450132131576538,226980,378,V13,0.021739015355706215,0.021739013634793313,7
explanation_stability_v1,2026-09-23 20:24:18,42,D1_creditcard,RANDOM_STRATIFIED_SAFE,xgboost,strict,False,283726,473,2.450132131576538,226980,378,V11,0.018888847902417183,0.018888846407130414,8
explanation_stability_v1,2026-09-23 20:24:18,42,D1_creditcard,RANDOM_STRATIFIED_SAFE,xgboost,strict,False,283726,473,2.450132131576538,226980,378,V18,0.017896225675940514,0.017896224259232114,9
explanation_stability_v1,2026-09-23 20:24:18,42,D1_creditcard,RANDOM_STRATIFIED_SAFE,xgboost,strict,False,283726,473,2.450132131576538,226980,378,V17,0.017583424225449562,0.017583422833503278,10
explanation_stability_v1,2026-09-23 20:24:18,42,D1_creditcard,RANDOM_STRATIFIED_SAFE,xgboost,strict,False,283726,473,2.450132131576538,226980,378,V3,0.016563162207603455,0.016563160896423575,11
explanation_stability_v1,2026-09-23 20:24:18,42,D1_creditcard,RANDOM_STRATIFIED_SAFE,xgboost,strict,False,283726,473,2.450132131576538,226980,378,Amount,0.01405934989452362,0.014059348781551564,12
explanation_stability_v1,2026-09-23 20:24:18,42,D1_creditcard,RANDOM_STRATIFIED_SAFE,xgboost,strict,False,283726,473,2.450132131576538,226980,378,V15,0.013825369998812675,0.013825368904363032,13
explanation_stability_v1,2026-09-23 20:24:18,42,D1_creditcard,RANDOM_STRATIFIED_SAFE,xgboost,strict,False,283726,473,2.450132131576538,226980,378,V21,0.013786986470222473,0.013786985378811362,14
explanation_stability_v1,2026-09-23 20:24:18,42,D1_creditcard,RANDOM_STRATIFIED_SAFE,xgboost,strict,False,283726,473,2.450132131576538,226980,378,V22,0.0136709688231349,0.013670967740908025,15
explanation_stability_v1,2026-09-23 20:24:18,42,D1_creditcard,RANDOM_STRATIFIED_SAFE,xgboost,strict,False,283726,473,2.450132131576538,226980,378,V26,0.013552235439419746,0.013552234366592093,16
explanation_stability_v1,2026-09-23 20:24:18,42,D1_creditcard,RANDOM_STRATIFIED_SAFE,xgboost,strict,False,283726,473,2.450132131576538,226980,378,V20,0.012863341718912125,0.01286334070061896,17
explanation_stability_v1,2026-09-23 20:24:18,42,D1_creditcard,RANDOM_STRATIFIED_SAFE,xgboost,strict,False,283726,473,2.450132131576538,226980,378,V7,0.012805448845028877,0.012805447831318652,18
explanation_stability_v1,2026-09-23 20:24:18,42,D1_creditcard,RANDOM_STRATIFIED_SAFE,xgboost,strict,False,283726,473,2.450132131576538,226980,378,V23,0.01271151565015316,0.012711514643878914,19
explanation_stability_v1,2026-09-23 20:24:18,42,D1_creditcard,RANDOM_STRATIFIED_SAFE,xgboost,strict,False,283726,473,2.450132131576538,226980,378,V16,0.012102484703063965,0.012102483745002078,20
explanation_stability_v1,2026-09-23 20:24:18,42,D1_creditcard,RANDOM_STRATIFIED_SAFE,xgboost,strict,False,283726,473,2.450132131576538,226980,378,V1,0.011041568592190742,0.011041567718113534,21
explanation_stability_v1,2026-09-23 20:24:18,42,D1_creditcard,RANDOM_STRATIFIED_SAFE,xgboost,strict,False,283726,473,2.450132131576538,226980,378,V27,0.010560008697211742,0.010560007861255978,22
explanation_stability_v1,2026-09-23 20:24:18,42,D1_creditcard,RANDOM_STRATIFIED_SAFE,xgboost,strict,False,283726,473,2.450132131576538,226980,378,V9,0.009424437768757343,0.009424437022696113,23
explanation_stability_v1,2026-09-23 20:24:18,42,D1_creditcard,RANDOM_STRATIFIED_SAFE,xgboost,strict,False,283726,473,2.450132131576538,226980,378,V6,0.008500168099999428,0.008500167427105614,24
explanation_stability_v1,2026-09-23 20:24:18,42,D1_creditcard,RANDOM_STRATIFIED_SAFE,xgboost,strict,False,283726,473,2.450132131576538,226980,378,V2,0.008050278760492802,0.008050278123213314,25
explanation_stability_v1,2026-09-23 20:24:18,42,D1_creditcard,RANDOM_STRATIFIED_SAFE,xgboost,strict,False,283726,473,2.450132131576538,226980,378,V25,0.007991818711161613,0.007991818078509964,26
explanation_stability_v1,2026-09-23 20:24:18,42,D1_creditcard,RANDOM_STRATIFIED_SAFE,xgboost,strict,False,283726,473,2.450132131576538,226980,378,V28,0.007453029043972492,0.007453028453972732,27
explanation_stability_v1,2026-09-23 20:24:18,42,D1_creditcard,RANDOM_STRATIFIED_SAFE,xgboost,strict,False,283726,473,2.450132131576538,226980,378,V5,0.0070931753143668175,0.0070931747528539466,28
explanation_stability_v1,2026-09-23 20:24:18,42,D1_creditcard,RANDOM_STRATIFIED_SAFE,xgboost,strict,False,283726,473,2.450132131576538,226980,378,V24,0.006257100962102413,0.006257100466775205,29
explanation_stability_v1,2026-09-23 20:24:46,42,D1_creditcard,RANDOM_STRATIFIED_SAFE,lightgbm,strict,False,283726,473,21.909855604171753,226980,378,V14,1644.0,0.05721046770601336,1
explanation_stability_v1,2026-09-23 20:24:46,42,D1_creditcard,RANDOM_STRATIFIED_SAFE,lightgbm,strict,False,283726,473,21.909855604171753,226980,378,V4,1560.0,0.05428730512249443,2
explanation_stability_v1,2026-09-23 20:24:46,42,D1_creditcard,RANDOM_STRATIFIED_SAFE,lightgbm,strict,False,283726,473,21.909855604171753,226980,378,V26,1342.0,0.046701002227171495,3
explanation_stability_v1,2026-09-23 20:24:46,42,D1_creditcard,RANDOM_STRATIFIED_SAFE,lightgbm,strict,False,283726,473,21.909855604171753,226980,378,Amount,1188.0,0.04134187082405345,4
explanation_stability_v1,2026-09-23 20:24:46,42,D1_creditcard,RANDOM_STRATIFIED_SAFE,lightgbm,strict,False,283726,473,21.909855604171753,226980,378,V11,1180.0,0.04106347438752784,5
explanation_stability_v1,2026-09-23 20:24:46,42,D1_creditcard,RANDOM_STRATIFIED_SAFE,lightgbm,strict,False,283726,473,21.909855604171753,226980,378,V24,1127.0,0.039219097995545654,6
explanation_stability_v1,2026-09-23 20:24:46,42,D1_creditcard,RANDOM_STRATIFIED_SAFE,lightgbm,strict,False,283726,473,21.909855604171753,226980,378,V12,1109.0,0.03859270601336303,7
explanation_stability_v1,2026-09-23 20:24:46,42,D1_creditcard,RANDOM_STRATIFIED_SAFE,lightgbm,strict,False,283726,473,21.909855604171753,226980,378,V22,1094.0,0.0380707126948775,8
explanation_stability_v1,2026-09-23 20:24:46,42,D1_creditcard,RANDOM_STRATIFIED_SAFE,lightgbm,strict,False,283726,473,21.909855604171753,226980,378,V13,1056.0,0.036748329621380846,9
explanation_stability_v1,2026-09-23 20:24:46,42,D1_creditcard,RANDOM_STRATIFIED_SAFE,lightgbm,strict,False,283726,473,21.909855604171753,226980,378,V7,1046.0,0.03640033407572383,10
explanation_stability_v1,2026-09-23 20:24:46,42,D1_creditcard,RANDOM_STRATIFIED_SAFE,lightgbm,strict,False,283726,473,21.909855604171753,226980,378,V10,1034.0,0.03598273942093541,11
explanation_stability_v1,2026-09-23 20:24:46,42,D1_creditcard,RANDOM_STRATIFIED_SAFE,lightgbm,strict,False,283726,473,21.909855604171753,226980,378,V8,1031.0,0.03587834075723831,12
explanation_stability_v1,2026-09-23 20:24:46,42,D1_creditcard,RANDOM_STRATIFIED_SAFE,lightgbm,strict,False,283726,473,21.909855604171753,226980,378,V19,988.0,0.03438195991091314,13
explanation_stability_v1,2026-09-23 20:24:46,42,D1_creditcard,RANDOM_STRATIFIED_SAFE,lightgbm,strict,False,283726,473,21.909855604171753,226980,378,V3,984.0,0.034242761692650336,14
explanation_stability_v1,2026-09-23 20:24:46,42,D1_creditcard,RANDOM_STRATIFIED_SAFE,lightgbm,strict,False,283726,473,21.909855604171753,226980,378,V28,952.0,0.033129175946547886,15
explanation_stability_v1,2026-09-23 20:24:46,42,D1_creditcard,RANDOM_STRATIFIED_SAFE,lightgbm,strict,False,283726,473,21.909855604171753,226980,378,V6,908.0,0.031597995545657016,16
explanation_stability_v1,2026-09-23 20:24:46,42,D1_creditcard,RANDOM_STRATIFIED_SAFE,lightgbm,strict,False,283726,473,21.909855604171753,226980,378,V5,905.0,0.031493596881959914,17
explanation_stability_v1,2026-09-23 20:24:46,42,D1_creditcard,RANDOM_STRATIFIED_SAFE,lightgbm,strict,False,283726,473,21.909855604171753,226980,378,V25,873.0,0.030380011135857463,18
explanation_stability_v1,2026-09-23 20:24:46,42,D1_creditcard,RANDOM_STRATIFIED_SAFE,lightgbm,strict,False,283726,473,21.909855604171753,226980,378,V23,863.0,0.030032015590200446,19
explanation_stability_v1,2026-09-23 20:24:46,42,D1_creditcard,RANDOM_STRATIFIED_SAFE,lightgbm,strict,False,283726,473,21.909855604171753,226980,378,V27,862.0,0.029997216035634745,20
explanation_stability_v1,2026-09-23 20:24:46,42,D1_creditcard,RANDOM_STRATIFIED_SAFE,lightgbm,strict,False,283726,473,21.909855604171753,226980,378,V15,818.0,0.028466035634743876,21
explanation_stability_v1,2026-09-23 20:24:46,42,D1_creditcard,RANDOM_STRATIFIED_SAFE,lightgbm,strict,False,283726,473,21.909855604171753,226980,378,V21,816.0,0.02839643652561247,22
explanation_stability_v1,2026-09-23 20:24:46,42,D1_creditcard,RANDOM_STRATIFIED_SAFE,lightgbm,strict,False,283726,473,21.909855604171753,226980,378,V16,807.0,0.02808324053452116,23
explanation_stability_v1,2026-09-23 20:24:46,42,D1_creditcard,RANDOM_STRATIFIED_SAFE,lightgbm,strict,False,283726,473,21.909855604171753,226980,378,V9,802.0,0.02790924276169265,24
explanation_stability_v1,2026-09-23 20:24:46,42,D1_creditcard,RANDOM_STRATIFIED_SAFE,lightgbm,strict,False,283726,473,21.909855604171753,226980,378,V20,798.0,0.027770044543429843,25
explanation_stability_v1,2026-09-23 20:24:46,42,D1_creditcard,RANDOM_STRATIFIED_SAFE,lightgbm,strict,False,283726,473,21.909855604171753,226980,378,V18,789.0,0.02745684855233853,26
explanation_stability_v1,2026-09-23 20:24:46,42,D1_creditcard,RANDOM_STRATIFIED_SAFE,lightgbm,strict,False,283726,473,21.909855604171753,226980,378,V1,755.0,0.02627366369710468,27
explanation_stability_v1,2026-09-23 20:24:46,42,D1_creditcard,RANDOM_STRATIFIED_SAFE,lightgbm,strict,False,283726,473,21.909855604171753,226980,378,V2,714.0,0.024846881959910912,28
explanation_stability_v1,2026-09-23 20:24:46,42,D1_creditcard,RANDOM_STRATIFIED_SAFE,lightgbm,strict,False,283726,473,21.909855604171753,226980,378,V17,691.0,0.024046492204899777,29
explanation_stability_v1,2026-09-23 20:24:54,42,D1_creditcard,CHRONOLOGICAL_SAFE,xgboost,strict,False,283726,473,2.9219839572906494,226980,399,V14,0.3705423176288605,0.37054234247566076,1
explanation_stability_v1,2026-09-23 20:24:54,42,D1_creditcard,CHRONOLOGICAL_SAFE,xgboost,strict,False,283726,473,2.9219839572906494,226980,399,V10,0.16728365421295166,0.16728366543019554,2
explanation_stability_v1,2026-09-23 20:24:54,42,D1_creditcard,CHRONOLOGICAL_SAFE,xgboost,strict,False,283726,473,2.9219839572906494,226980,399,V4,0.06250493228435516,0.06250493647563776,3
explanation_stability_v1,2026-09-23 20:24:54,42,D1_creditcard,CHRONOLOGICAL_SAFE,xgboost,strict,False,283726,473,2.9219839572906494,226980,399,V12,0.0329013429582119,0.03290134516441901,4
explanation_stability_v1,2026-09-23 20:24:54,42,D1_creditcard,CHRONOLOGICAL_SAFE,xgboost,strict,False,283726,473,2.9219839572906494,226980,399,V8,0.028496528044342995,0.028496529955184233,5
explanation_stability_v1,2026-09-23 20:24:54,42,D1_creditcard,CHRONOLOGICAL_SAFE,xgboost,strict,False,283726,473,2.9219839572906494,226980,399,V20,0.02602025493979454,0.026020256684588718,6
explanation_stability_v1,2026-09-23 20:24:54,42,D1_creditcard,CHRONOLOGICAL_SAFE,xgboost,strict,False,283726,473,2.9219839572906494,226980,399,V13,0.023501984775066376,0.023501986350997366,7
explanation_stability_v1,2026-09-23 20:24:54,42,D1_creditcard,CHRONOLOGICAL_SAFE,xgboost,strict,False,283726,473,2.9219839572906494,226980,399,V19,0.022500526160001755,0.022500527668779708,8
explanation_stability_v1,2026-09-23 20:24:54,42,D1_creditcard,CHRONOLOGICAL_SAFE,xgboost,strict,False,283726,473,2.9219839572906494,226980,399,Amount,0.021282879635691643,0.02128288106282003,9
explanation_stability_v1,2026-09-23 20:24:54,42,D1_creditcard,CHRONOLOGICAL_SAFE,xgboost,strict,False,283726,473,2.9219839572906494,226980,399,V21,0.0200337003916502,0.020033701735014585,10
explanation_stability_v1,2026-09-23 20:24:54,42,D1_creditcard,CHRONOLOGICAL_SAFE,xgboost,strict,False,283726,473,2.9219839572906494,226980,399,V17,0.01670396514236927,0.016703966262457494,11
explanation_stability_v1,2026-09-23 20:24:54,42,D1_creditcard,CHRONOLOGICAL_SAFE,xgboost,strict,False,283726,473,2.9219839572906494,226980,399,V3,0.01613111048936844,0.01613111157104376,12
explanation_stability_v1,2026-09-23 20:24:54,42,D1_creditcard,CHRONOLOGICAL_SAFE,xgboost,strict,False,283726,473,2.9219839572906494,226980,399,V7,0.013953831046819687,0.013953831982497035,13
explanation_stability_v1,2026-09-23 20:24:54,42,D1_creditcard,CHRONOLOGICAL_SAFE,xgboost,strict,False,283726,473,2.9219839572906494,226980,399,V1,0.013856971636414528,0.013856972565596946,14
explanation_stability_v1,2026-09-23 20:24:54,42,D1_creditcard,CHRONOLOGICAL_SAFE,xgboost,strict,False,283726,473,2.9219839572906494,226980,399,V23,0.013771355152130127,0.013771356075571513,15
explanation_stability_v1,2026-09-23 20:24:54,42,D1_creditcard,CHRONOLOGICAL_SAFE,xgboost,strict,False,283726,473,2.9219839572906494,226980,399,V11,0.013731573708355427,0.013731574629129259,16
explanation_stability_v1,2026-09-23 20:24:54,42,D1_creditcard,CHRONOLOGICAL_SAFE,xgboost,strict,False,283726,473,2.9219839572906494,226980,399,V22,0.013604319654405117,0.013604320566645898,17
explanation_stability_v1,2026-09-23 20:24:54,42,D1_creditcard,CHRONOLOGICAL_SAFE,xgboost,strict,False,283726,473,2.9219839572906494,226980,399,V25,0.013574684038758278,0.013574684949011836,18
explanation_stability_v1,2026-09-23 20:24:54,42,D1_creditcard,CHRONOLOGICAL_SAFE,xgboost,strict,False,283726,473,2.9219839572906494,226980,399,V26,0.012011044658720493,0.012011045464123854,19
explanation_stability_v1,2026-09-23 20:24:54,42,D1_creditcard,CHRONOLOGICAL_SAFE,xgboost,strict,False,283726,473,2.9219839572906494,226980,399,V15,0.011682641692459583,0.011682642475841807,20
explanation_stability_v1,2026-09-23 20:24:54,42,D1_creditcard,CHRONOLOGICAL_SAFE,xgboost,strict,False,283726,473,2.9219839572906494,226980,399,V16,0.011295895092189312,0.011295895849638153,21
explanation_stability_v1,2026-09-23 20:24:54,42,D1_creditcard,CHRONOLOGICAL_SAFE,xgboost,strict,False,283726,473,2.9219839572906494,226980,399,V18,0.011274305172264576,0.0112743059282657,22
explanation_stability_v1,2026-09-23 20:24:54,42,D1_creditcard,CHRONOLOGICAL_SAFE,xgboost,strict,False,283726,473,2.9219839572906494,226980,399,V9,0.01113450899720192,0.01113450974382898,23
explanation_stability_v1,2026-09-23 20:24:54,42,D1_creditcard,CHRONOLOGICAL_SAFE,xgboost,strict,False,283726,473,2.9219839572906494,226980,399,V5,0.011057254858314991,0.011057255599761758,24
explanation_stability_v1,2026-09-23 20:24:54,42,D1_creditcard,CHRONOLOGICAL_SAFE,xgboost,strict,False,283726,473,2.9219839572906494,226980,399,V6,0.009781679138541222,0.009781679794453964,25
explanation_stability_v1,2026-09-23 20:24:54,42,D1_creditcard,CHRONOLOGICAL_SAFE,xgboost,strict,False,283726,473,2.9219839572906494,226980,399,V28,0.009444070979952812,0.009444071613227162,26
explanation_stability_v1,2026-09-23 20:24:54,42,D1_creditcard,CHRONOLOGICAL_SAFE,xgboost,strict,False,283726,473,2.9219839572906494,226980,399,V27,0.009103549644351006,0.00910355025479162,27
explanation_stability_v1,2026-09-23 20:24:54,42,D1_creditcard,CHRONOLOGICAL_SAFE,xgboost,strict,False,283726,473,2.9219839572906494,226980,399,V2,0.008877032436430454,0.008877033031681905,28
explanation_stability_v1,2026-09-23 20:24:54,42,D1_creditcard,CHRONOLOGICAL_SAFE,xgboost,strict,False,283726,473,2.9219839572906494,226980,399,V24,0.003942018374800682,0.00394201863913363,29
explanation_stability_v1,2026-09-23 20:25:25,42,D1_creditcard,CHRONOLOGICAL_SAFE,lightgbm,strict,False,283726,473,24.484611749649048,226980,399,V4,1778.0,0.061099656357388316,1
explanation_stability_v1,2026-09-23 20:25:25,42,D1_creditcard,CHRONOLOGICAL_SAFE,lightgbm,strict,False,283726,473,24.484611749649048,226980,399,V14,1531.0,0.052611683848797254,2
explanation_stability_v1,2026-09-23 20:25:25,42,D1_creditcard,CHRONOLOGICAL_SAFE,lightgbm,strict,False,283726,473,24.484611749649048,226980,399,V12,1363.0,0.04683848797250859,3
explanation_stability_v1,2026-09-23 20:25:25,42,D1_creditcard,CHRONOLOGICAL_SAFE,lightgbm,strict,False,283726,473,24.484611749649048,226980,399,V26,1200.0,0.041237113402061855,4
explanation_stability_v1,2026-09-23 20:25:25,42,D1_creditcard,CHRONOLOGICAL_SAFE,lightgbm,strict,False,283726,473,24.484611749649048,226980,399,Amount,1184.0,0.040687285223367696,5
explanation_stability_v1,2026-09-23 20:25:25,42,D1_creditcard,CHRONOLOGICAL_SAFE,lightgbm,strict,False,283726,473,24.484611749649048,226980,399,V28,1151.0,0.039553264604811,6
explanation_stability_v1,2026-09-23 20:25:25,42,D1_creditcard,CHRONOLOGICAL_SAFE,lightgbm,strict,False,283726,473,24.484611749649048,226980,399,V22,1113.0,0.03824742268041237,7
explanation_stability_v1,2026-09-23 20:25:25,42,D1_creditcard,CHRONOLOGICAL_SAFE,lightgbm,strict,False,283726,473,24.484611749649048,226980,399,V11,1100.0,0.037800687285223365,8
explanation_stability_v1,2026-09-23 20:25:25,42,D1_creditcard,CHRONOLOGICAL_SAFE,lightgbm,strict,False,283726,473,24.484611749649048,226980,399,V10,1068.0,0.036701030927835054,9
explanation_stability_v1,2026-09-23 20:25:25,42,D1_creditcard,CHRONOLOGICAL_SAFE,lightgbm,strict,False,283726,473,24.484611749649048,226980,399,V13,1059.0,0.03639175257731959,10
explanation_stability_v1,2026-09-23 20:25:25,42,D1_creditcard,CHRONOLOGICAL_SAFE,lightgbm,strict,False,283726,473,24.484611749649048,226980,399,V19,1034.0,0.03553264604810997,11
explanation_stability_v1,2026-09-23 20:25:25,42,D1_creditcard,CHRONOLOGICAL_SAFE,lightgbm,strict,False,283726,473,24.484611749649048,226980,399,V24,979.0,0.0336426116838488,12
explanation_stability_v1,2026-09-23 20:25:25,42,D1_creditcard,CHRONOLOGICAL_SAFE,lightgbm,strict,False,283726,473,24.484611749649048,226980,399,V7,971.0,0.03336769759450172,13
explanation_stability_v1,2026-09-23 20:25:25,42,D1_creditcard,CHRONOLOGICAL_SAFE,lightgbm,strict,False,283726,473,24.484611749649048,226980,399,V1,964.0,0.03312714776632302,14
explanation_stability_v1,2026-09-23 20:25:25,42,D1_creditcard,CHRONOLOGICAL_SAFE,lightgbm,strict,False,283726,473,24.484611749649048,226980,399,V3,911.0,0.03130584192439863,15
explanation_stability_v1,2026-09-23 20:25:25,42,D1_creditcard,CHRONOLOGICAL_SAFE,lightgbm,strict,False,283726,473,24.484611749649048,226980,399,V23,910.0,0.03127147766323024,16
explanation_stability_v1,2026-09-23 20:25:25,42,D1_creditcard,CHRONOLOGICAL_SAFE,lightgbm,strict,False,283726,473,24.484611749649048,226980,399,V8,898.0,0.03085910652920962,17
explanation_stability_v1,2026-09-23 20:25:25,42,D1_creditcard,CHRONOLOGICAL_SAFE,lightgbm,strict,False,283726,473,24.484611749649048,226980,399,V25,895.0,0.030756013745704466,18
explanation_stability_v1,2026-09-23 20:25:25,42,D1_creditcard,CHRONOLOGICAL_SAFE,lightgbm,strict,False,283726,473,24.484611749649048,226980,399,V20,884.0,0.030378006872852234,19
explanation_stability_v1,2026-09-23 20:25:25,42,D1_creditcard,CHRONOLOGICAL_SAFE,lightgbm,strict,False,283726,473,24.484611749649048,226980,399,V5,878.0,0.030171821305841923,20
explanation_stability_v1,2026-09-23 20:25:25,42,D1_creditcard,CHRONOLOGICAL_SAFE,lightgbm,strict,False,283726,473,24.484611749649048,226980,399,V21,872.0,0.029965635738831615,21
explanation_stability_v1,2026-09-23 20:25:25,42,D1_creditcard,CHRONOLOGICAL_SAFE,lightgbm,strict,False,283726,473,24.484611749649048,226980,399,V15,870.0,0.029896907216494847,22
explanation_stability_v1,2026-09-23 20:25:25,42,D1_creditcard,CHRONOLOGICAL_SAFE,lightgbm,strict,False,283726,473,24.484611749649048,226980,399,V16,867.0,0.02979381443298969,23
explanation_stability_v1,2026-09-23 20:25:25,42,D1_creditcard,CHRONOLOGICAL_SAFE,lightgbm,strict,False,283726,473,24.484611749649048,226980,399,V6,838.0,0.02879725085910653,24
explanation_stability_v1,2026-09-23 20:25:25,42,D1_creditcard,CHRONOLOGICAL_SAFE,lightgbm,strict,False,283726,473,24.484611749649048,226980,399,V9,797.0,0.027388316151202748,25
explanation_stability_v1,2026-09-23 20:25:25,42,D1_creditcard,CHRONOLOGICAL_SAFE,lightgbm,strict,False,283726,473,24.484611749649048,226980,399,V2,776.0,0.02666666666666667,26
explanation_stability_v1,2026-09-23 20:25:25,42,D1_creditcard,CHRONOLOGICAL_SAFE,lightgbm,strict,False,283726,473,24.484611749649048,226980,399,V18,757.0,0.026013745704467354,27
explanation_stability_v1,2026-09-23 20:25:25,42,D1_creditcard,CHRONOLOGICAL_SAFE,lightgbm,strict,False,283726,473,24.484611749649048,226980,399,V27,757.0,0.026013745704467354,28
explanation_stability_v1,2026-09-23 20:25:25,42,D1_creditcard,CHRONOLOGICAL_SAFE,lightgbm,strict,False,283726,473,24.484611749649048,226980,399,V17,695.0,0.02388316151202749,29
explanation_stability_v1,2026-09-23 20:25:35,42,D2_fraudTest,RANDOM_STRATIFIED_SAFE,xgboost,strict,False,555719,2145,2.0721256732940674,444575,1716,category,0.4651343980804086,0.4651344090184605,1
explanation_stability_v1,2026-09-23 20:25:35,42,D2_fraudTest,RANDOM_STRATIFIED_SAFE,xgboost,strict,False,555719,2145,2.0721256732940674,444575,1716,state,0.3368291819933802,0.33682918991422006,2
explanation_stability_v1,2026-09-23 20:25:35,42,D2_fraudTest,RANDOM_STRATIFIED_SAFE,xgboost,strict,False,555719,2145,2.0721256732940674,444575,1716,amt,0.12724915146827698,0.12724915446065474,3
explanation_stability_v1,2026-09-23 20:25:35,42,D2_fraudTest,RANDOM_STRATIFIED_SAFE,xgboost,strict,False,555719,2145,2.0721256732940674,444575,1716,trans_hour,0.03966569900512695,0.03966569993790139,4
explanation_stability_v1,2026-09-23 20:25:35,42,D2_fraudTest,RANDOM_STRATIFIED_SAFE,xgboost,strict,False,555719,2145,2.0721256732940674,444575,1716,age_years,0.01018296554684639,0.010182965786307945,5
explanation_stability_v1,2026-09-23 20:25:35,42,D2_fraudTest,RANDOM_STRATIFIED_SAFE,xgboost,strict,False,555719,2145,2.0721256732940674,444575,1716,city_pop,0.008519365452229977,0.008519365652570485,6
explanation_stability_v1,2026-09-23 20:25:35,42,D2_fraudTest,RANDOM_STRATIFIED_SAFE,xgboost,strict,False,555719,2145,2.0721256732940674,444575,1716,trans_month,0.007273372728377581,0.007273372899417454,7
explanation_stability_v1,2026-09-23 20:25:35,42,D2_fraudTest,RANDOM_STRATIFIED_SAFE,xgboost,strict,False,555719,2145,2.0721256732940674,444575,1716,trans_dayofweek,0.005145842209458351,0.005145842330467439,8
explanation_stability_v1,2026-09-23 20:26:08,42,D2_fraudTest,RANDOM_STRATIFIED_SAFE,lightgbm,strict,False,555719,2145,20.46450710296631,444575,1716,state,5870.0,0.18935483870967743,1
explanation_stability_v1,2026-09-23 20:26:08,42,D2_fraudTest,RANDOM_STRATIFIED_SAFE,lightgbm,strict,False,555719,2145,20.46450710296631,444575,1716,age_years,5772.0,0.18619354838709679,2
explanation_stability_v1,2026-09-23 20:26:08,42,D2_fraudTest,RANDOM_STRATIFIED_SAFE,lightgbm,strict,False,555719,2145,20.46450710296631,444575,1716,amt,4641.0,0.14970967741935484,3
explanation_stability_v1,2026-09-23 20:26:08,42,D2_fraudTest,RANDOM_STRATIFIED_SAFE,lightgbm,strict,False,555719,2145,20.46450710296631,444575,1716,category,4390.0,0.14161290322580644,4
explanation_stability_v1,2026-09-23 20:26:08,42,D2_fraudTest,RANDOM_STRATIFIED_SAFE,lightgbm,strict,False,555719,2145,20.46450710296631,444575,1716,city_pop,4017.0,0.1295806451612903,5
explanation_stability_v1,2026-09-23 20:26:08,42,D2_fraudTest,RANDOM_STRATIFIED_SAFE,lightgbm,strict,False,555719,2145,20.46450710296631,444575,1716,trans_hour,2478.0,0.07993548387096774,6
explanation_stability_v1,2026-09-23 20:26:08,42,D2_fraudTest,RANDOM_STRATIFIED_SAFE,lightgbm,strict,False,555719,2145,20.46450710296631,444575,1716,trans_month,2145.0,0.06919354838709678,7
explanation_stability_v1,2026-09-23 20:26:08,42,D2_fraudTest,RANDOM_STRATIFIED_SAFE,lightgbm,strict,False,555719,2145,20.46450710296631,444575,1716,trans_dayofweek,1687.0,0.054419354838709674,8
explanation_stability_v1,2026-09-23 20:26:17,42,D2_fraudTest,CHRONOLOGICAL_SAFE,xgboost,strict,False,555719,2145,1.924168586730957,444575,1961,category,0.4890179680660367,0.48901793239990543,1
explanation_stability_v1,2026-09-23 20:26:17,42,D2_fraudTest,CHRONOLOGICAL_SAFE,xgboost,strict,False,555719,2145,1.924168586730957,444575,1961,state,0.3092246510204859,0.30922462846743526,2
explanation_stability_v1,2026-09-23 20:26:17,42,D2_fraudTest,CHRONOLOGICAL_SAFE,xgboost,strict,False,555719,2145,1.924168586730957,444575,1961,amt,0.13318753242492676,0.13318752271100145,3
explanation_stability_v1,2026-09-23 20:26:17,42,D2_fraudTest,CHRONOLOGICAL_SAFE,xgboost,strict,False,555719,2145,1.924168586730957,444575,1961,trans_hour,0.039875153452157974,0.0398751505438958,4
explanation_stability_v1,2026-09-23 20:26:17,42,D2_fraudTest,CHRONOLOGICAL_SAFE,xgboost,strict,False,555719,2145,1.924168586730957,444575,1961,age_years,0.010293873026967049,0.010293872276191718,5
explanation_stability_v1,2026-09-23 20:26:17,42,D2_fraudTest,CHRONOLOGICAL_SAFE,xgboost,strict,False,555719,2145,1.924168586730957,444575,1961,city_pop,0.007625154685229063,0.007625154129094553,6
explanation_stability_v1,2026-09-23 20:26:17,42,D2_fraudTest,CHRONOLOGICAL_SAFE,xgboost,strict,False,555719,2145,1.924168586730957,444575,1961,trans_dayofweek,0.00552421435713768,0.005524213954233559,7
explanation_stability_v1,2026-09-23 20:26:17,42,D2_fraudTest,CHRONOLOGICAL_SAFE,xgboost,strict,False,555719,2145,1.924168586730957,444575,1961,trans_month,0.005251525901257992,0.005251525518242184,8
explanation_stability_v1,2026-09-23 20:26:47,42,D2_fraudTest,CHRONOLOGICAL_SAFE,lightgbm,strict,False,555719,2145,17.66556406021118,444575,1961,age_years,5931.0,0.19132258064516128,1
explanation_stability_v1,2026-09-23 20:26:47,42,D2_fraudTest,CHRONOLOGICAL_SAFE,lightgbm,strict,False,555719,2145,17.66556406021118,444575,1961,state,5779.0,0.18641935483870967,2
explanation_stability_v1,2026-09-23 20:26:47,42,D2_fraudTest,CHRONOLOGICAL_SAFE,lightgbm,strict,False,555719,2145,17.66556406021118,444575,1961,amt,4906.0,0.15825806451612903,3
explanation_stability_v1,2026-09-23 20:26:47,42,D2_fraudTest,CHRONOLOGICAL_SAFE,lightgbm,strict,False,555719,2145,17.66556406021118,444575,1961,city_pop,4381.0,0.1413225806451613,4
explanation_stability_v1,2026-09-23 20:26:47,42,D2_fraudTest,CHRONOLOGICAL_SAFE,lightgbm,strict,False,555719,2145,17.66556406021118,444575,1961,category,4170.0,0.13451612903225807,5
explanation_stability_v1,2026-09-23 20:26:47,42,D2_fraudTest,CHRONOLOGICAL_SAFE,lightgbm,strict,False,555719,2145,17.66556406021118,444575,1961,trans_hour,2257.0,0.07280645161290322,6
explanation_stability_v1,2026-09-23 20:26:47,42,D2_fraudTest,CHRONOLOGICAL_SAFE,lightgbm,strict,False,555719,2145,17.66556406021118,444575,1961,trans_month,2092.0,0.06748387096774193,7
explanation_stability_v1,2026-09-23 20:26:47,42,D2_fraudTest,CHRONOLOGICAL_SAFE,lightgbm,strict,False,555719,2145,17.66556406021118,444575,1961,trans_dayofweek,1484.0,0.047870967741935486,8
explanation_stability_v1,2026-09-23 20:27:16,42,D3_PaySim,RANDOM_STRATIFIED_SAFE,xgboost,strict,False,1000000,749,2.2358341217041016,800000,599,type,0.8425119761377573,0.8425120090930763,1
explanation_stability_v1,2026-09-23 20:27:16,42,D3_PaySim,RANDOM_STRATIFIED_SAFE,xgboost,strict,False,1000000,749,2.2358341217041016,800000,599,oldbalanceOrg,0.07235752046108246,0.07235752329138664,2
explanation_stability_v1,2026-09-23 20:27:16,42,D3_PaySim,RANDOM_STRATIFIED_SAFE,xgboost,strict,False,1000000,749,2.2358341217041016,800000,599,amount,0.05968537554144859,0.05968537787607486,3
explanation_stability_v1,2026-09-23 20:27:16,42,D3_PaySim,RANDOM_STRATIFIED_SAFE,xgboost,strict,False,1000000,749,2.2358341217041016,800000,599,oldbalanceDest,0.025445088744163513,0.025445089739462145,4
explanation_stability_v1,2026-09-23 20:28:11,42,D3_PaySim,RANDOM_STRATIFIED_SAFE,lightgbm,strict,False,1000000,749,28.292500019073486,800000,599,amount,11761.0,0.3793870967741935,1
explanation_stability_v1,2026-09-23 20:28:11,42,D3_PaySim,RANDOM_STRATIFIED_SAFE,lightgbm,strict,False,1000000,749,28.292500019073486,800000,599,oldbalanceOrg,10356.0,0.33406451612903226,2
explanation_stability_v1,2026-09-23 20:28:11,42,D3_PaySim,RANDOM_STRATIFIED_SAFE,lightgbm,strict,False,1000000,749,28.292500019073486,800000,599,oldbalanceDest,6772.0,0.21845161290322582,3
explanation_stability_v1,2026-09-23 20:28:11,42,D3_PaySim,RANDOM_STRATIFIED_SAFE,lightgbm,strict,False,1000000,749,28.292500019073486,800000,599,type,2111.0,0.06809677419354838,4
explanation_stability_v1,2026-09-23 20:28:34,42,D3_PaySim,CHRONOLOGICAL_SAFE,xgboost,strict,False,1000000,749,2.0151584148406982,800000,625,type,0.8543537734076381,0.8543538139872667,1
explanation_stability_v1,2026-09-23 20:28:34,42,D3_PaySim,CHRONOLOGICAL_SAFE,xgboost,strict,False,1000000,749,2.0151584148406982,800000,625,oldbalanceOrg,0.06637493520975113,0.06637493836239153,2
explanation_stability_v1,2026-09-23 20:28:34,42,D3_PaySim,CHRONOLOGICAL_SAFE,xgboost,strict,False,1000000,749,2.0151584148406982,800000,625,amount,0.05207348242402077,0.05207348489737858,3
explanation_stability_v1,2026-09-23 20:28:34,42,D3_PaySim,CHRONOLOGICAL_SAFE,xgboost,strict,False,1000000,749,2.0151584148406982,800000,625,oldbalanceDest,0.027197761461138725,0.027197762752963137,4
explanation_stability_v1,2026-09-23 20:29:26,42,D3_PaySim,CHRONOLOGICAL_SAFE,lightgbm,strict,False,1000000,749,26.9674072265625,800000,625,amount,12185.0,0.39306451612903226,1
explanation_stability_v1,2026-09-23 20:29:26,42,D3_PaySim,CHRONOLOGICAL_SAFE,lightgbm,strict,False,1000000,749,26.9674072265625,800000,625,oldbalanceOrg,10528.0,0.33961290322580645,2
explanation_stability_v1,2026-09-23 20:29:26,42,D3_PaySim,CHRONOLOGICAL_SAFE,lightgbm,strict,False,1000000,749,26.9674072265625,800000,625,oldbalanceDest,6291.0,0.20293548387096774,3
explanation_stability_v1,2026-09-23 20:29:26,42,D3_PaySim,CHRONOLOGICAL_SAFE,lightgbm,strict,False,1000000,749,26.9674072265625,800000,625,type,1996.0,0.06438709677419355,4
explanation_stability_v1,2026-09-23 20:29:35,101,D1_creditcard,RANDOM_STRATIFIED_SAFE,xgboost,strict,False,283726,473,3.0371487140655518,226980,378,V14,0.45263350009918213,0.45263350389311235,1
explanation_stability_v1,2026-09-23 20:29:35,101,D1_creditcard,RANDOM_STRATIFIED_SAFE,xgboost,strict,False,283726,473,3.0371487140655518,226980,378,V10,0.09735161066055298,0.09735161147654475,2
explanation_stability_v1,2026-09-23 20:29:35,101,D1_creditcard,RANDOM_STRATIFIED_SAFE,xgboost,strict,False,283726,473,3.0371487140655518,226980,378,V4,0.05982793867588043,0.05982793917735243,3
explanation_stability_v1,2026-09-23 20:29:35,101,D1_creditcard,RANDOM_STRATIFIED_SAFE,xgboost,strict,False,283726,473,3.0371487140655518,226980,378,V8,0.04070884734392166,0.04070884768513928,4
explanation_stability_v1,2026-09-23 20:29:35,101,D1_creditcard,RANDOM_STRATIFIED_SAFE,xgboost,strict,False,283726,473,3.0371487140655518,226980,378,V20,0.033062271773815155,0.033062272050939916,5
explanation_stability_v1,2026-09-23 20:29:35,101,D1_creditcard,RANDOM_STRATIFIED_SAFE,xgboost,strict,False,283726,473,3.0371487140655518,226980,378,V12,0.02889409102499485,0.028894091267182325,6
explanation_stability_v1,2026-09-23 20:29:35,101,D1_creditcard,RANDOM_STRATIFIED_SAFE,xgboost,strict,False,283726,473,3.0371487140655518,226980,378,Amount,0.02190510183572769,0.021905102019334134,7
explanation_stability_v1,2026-09-23 20:29:35,101,D1_creditcard,RANDOM_STRATIFIED_SAFE,xgboost,strict,False,283726,473,3.0371487140655518,226980,378,V23,0.019531823694705963,0.019531823858419818,8
explanation_stability_v1,2026-09-23 20:29:35,101,D1_creditcard,RANDOM_STRATIFIED_SAFE,xgboost,strict,False,283726,473,3.0371487140655518,226980,378,V13,0.018955307081341743,0.018955307240223294,9
explanation_stability_v1,2026-09-23 20:29:35,101,D1_creditcard,RANDOM_STRATIFIED_SAFE,xgboost,strict,False,283726,473,3.0371487140655518,226980,378,V19,0.01645592227578163,0.01645592241371358,10
explanation_stability_v1,2026-09-23 20:29:35,101,D1_creditcard,RANDOM_STRATIFIED_SAFE,xgboost,strict,False,283726,473,3.0371487140655518,226980,378,V17,0.016403840854763985,0.016403840992259392,11
explanation_stability_v1,2026-09-23 20:29:35,101,D1_creditcard,RANDOM_STRATIFIED_SAFE,xgboost,strict,False,283726,473,3.0371487140655518,226980,378,V11,0.01611395925283432,0.016113959387899966,12
explanation_stability_v1,2026-09-23 20:29:35,101,D1_creditcard,RANDOM_STRATIFIED_SAFE,xgboost,strict,False,283726,473,3.0371487140655518,226980,378,V7,0.014245926402509212,0.014245926521917189,13
explanation_stability_v1,2026-09-23 20:29:35,101,D1_creditcard,RANDOM_STRATIFIED_SAFE,xgboost,strict,False,283726,473,3.0371487140655518,226980,378,V1,0.014196759089827538,0.0141967592088234,14
explanation_stability_v1,2026-09-23 20:29:35,101,D1_creditcard,RANDOM_STRATIFIED_SAFE,xgboost,strict,False,283726,473,3.0371487140655518,226980,378,V3,0.013153033331036568,0.013153033441284021,15
explanation_stability_v1,2026-09-23 20:29:35,101,D1_creditcard,RANDOM_STRATIFIED_SAFE,xgboost,strict,False,283726,473,3.0371487140655518,226980,378,V27,0.012568059377372265,0.012568059482716522,16
explanation_stability_v1,2026-09-23 20:29:35,101,D1_creditcard,RANDOM_STRATIFIED_SAFE,xgboost,strict,False,283726,473,3.0371487140655518,226980,378,V28,0.012472465634346008,0.01247246573888901,17
explanation_stability_v1,2026-09-23 20:29:35,101,D1_creditcard,RANDOM_STRATIFIED_SAFE,xgboost,strict,False,283726,473,3.0371487140655518,226980,378,V21,0.012026573531329632,0.012026573632135207,18
explanation_stability_v1,2026-09-23 20:29:35,101,D1_creditcard,RANDOM_STRATIFIED_SAFE,xgboost,strict,False,283726,473,3.0371487140655518,226980,378,V25,0.011784905567765236,0.011784905666545173,19
explanation_stability_v1,2026-09-23 20:29:35,101,D1_creditcard,RANDOM_STRATIFIED_SAFE,xgboost,strict,False,283726,473,3.0371487140655518,226980,378,V26,0.011660377494990826,0.011660377592726982,20
explanation_stability_v1,2026-09-23 20:29:35,101,D1_creditcard,RANDOM_STRATIFIED_SAFE,xgboost,strict,False,283726,473,3.0371487140655518,226980,378,V18,0.011075763963162899,0.011075764055998881,21
explanation_stability_v1,2026-09-23 20:29:35,101,D1_creditcard,RANDOM_STRATIFIED_SAFE,xgboost,strict,False,283726,473,3.0371487140655518,226980,378,V2,0.010448427870869637,0.010448427958447347,22
explanation_stability_v1,2026-09-23 20:29:35,101,D1_creditcard,RANDOM_STRATIFIED_SAFE,xgboost,strict,False,283726,473,3.0371487140655518,226980,378,V15,0.010309258475899696,0.010309258562310903,23
explanation_stability_v1,2026-09-23 20:29:35,101,D1_creditcard,RANDOM_STRATIFIED_SAFE,xgboost,strict,False,283726,473,3.0371487140655518,226980,378,V6,0.009517449885606766,0.009517449965381109,24
explanation_stability_v1,2026-09-23 20:29:35,101,D1_creditcard,RANDOM_STRATIFIED_SAFE,xgboost,strict,False,283726,473,3.0371487140655518,226980,378,V16,0.009377935901284218,0.009377935979889169,25
explanation_stability_v1,2026-09-23 20:29:35,101,D1_creditcard,RANDOM_STRATIFIED_SAFE,xgboost,strict,False,283726,473,3.0371487140655518,226980,378,V22,0.008959912694990635,0.008959912770091756,26
explanation_stability_v1,2026-09-23 20:29:35,101,D1_creditcard,RANDOM_STRATIFIED_SAFE,xgboost,strict,False,283726,473,3.0371487140655518,226980,378,V5,0.00586910592392087,0.005869105973115148,27
explanation_stability_v1,2026-09-23 20:29:35,101,D1_creditcard,RANDOM_STRATIFIED_SAFE,xgboost,strict,False,283726,473,3.0371487140655518,226980,378,V9,0.0056961108930408955,0.005696110940785146,28
explanation_stability_v1,2026-09-23 20:29:35,101,D1_creditcard,RANDOM_STRATIFIED_SAFE,xgboost,strict,False,283726,473,3.0371487140655518,226980,378,V24,0.004793711006641388,0.004793711046821809,29
explanation_stability_v1,2026-09-23 20:30:04,101,D1_creditcard,RANDOM_STRATIFIED_SAFE,lightgbm,strict,False,283726,473,23.50358748435974,226980,378,V4,1783.0,0.061540054533531216,1
explanation_stability_v1,2026-09-23 20:30:04,101,D1_creditcard,RANDOM_STRATIFIED_SAFE,lightgbm,strict,False,283726,473,23.50358748435974,226980,378,V14,1500.0,0.051772339764608426,2
explanation_stability_v1,2026-09-23 20:30:04,101,D1_creditcard,RANDOM_STRATIFIED_SAFE,lightgbm,strict,False,283726,473,23.50358748435974,226980,378,V26,1302.0,0.04493839091568012,3
explanation_stability_v1,2026-09-23 20:30:04,101,D1_creditcard,RANDOM_STRATIFIED_SAFE,lightgbm,strict,False,283726,473,23.50358748435974,226980,378,V12,1295.0,0.04469678666344527,4
explanation_stability_v1,2026-09-23 20:30:04,101,D1_creditcard,RANDOM_STRATIFIED_SAFE,lightgbm,strict,False,283726,473,23.50358748435974,226980,378,V11,1270.0,0.043833914334035134,5
explanation_stability_v1,2026-09-23 20:30:04,101,D1_creditcard,RANDOM_STRATIFIED_SAFE,lightgbm,strict,False,283726,473,23.50358748435974,226980,378,V28,1266.0,0.04369585476132951,6
explanation_stability_v1,2026-09-23 20:30:04,101,D1_creditcard,RANDOM_STRATIFIED_SAFE,lightgbm,strict,False,283726,473,23.50358748435974,226980,378,V13,1191.0,0.04110723777309909,7
explanation_stability_v1,2026-09-23 20:30:04,101,D1_creditcard,RANDOM_STRATIFIED_SAFE,lightgbm,strict,False,283726,473,23.50358748435974,226980,378,V25,1134.0,0.03913988886204397,8
explanation_stability_v1,2026-09-23 20:30:04,101,D1_creditcard,RANDOM_STRATIFIED_SAFE,lightgbm,strict,False,283726,473,23.50358748435974,226980,378,V24,1120.0,0.038656680357574295,9
explanation_stability_v1,2026-09-23 20:30:04,101,D1_creditcard,RANDOM_STRATIFIED_SAFE,lightgbm,strict,False,283726,473,23.50358748435974,226980,378,V27,1036.0,0.03575742933075622,10
explanation_stability_v1,2026-09-23 20:30:04,101,D1_creditcard,RANDOM_STRATIFIED_SAFE,lightgbm,strict,False,283726,473,23.50358748435974,226980,378,Amount,1019.0,0.035170676146757326,11
explanation_stability_v1,2026-09-23 20:30:04,101,D1_creditcard,RANDOM_STRATIFIED_SAFE,lightgbm,strict,False,283726,473,23.50358748435974,226980,378,V18,994.0,0.03430780381734719,12
explanation_stability_v1,2026-09-23 20:30:04,101,D1_creditcard,RANDOM_STRATIFIED_SAFE,lightgbm,strict,False,283726,473,23.50358748435974,226980,378,V10,979.0,0.0337900804197011,13
explanation_stability_v1,2026-09-23 20:30:04,101,D1_creditcard,RANDOM_STRATIFIED_SAFE,lightgbm,strict,False,283726,473,23.50358748435974,226980,378,V15,958.0,0.033065267662996584,14
explanation_stability_v1,2026-09-23 20:30:04,101,D1_creditcard,RANDOM_STRATIFIED_SAFE,lightgbm,strict,False,283726,473,23.50358748435974,226980,378,V19,941.0,0.03247851447899769,15
explanation_stability_v1,2026-09-23 20:30:04,101,D1_creditcard,RANDOM_STRATIFIED_SAFE,lightgbm,strict,False,283726,473,23.50358748435974,226980,378,V7,926.0,0.0319607910813516,16
explanation_stability_v1,2026-09-23 20:30:04,101,D1_creditcard,RANDOM_STRATIFIED_SAFE,lightgbm,strict,False,283726,473,23.50358748435974,226980,378,V21,893.0,0.03082179960653022,17
explanation_stability_v1,2026-09-23 20:30:04,101,D1_creditcard,RANDOM_STRATIFIED_SAFE,lightgbm,strict,False,283726,473,23.50358748435974,226980,378,V16,881.0,0.03040762088841335,18
explanation_stability_v1,2026-09-23 20:30:04,101,D1_creditcard,RANDOM_STRATIFIED_SAFE,lightgbm,strict,False,283726,473,23.50358748435974,226980,378,V3,877.0,0.030269561315707728,19
explanation_stability_v1,2026-09-23 20:30:04,101,D1_creditcard,RANDOM_STRATIFIED_SAFE,lightgbm,strict,False,283726,473,23.50358748435974,226980,378,V20,872.0,0.0300969868498257,20
explanation_stability_v1,2026-09-23 20:30:04,101,D1_creditcard,RANDOM_STRATIFIED_SAFE,lightgbm,strict,False,283726,473,23.50358748435974,226980,378,V8,868.0,0.029958927277120077,21
explanation_stability_v1,2026-09-23 20:30:04,101,D1_creditcard,RANDOM_STRATIFIED_SAFE,lightgbm,strict,False,283726,473,23.50358748435974,226980,378,V22,855.0,0.029510233665826804,22
explanation_stability_v1,2026-09-23 20:30:04,101,D1_creditcard,RANDOM_STRATIFIED_SAFE,lightgbm,strict,False,283726,473,23.50358748435974,226980,378,V1,829.0,0.028612846443240258,23
explanation_stability_v1,2026-09-23 20:30:04,101,D1_creditcard,RANDOM_STRATIFIED_SAFE,lightgbm,strict,False,283726,473,23.50358748435974,226980,378,V9,780.0,0.026921616677596384,24
explanation_stability_v1,2026-09-23 20:30:04,101,D1_creditcard,RANDOM_STRATIFIED_SAFE,lightgbm,strict,False,283726,473,23.50358748435974,226980,378,V6,745.0,0.025713595416422187,25
explanation_stability_v1,2026-09-23 20:30:04,101,D1_creditcard,RANDOM_STRATIFIED_SAFE,lightgbm,strict,False,283726,473,23.50358748435974,226980,378,V5,703.0,0.02426396990301315,26
explanation_stability_v1,2026-09-23 20:30:04,101,D1_creditcard,RANDOM_STRATIFIED_SAFE,lightgbm,strict,False,283726,473,23.50358748435974,226980,378,V23,685.0,0.023642701825837848,27
explanation_stability_v1,2026-09-23 20:30:04,101,D1_creditcard,RANDOM_STRATIFIED_SAFE,lightgbm,strict,False,283726,473,23.50358748435974,226980,378,V2,677.0,0.023366582680426604,28
explanation_stability_v1,2026-09-23 20:30:04,101,D1_creditcard,RANDOM_STRATIFIED_SAFE,lightgbm,strict,False,283726,473,23.50358748435974,226980,378,V17,594.0,0.020501846546784937,29
explanation_stability_v1,2026-09-23 20:30:11,101,D1_creditcard,CHRONOLOGICAL_SAFE,xgboost,strict,False,283726,473,2.1067745685577393,226980,399,V14,0.44569385051727295,0.4456938090088024,1
explanation_stability_v1,2026-09-23 20:30:11,101,D1_creditcard,CHRONOLOGICAL_SAFE,xgboost,strict,False,283726,473,2.1067745685577393,226980,399,V10,0.0936475470662117,0.09364753834460506,2
explanation_stability_v1,2026-09-23 20:30:11,101,D1_creditcard,CHRONOLOGICAL_SAFE,xgboost,strict,False,283726,473,2.1067745685577393,226980,399,V4,0.06318562477827072,0.06318561889365139,3
explanation_stability_v1,2026-09-23 20:30:11,101,D1_creditcard,CHRONOLOGICAL_SAFE,xgboost,strict,False,283726,473,2.1067745685577393,226980,399,V8,0.03453841060400009,0.03453840738736024,4
explanation_stability_v1,2026-09-23 20:30:11,101,D1_creditcard,CHRONOLOGICAL_SAFE,xgboost,strict,False,283726,473,2.1067745685577393,226980,399,V20,0.029193902388215065,0.029193899669321285,5
explanation_stability_v1,2026-09-23 20:30:11,101,D1_creditcard,CHRONOLOGICAL_SAFE,xgboost,strict,False,283726,473,2.1067745685577393,226980,399,V12,0.028396649286150932,0.028396646641507126,6
explanation_stability_v1,2026-09-23 20:30:11,101,D1_creditcard,CHRONOLOGICAL_SAFE,xgboost,strict,False,283726,473,2.1067745685577393,226980,399,V19,0.02129572257399559,0.021295720590677056,7
explanation_stability_v1,2026-09-23 20:30:11,101,D1_creditcard,CHRONOLOGICAL_SAFE,xgboost,strict,False,283726,473,2.1067745685577393,226980,399,Amount,0.019498905166983604,0.019498903351006718,8
explanation_stability_v1,2026-09-23 20:30:11,101,D1_creditcard,CHRONOLOGICAL_SAFE,xgboost,strict,False,283726,473,2.1067745685577393,226980,399,V13,0.019387604668736458,0.019387602863125235,9
explanation_stability_v1,2026-09-23 20:30:11,101,D1_creditcard,CHRONOLOGICAL_SAFE,xgboost,strict,False,283726,473,2.1067745685577393,226980,399,V23,0.01911618560552597,0.019116183825192617,10
explanation_stability_v1,2026-09-23 20:30:11,101,D1_creditcard,CHRONOLOGICAL_SAFE,xgboost,strict,False,283726,473,2.1067745685577393,226980,399,V21,0.01775958389043808,0.017759582236448093,11
explanation_stability_v1,2026-09-23 20:30:11,101,D1_creditcard,CHRONOLOGICAL_SAFE,xgboost,strict,False,283726,473,2.1067745685577393,226980,399,V1,0.01632266491651535,0.01632266339634886,12
explanation_stability_v1,2026-09-23 20:30:11,101,D1_creditcard,CHRONOLOGICAL_SAFE,xgboost,strict,False,283726,473,2.1067745685577393,226980,399,V25,0.015583339147269726,0.015583337695958308,13
explanation_stability_v1,2026-09-23 20:30:11,101,D1_creditcard,CHRONOLOGICAL_SAFE,xgboost,strict,False,283726,473,2.1067745685577393,226980,399,V7,0.014851100742816925,0.014851099359700515,14
explanation_stability_v1,2026-09-23 20:30:11,101,D1_creditcard,CHRONOLOGICAL_SAFE,xgboost,strict,False,283726,473,2.1067745685577393,226980,399,V11,0.014848882332444191,0.014848880949534387,15
explanation_stability_v1,2026-09-23 20:30:11,101,D1_creditcard,CHRONOLOGICAL_SAFE,xgboost,strict,False,283726,473,2.1067745685577393,226980,399,V16,0.013222728855907917,0.013222727624445443,16
explanation_stability_v1,2026-09-23 20:30:11,101,D1_creditcard,CHRONOLOGICAL_SAFE,xgboost,strict,False,283726,473,2.1067745685577393,226980,399,V15,0.012907530181109905,0.012907528979002594,17
explanation_stability_v1,2026-09-23 20:30:11,101,D1_creditcard,CHRONOLOGICAL_SAFE,xgboost,strict,False,283726,473,2.1067745685577393,226980,399,V26,0.012133895419538021,0.012133894289481055,18
explanation_stability_v1,2026-09-23 20:30:11,101,D1_creditcard,CHRONOLOGICAL_SAFE,xgboost,strict,False,283726,473,2.1067745685577393,226980,399,V17,0.012018121778964996,0.012018120659690289,19
explanation_stability_v1,2026-09-23 20:30:11,101,D1_creditcard,CHRONOLOGICAL_SAFE,xgboost,strict,False,283726,473,2.1067745685577393,226980,399,V28,0.012007530778646469,0.012007529660358125,20
explanation_stability_v1,2026-09-23 20:30:11,101,D1_creditcard,CHRONOLOGICAL_SAFE,xgboost,strict,False,283726,473,2.1067745685577393,226980,399,V3,0.01166249718517065,0.01166249609901606,21
explanation_stability_v1,2026-09-23 20:30:11,101,D1_creditcard,CHRONOLOGICAL_SAFE,xgboost,strict,False,283726,473,2.1067745685577393,226980,399,V22,0.010327516123652458,0.010327515161827658,22
explanation_stability_v1,2026-09-23 20:30:11,101,D1_creditcard,CHRONOLOGICAL_SAFE,xgboost,strict,False,283726,473,2.1067745685577393,226980,399,V18,0.010299259796738625,0.010299258837545398,23
explanation_stability_v1,2026-09-23 20:30:11,101,D1_creditcard,CHRONOLOGICAL_SAFE,xgboost,strict,False,283726,473,2.1067745685577393,226980,399,V9,0.010287191718816757,0.010287190760747458,24
explanation_stability_v1,2026-09-23 20:30:11,101,D1_creditcard,CHRONOLOGICAL_SAFE,xgboost,strict,False,283726,473,2.1067745685577393,226980,399,V5,0.010039805434644222,0.010039804499614564,25
explanation_stability_v1,2026-09-23 20:30:11,101,D1_creditcard,CHRONOLOGICAL_SAFE,xgboost,strict,False,283726,473,2.1067745685577393,226980,399,V2,0.009175717830657959,0.009175716976102723,26
explanation_stability_v1,2026-09-23 20:30:11,101,D1_creditcard,CHRONOLOGICAL_SAFE,xgboost,strict,False,283726,473,2.1067745685577393,226980,399,V27,0.008732791058719158,0.00873279024541469,27
explanation_stability_v1,2026-09-23 20:30:11,101,D1_creditcard,CHRONOLOGICAL_SAFE,xgboost,strict,False,283726,473,2.1067745685577393,226980,399,V6,0.008388013578951359,0.008388012797756791,28
explanation_stability_v1,2026-09-23 20:30:11,101,D1_creditcard,CHRONOLOGICAL_SAFE,xgboost,strict,False,283726,473,2.1067745685577393,226980,399,V24,0.005477519705891609,0.005477519195757881,29
explanation_stability_v1,2026-09-23 20:30:40,101,D1_creditcard,CHRONOLOGICAL_SAFE,lightgbm,strict,False,283726,473,21.570075750350952,226980,399,V4,1753.0,0.06049208047206598,1
explanation_stability_v1,2026-09-23 20:30:40,101,D1_creditcard,CHRONOLOGICAL_SAFE,lightgbm,strict,False,283726,473,21.570075750350952,226980,399,V14,1477.0,0.050967942303047034,2
explanation_stability_v1,2026-09-23 20:30:40,101,D1_creditcard,CHRONOLOGICAL_SAFE,lightgbm,strict,False,283726,473,21.570075750350952,226980,399,V12,1255.0,0.04330722247144484,3
explanation_stability_v1,2026-09-23 20:30:40,101,D1_creditcard,CHRONOLOGICAL_SAFE,lightgbm,strict,False,283726,473,21.570075750350952,226980,399,Amount,1187.0,0.040960695676179305,4
explanation_stability_v1,2026-09-23 20:30:40,101,D1_creditcard,CHRONOLOGICAL_SAFE,lightgbm,strict,False,283726,473,21.570075750350952,226980,399,V28,1111.0,0.038338106905000176,5
explanation_stability_v1,2026-09-23 20:30:40,101,D1_creditcard,CHRONOLOGICAL_SAFE,lightgbm,strict,False,283726,473,21.570075750350952,226980,399,V26,1110.0,0.03830359915801097,6
explanation_stability_v1,2026-09-23 20:30:40,101,D1_creditcard,CHRONOLOGICAL_SAFE,lightgbm,strict,False,283726,473,21.570075750350952,226980,399,V10,1104.0,0.03809655267607578,7
explanation_stability_v1,2026-09-23 20:30:40,101,D1_creditcard,CHRONOLOGICAL_SAFE,lightgbm,strict,False,283726,473,21.570075750350952,226980,399,V19,1092.0,0.03768245971220539,8
explanation_stability_v1,2026-09-23 20:30:40,101,D1_creditcard,CHRONOLOGICAL_SAFE,lightgbm,strict,False,283726,473,21.570075750350952,226980,399,V13,1090.0,0.037613444218226995,9
explanation_stability_v1,2026-09-23 20:30:40,101,D1_creditcard,CHRONOLOGICAL_SAFE,lightgbm,strict,False,283726,473,21.570075750350952,226980,399,V24,1050.0,0.03623313433865903,10
explanation_stability_v1,2026-09-23 20:30:40,101,D1_creditcard,CHRONOLOGICAL_SAFE,lightgbm,strict,False,283726,473,21.570075750350952,226980,399,V8,1022.0,0.03526691742296145,11
explanation_stability_v1,2026-09-23 20:30:40,101,D1_creditcard,CHRONOLOGICAL_SAFE,lightgbm,strict,False,283726,473,21.570075750350952,226980,399,V22,1015.0,0.03502536319403706,12
explanation_stability_v1,2026-09-23 20:30:40,101,D1_creditcard,CHRONOLOGICAL_SAFE,lightgbm,strict,False,283726,473,21.570075750350952,226980,399,V1,1004.0,0.03464577797715587,13
explanation_stability_v1,2026-09-23 20:30:40,101,D1_creditcard,CHRONOLOGICAL_SAFE,lightgbm,strict,False,283726,473,21.570075750350952,226980,399,V7,1000.0,0.034507746989199076,14
explanation_stability_v1,2026-09-23 20:30:40,101,D1_creditcard,CHRONOLOGICAL_SAFE,lightgbm,strict,False,283726,473,21.570075750350952,226980,399,V11,992.0,0.03423168501328548,15
explanation_stability_v1,2026-09-23 20:30:40,101,D1_creditcard,CHRONOLOGICAL_SAFE,lightgbm,strict,False,283726,473,21.570075750350952,226980,399,V20,907.0,0.03129852651920356,16
explanation_stability_v1,2026-09-23 20:30:40,101,D1_creditcard,CHRONOLOGICAL_SAFE,lightgbm,strict,False,283726,473,21.570075750350952,226980,399,V3,904.0,0.031195003278235964,17
explanation_stability_v1,2026-09-23 20:30:40,101,D1_creditcard,CHRONOLOGICAL_SAFE,lightgbm,strict,False,283726,473,21.570075750350952,226980,399,V23,894.0,0.030849925808343972,18
explanation_stability_v1,2026-09-23 20:30:40,101,D1_creditcard,CHRONOLOGICAL_SAFE,lightgbm,strict,False,283726,473,21.570075750350952,226980,399,V5,894.0,0.030849925808343972,19
explanation_stability_v1,2026-09-23 20:30:40,101,D1_creditcard,CHRONOLOGICAL_SAFE,lightgbm,strict,False,283726,473,21.570075750350952,226980,399,V25,892.0,0.030780910314365573,20
explanation_stability_v1,2026-09-23 20:30:40,101,D1_creditcard,CHRONOLOGICAL_SAFE,lightgbm,strict,False,283726,473,21.570075750350952,226980,399,V16,862.0,0.029745677904689603,21
explanation_stability_v1,2026-09-23 20:30:40,101,D1_creditcard,CHRONOLOGICAL_SAFE,lightgbm,strict,False,283726,473,21.570075750350952,226980,399,V15,849.0,0.029297077193830016,22
explanation_stability_v1,2026-09-23 20:30:40,101,D1_creditcard,CHRONOLOGICAL_SAFE,lightgbm,strict,False,283726,473,21.570075750350952,226980,399,V27,840.0,0.028986507470927222,23
explanation_stability_v1,2026-09-23 20:30:40,101,D1_creditcard,CHRONOLOGICAL_SAFE,lightgbm,strict,False,283726,473,21.570075750350952,226980,399,V21,824.0,0.028434383519100038,24
explanation_stability_v1,2026-09-23 20:30:40,101,D1_creditcard,CHRONOLOGICAL_SAFE,lightgbm,strict,False,283726,473,21.570075750350952,226980,399,V6,806.0,0.027813244073294455,25
explanation_stability_v1,2026-09-23 20:30:40,101,D1_creditcard,CHRONOLOGICAL_SAFE,lightgbm,strict,False,283726,473,21.570075750350952,226980,399,V2,785.0,0.027088581386521274,26
explanation_stability_v1,2026-09-23 20:30:40,101,D1_creditcard,CHRONOLOGICAL_SAFE,lightgbm,strict,False,283726,473,21.570075750350952,226980,399,V18,760.0,0.026225887711791296,27
explanation_stability_v1,2026-09-23 20:30:40,101,D1_creditcard,CHRONOLOGICAL_SAFE,lightgbm,strict,False,283726,473,21.570075750350952,226980,399,V17,750.0,0.025880810241899307,28
explanation_stability_v1,2026-09-23 20:30:40,101,D1_creditcard,CHRONOLOGICAL_SAFE,lightgbm,strict,False,283726,473,21.570075750350952,226980,399,V9,750.0,0.025880810241899307,29
explanation_stability_v1,2026-09-23 20:30:49,101,D2_fraudTest,RANDOM_STRATIFIED_SAFE,xgboost,strict,False,555719,2145,1.5223021507263184,444575,1716,category,0.4206215087324381,0.42062154971764387,1
explanation_stability_v1,2026-09-23 20:30:49,101,D2_fraudTest,RANDOM_STRATIFIED_SAFE,xgboost,strict,False,555719,2145,1.5223021507263184,444575,1716,state,0.39608731295447797,0.3960873515490807,2
explanation_stability_v1,2026-09-23 20:30:49,101,D2_fraudTest,RANDOM_STRATIFIED_SAFE,xgboost,strict,False,555719,2145,1.5223021507263184,444575,1716,amt,0.11096736788749695,0.11096737870011665,3
explanation_stability_v1,2026-09-23 20:30:49,101,D2_fraudTest,RANDOM_STRATIFIED_SAFE,xgboost,strict,False,555719,2145,1.5223021507263184,444575,1716,trans_hour,0.04240655153989792,0.04240655567197677,4
explanation_stability_v1,2026-09-23 20:30:49,101,D2_fraudTest,RANDOM_STRATIFIED_SAFE,xgboost,strict,False,555719,2145,1.5223021507263184,444575,1716,age_years,0.008885581977665424,0.008885582843473279,5
explanation_stability_v1,2026-09-23 20:30:49,101,D2_fraudTest,RANDOM_STRATIFIED_SAFE,xgboost,strict,False,555719,2145,1.5223021507263184,444575,1716,city_pop,0.008324836380779743,0.008324837191948752,6
explanation_stability_v1,2026-09-23 20:30:49,101,D2_fraudTest,RANDOM_STRATIFIED_SAFE,xgboost,strict,False,555719,2145,1.5223021507263184,444575,1716,trans_month,0.007265256717801094,0.007265257425725049,7
explanation_stability_v1,2026-09-23 20:30:49,101,D2_fraudTest,RANDOM_STRATIFIED_SAFE,xgboost,strict,False,555719,2145,1.5223021507263184,444575,1716,trans_dayofweek,0.005441486369818449,0.005441486900034888,8
explanation_stability_v1,2026-09-23 20:31:20,101,D2_fraudTest,RANDOM_STRATIFIED_SAFE,lightgbm,strict,False,555719,2145,19.69839644432068,444575,1716,state,6265.0,0.20209677419354838,1
explanation_stability_v1,2026-09-23 20:31:20,101,D2_fraudTest,RANDOM_STRATIFIED_SAFE,lightgbm,strict,False,555719,2145,19.69839644432068,444575,1716,age_years,5748.0,0.18541935483870967,2
explanation_stability_v1,2026-09-23 20:31:20,101,D2_fraudTest,RANDOM_STRATIFIED_SAFE,lightgbm,strict,False,555719,2145,19.69839644432068,444575,1716,amt,4795.0,0.1546774193548387,3
explanation_stability_v1,2026-09-23 20:31:20,101,D2_fraudTest,RANDOM_STRATIFIED_SAFE,lightgbm,strict,False,555719,2145,19.69839644432068,444575,1716,category,4353.0,0.14041935483870968,4
explanation_stability_v1,2026-09-23 20:31:20,101,D2_fraudTest,RANDOM_STRATIFIED_SAFE,lightgbm,strict,False,555719,2145,19.69839644432068,444575,1716,city_pop,3938.0,0.12703225806451612,5
explanation_stability_v1,2026-09-23 20:31:20,101,D2_fraudTest,RANDOM_STRATIFIED_SAFE,lightgbm,strict,False,555719,2145,19.69839644432068,444575,1716,trans_hour,2412.0,0.07780645161290323,6
explanation_stability_v1,2026-09-23 20:31:20,101,D2_fraudTest,RANDOM_STRATIFIED_SAFE,lightgbm,strict,False,555719,2145,19.69839644432068,444575,1716,trans_month,1889.0,0.06093548387096774,7
explanation_stability_v1,2026-09-23 20:31:20,101,D2_fraudTest,RANDOM_STRATIFIED_SAFE,lightgbm,strict,False,555719,2145,19.69839644432068,444575,1716,trans_dayofweek,1600.0,0.05161290322580645,8
explanation_stability_v1,2026-09-23 20:31:28,101,D2_fraudTest,CHRONOLOGICAL_SAFE,xgboost,strict,False,555719,2145,1.4675328731536865,444575,1961,category,0.4741969294846058,0.47419691115694884,1
explanation_stability_v1,2026-09-23 20:31:28,101,D2_fraudTest,CHRONOLOGICAL_SAFE,xgboost,strict,False,555719,2145,1.4675328731536865,444575,1961,state,0.3299777847714722,0.32997777201786865,2
explanation_stability_v1,2026-09-23 20:31:28,101,D2_fraudTest,CHRONOLOGICAL_SAFE,xgboost,strict,False,555719,2145,1.4675328731536865,444575,1961,amt,0.12232858687639236,0.1223285821484065,3
explanation_stability_v1,2026-09-23 20:31:28,101,D2_fraudTest,CHRONOLOGICAL_SAFE,xgboost,strict,False,555719,2145,1.4675328731536865,444575,1961,trans_hour,0.04458310082554817,0.04458309910241644,4
explanation_stability_v1,2026-09-23 20:31:28,101,D2_fraudTest,CHRONOLOGICAL_SAFE,xgboost,strict,False,555719,2145,1.4675328731536865,444575,1961,age_years,0.010145931504666805,0.010145931112527715,5
explanation_stability_v1,2026-09-23 20:31:28,101,D2_fraudTest,CHRONOLOGICAL_SAFE,xgboost,strict,False,555719,2145,1.4675328731536865,444575,1961,city_pop,0.007861441001296043,0.00786144069745225,6
explanation_stability_v1,2026-09-23 20:31:28,101,D2_fraudTest,CHRONOLOGICAL_SAFE,xgboost,strict,False,555719,2145,1.4675328731536865,444575,1961,trans_month,0.0055449469946324825,0.005544946780320917,7
explanation_stability_v1,2026-09-23 20:31:28,101,D2_fraudTest,CHRONOLOGICAL_SAFE,xgboost,strict,False,555719,2145,1.4675328731536865,444575,1961,trans_dayofweek,0.005361317191272974,0.005361316984058679,8
explanation_stability_v1,2026-09-23 20:32:00,101,D2_fraudTest,CHRONOLOGICAL_SAFE,lightgbm,strict,False,555719,2145,21.334354400634766,444575,1961,age_years,5823.0,0.18783870967741936,1
explanation_stability_v1,2026-09-23 20:32:00,101,D2_fraudTest,CHRONOLOGICAL_SAFE,lightgbm,strict,False,555719,2145,21.334354400634766,444575,1961,state,5817.0,0.18764516129032258,2
explanation_stability_v1,2026-09-23 20:32:00,101,D2_fraudTest,CHRONOLOGICAL_SAFE,lightgbm,strict,False,555719,2145,21.334354400634766,444575,1961,amt,4761.0,0.15358064516129033,3
explanation_stability_v1,2026-09-23 20:32:00,101,D2_fraudTest,CHRONOLOGICAL_SAFE,lightgbm,strict,False,555719,2145,21.334354400634766,444575,1961,city_pop,4330.0,0.1396774193548387,4
explanation_stability_v1,2026-09-23 20:32:00,101,D2_fraudTest,CHRONOLOGICAL_SAFE,lightgbm,strict,False,555719,2145,21.334354400634766,444575,1961,category,4155.0,0.13403225806451613,5
explanation_stability_v1,2026-09-23 20:32:00,101,D2_fraudTest,CHRONOLOGICAL_SAFE,lightgbm,strict,False,555719,2145,21.334354400634766,444575,1961,trans_hour,2381.0,0.07680645161290323,6
explanation_stability_v1,2026-09-23 20:32:00,101,D2_fraudTest,CHRONOLOGICAL_SAFE,lightgbm,strict,False,555719,2145,21.334354400634766,444575,1961,trans_month,2172.0,0.07006451612903226,7
explanation_stability_v1,2026-09-23 20:32:00,101,D2_fraudTest,CHRONOLOGICAL_SAFE,lightgbm,strict,False,555719,2145,21.334354400634766,444575,1961,trans_dayofweek,1561.0,0.05035483870967742,8
explanation_stability_v1,2026-09-23 20:32:24,101,D3_PaySim,RANDOM_STRATIFIED_SAFE,xgboost,strict,False,1000000,749,2.0673699378967285,800000,599,type,0.8128215298056602,0.8128215267776641,1
explanation_stability_v1,2026-09-23 20:32:24,101,D3_PaySim,RANDOM_STRATIFIED_SAFE,xgboost,strict,False,1000000,749,2.0673699378967285,800000,599,oldbalanceOrg,0.08612409979104996,0.08612409947021268,2
explanation_stability_v1,2026-09-23 20:32:24,101,D3_PaySim,RANDOM_STRATIFIED_SAFE,xgboost,strict,False,1000000,749,2.0673699378967285,800000,599,amount,0.07395091652870178,0.07395091625321315,3
explanation_stability_v1,2026-09-23 20:32:24,101,D3_PaySim,RANDOM_STRATIFIED_SAFE,xgboost,strict,False,1000000,749,2.0673699378967285,800000,599,oldbalanceDest,0.02710345759987831,0.027103457498910064,4
explanation_stability_v1,2026-09-23 20:33:19,101,D3_PaySim,RANDOM_STRATIFIED_SAFE,lightgbm,strict,False,1000000,749,28.633007526397705,800000,599,amount,11738.0,0.3786451612903226,1
explanation_stability_v1,2026-09-23 20:33:19,101,D3_PaySim,RANDOM_STRATIFIED_SAFE,lightgbm,strict,False,1000000,749,28.633007526397705,800000,599,oldbalanceOrg,10655.0,0.3437096774193548,2
explanation_stability_v1,2026-09-23 20:33:19,101,D3_PaySim,RANDOM_STRATIFIED_SAFE,lightgbm,strict,False,1000000,749,28.633007526397705,800000,599,oldbalanceDest,6620.0,0.2135483870967742,3
explanation_stability_v1,2026-09-23 20:33:19,101,D3_PaySim,RANDOM_STRATIFIED_SAFE,lightgbm,strict,False,1000000,749,28.633007526397705,800000,599,type,1987.0,0.06409677419354838,4
explanation_stability_v1,2026-09-23 20:33:42,101,D3_PaySim,CHRONOLOGICAL_SAFE,xgboost,strict,False,1000000,749,2.0418365001678467,800000,625,type,0.8131925715133548,0.813192594991038,1
explanation_stability_v1,2026-09-23 20:33:42,101,D3_PaySim,CHRONOLOGICAL_SAFE,xgboost,strict,False,1000000,749,2.0418365001678467,800000,625,oldbalanceOrg,0.08457081019878387,0.08457081264042779,2
explanation_stability_v1,2026-09-23 20:33:42,101,D3_PaySim,CHRONOLOGICAL_SAFE,xgboost,strict,False,1000000,749,2.0418365001678467,800000,625,amount,0.07166650146245956,0.07166650353154318,3
explanation_stability_v1,2026-09-23 20:33:42,101,D3_PaySim,CHRONOLOGICAL_SAFE,xgboost,strict,False,1000000,749,2.0418365001678467,800000,625,oldbalanceDest,0.03057008795440197,0.030570088836991,4
explanation_stability_v1,2026-09-23 20:34:36,101,D3_PaySim,CHRONOLOGICAL_SAFE,lightgbm,strict,False,1000000,749,27.284350872039795,800000,625,amount,11770.0,0.37967741935483873,1
explanation_stability_v1,2026-09-23 20:34:36,101,D3_PaySim,CHRONOLOGICAL_SAFE,lightgbm,strict,False,1000000,749,27.284350872039795,800000,625,oldbalanceOrg,10866.0,0.35051612903225804,2
explanation_stability_v1,2026-09-23 20:34:36,101,D3_PaySim,CHRONOLOGICAL_SAFE,lightgbm,strict,False,1000000,749,27.284350872039795,800000,625,oldbalanceDest,6413.0,0.20687096774193547,3
explanation_stability_v1,2026-09-23 20:34:36,101,D3_PaySim,CHRONOLOGICAL_SAFE,lightgbm,strict,False,1000000,749,27.284350872039795,800000,625,type,1951.0,0.06293548387096774,4
explanation_stability_v1,2026-09-23 20:34:43,202,D1_creditcard,RANDOM_STRATIFIED_SAFE,xgboost,strict,False,283726,473,2.15035080909729,226980,378,V14,0.4370698928833008,0.4370698857598724,1
explanation_stability_v1,2026-09-23 20:34:43,202,D1_creditcard,RANDOM_STRATIFIED_SAFE,xgboost,strict,False,283726,473,2.15035080909729,226980,378,V4,0.08478602766990662,0.08478602628805167,2
explanation_stability_v1,2026-09-23 20:34:43,202,D1_creditcard,RANDOM_STRATIFIED_SAFE,xgboost,strict,False,283726,473,2.15035080909729,226980,378,V10,0.05437903106212616,0.05437903017584884,3
explanation_stability_v1,2026-09-23 20:34:43,202,D1_creditcard,RANDOM_STRATIFIED_SAFE,xgboost,strict,False,283726,473,2.15035080909729,226980,378,V20,0.039793334901332855,0.03979333425277532,4
explanation_stability_v1,2026-09-23 20:34:43,202,D1_creditcard,RANDOM_STRATIFIED_SAFE,xgboost,strict,False,283726,473,2.15035080909729,226980,378,V8,0.03405822068452835,0.03405822012944254,5
explanation_stability_v1,2026-09-23 20:34:43,202,D1_creditcard,RANDOM_STRATIFIED_SAFE,xgboost,strict,False,283726,473,2.15035080909729,226980,378,V12,0.023791735991835594,0.023791735604074438,6
explanation_stability_v1,2026-09-23 20:34:43,202,D1_creditcard,RANDOM_STRATIFIED_SAFE,xgboost,strict,False,283726,473,2.15035080909729,226980,378,V17,0.02288265898823738,0.02288265861529249,7
explanation_stability_v1,2026-09-23 20:34:43,202,D1_creditcard,RANDOM_STRATIFIED_SAFE,xgboost,strict,False,283726,473,2.15035080909729,226980,378,Amount,0.021933261305093765,0.021933260947622296,8
explanation_stability_v1,2026-09-23 20:34:43,202,D1_creditcard,RANDOM_STRATIFIED_SAFE,xgboost,strict,False,283726,473,2.15035080909729,226980,378,V19,0.020375516265630722,0.020375515933547608,9
explanation_stability_v1,2026-09-23 20:34:43,202,D1_creditcard,RANDOM_STRATIFIED_SAFE,xgboost,strict,False,283726,473,2.15035080909729,226980,378,V11,0.019747139886021614,0.01974713956417987,10
explanation_stability_v1,2026-09-23 20:34:43,202,D1_creditcard,RANDOM_STRATIFIED_SAFE,xgboost,strict,False,283726,473,2.15035080909729,226980,378,V21,0.019134143367409706,0.019134143055558668,11
explanation_stability_v1,2026-09-23 20:34:43,202,D1_creditcard,RANDOM_STRATIFIED_SAFE,xgboost,strict,False,283726,473,2.15035080909729,226980,378,V1,0.018017088994383812,0.018017088700738686,12
explanation_stability_v1,2026-09-23 20:34:43,202,D1_creditcard,RANDOM_STRATIFIED_SAFE,xgboost,strict,False,283726,473,2.15035080909729,226980,378,V7,0.01722262240946293,0.017222622128766137,13
explanation_stability_v1,2026-09-23 20:34:43,202,D1_creditcard,RANDOM_STRATIFIED_SAFE,xgboost,strict,False,283726,473,2.15035080909729,226980,378,V13,0.016709133982658386,0.0167091337103305,14
explanation_stability_v1,2026-09-23 20:34:43,202,D1_creditcard,RANDOM_STRATIFIED_SAFE,xgboost,strict,False,283726,473,2.15035080909729,226980,378,V5,0.015094846487045288,0.015094846241027294,15
explanation_stability_v1,2026-09-23 20:34:43,202,D1_creditcard,RANDOM_STRATIFIED_SAFE,xgboost,strict,False,283726,473,2.15035080909729,226980,378,V28,0.014443710446357727,0.014443710210952043,16
explanation_stability_v1,2026-09-23 20:34:43,202,D1_creditcard,RANDOM_STRATIFIED_SAFE,xgboost,strict,False,283726,473,2.15035080909729,226980,378,V3,0.014129954390227795,0.014129954159935752,17
explanation_stability_v1,2026-09-23 20:34:43,202,D1_creditcard,RANDOM_STRATIFIED_SAFE,xgboost,strict,False,283726,473,2.15035080909729,226980,378,V26,0.012935731559991837,0.01293573134916341,18
explanation_stability_v1,2026-09-23 20:34:43,202,D1_creditcard,RANDOM_STRATIFIED_SAFE,xgboost,strict,False,283726,473,2.15035080909729,226980,378,V6,0.012781698256731033,0.012781698048413065,19
explanation_stability_v1,2026-09-23 20:34:43,202,D1_creditcard,RANDOM_STRATIFIED_SAFE,xgboost,strict,False,283726,473,2.15035080909729,226980,378,V23,0.012688775546848774,0.012688775340045273,20
explanation_stability_v1,2026-09-23 20:34:43,202,D1_creditcard,RANDOM_STRATIFIED_SAFE,xgboost,strict,False,283726,473,2.15035080909729,226980,378,V9,0.012191185727715492,0.012191185529021781,21
explanation_stability_v1,2026-09-23 20:34:43,202,D1_creditcard,RANDOM_STRATIFIED_SAFE,xgboost,strict,False,283726,473,2.15035080909729,226980,378,V15,0.012105632573366165,0.012105632376066813,22
explanation_stability_v1,2026-09-23 20:34:43,202,D1_creditcard,RANDOM_STRATIFIED_SAFE,xgboost,strict,False,283726,473,2.15035080909729,226980,378,V18,0.011160495691001415,0.01116049550910604,23
explanation_stability_v1,2026-09-23 20:34:43,202,D1_creditcard,RANDOM_STRATIFIED_SAFE,xgboost,strict,False,283726,473,2.15035080909729,226980,378,V22,0.01010918989777565,0.01010918973301461,24
explanation_stability_v1,2026-09-23 20:34:43,202,D1_creditcard,RANDOM_STRATIFIED_SAFE,xgboost,strict,False,283726,473,2.15035080909729,226980,378,V27,0.009371967054903507,0.009371966902157832,25
explanation_stability_v1,2026-09-23 20:34:43,202,D1_creditcard,RANDOM_STRATIFIED_SAFE,xgboost,strict,False,283726,473,2.15035080909729,226980,378,V25,0.00906319823116064,0.009063198083447323,26
explanation_stability_v1,2026-09-23 20:34:43,202,D1_creditcard,RANDOM_STRATIFIED_SAFE,xgboost,strict,False,283726,473,2.15035080909729,226980,378,V2,0.008762714453041553,0.008762714310225565,27
explanation_stability_v1,2026-09-23 20:34:43,202,D1_creditcard,RANDOM_STRATIFIED_SAFE,xgboost,strict,False,283726,473,2.15035080909729,226980,378,V24,0.008167637512087822,0.008167637378970484,28
explanation_stability_v1,2026-09-23 20:34:43,202,D1_creditcard,RANDOM_STRATIFIED_SAFE,xgboost,strict,False,283726,473,2.15035080909729,226980,378,V16,0.007093470077961683,0.007093469962351281,29
explanation_stability_v1,2026-09-23 20:35:12,202,D1_creditcard,RANDOM_STRATIFIED_SAFE,lightgbm,strict,False,283726,473,22.462116718292236,226980,378,V4,1641.0,0.055659193433504055,1
explanation_stability_v1,2026-09-23 20:35:12,202,D1_creditcard,RANDOM_STRATIFIED_SAFE,lightgbm,strict,False,283726,473,22.462116718292236,226980,378,V14,1432.0,0.048570362581826815,2
explanation_stability_v1,2026-09-23 20:35:12,202,D1_creditcard,RANDOM_STRATIFIED_SAFE,lightgbm,strict,False,283726,473,22.462116718292236,226980,378,V26,1394.0,0.047281484245158226,3
explanation_stability_v1,2026-09-23 20:35:12,202,D1_creditcard,RANDOM_STRATIFIED_SAFE,lightgbm,strict,False,283726,473,22.462116718292236,226980,378,V13,1281.0,0.043448767086117425,4
explanation_stability_v1,2026-09-23 20:35:12,202,D1_creditcard,RANDOM_STRATIFIED_SAFE,lightgbm,strict,False,283726,473,22.462116718292236,226980,378,V12,1245.0,0.04222772445137876,5
explanation_stability_v1,2026-09-23 20:35:12,202,D1_creditcard,RANDOM_STRATIFIED_SAFE,lightgbm,strict,False,283726,473,22.462116718292236,226980,378,Amount,1157.0,0.03924295356646203,6
explanation_stability_v1,2026-09-23 20:35:12,202,D1_creditcard,RANDOM_STRATIFIED_SAFE,lightgbm,strict,False,283726,473,22.462116718292236,226980,378,V28,1137.0,0.03856459654716277,7
explanation_stability_v1,2026-09-23 20:35:12,202,D1_creditcard,RANDOM_STRATIFIED_SAFE,lightgbm,strict,False,283726,473,22.462116718292236,226980,378,V3,1101.0,0.03734355391242411,8
explanation_stability_v1,2026-09-23 20:35:12,202,D1_creditcard,RANDOM_STRATIFIED_SAFE,lightgbm,strict,False,283726,473,22.462116718292236,226980,378,V11,1080.0,0.03663127904215989,9
explanation_stability_v1,2026-09-23 20:35:12,202,D1_creditcard,RANDOM_STRATIFIED_SAFE,lightgbm,strict,False,283726,473,22.462116718292236,226980,378,V10,1068.0,0.03622426483058033,10
explanation_stability_v1,2026-09-23 20:35:12,202,D1_creditcard,RANDOM_STRATIFIED_SAFE,lightgbm,strict,False,283726,473,22.462116718292236,226980,378,V7,1068.0,0.03622426483058033,11
explanation_stability_v1,2026-09-23 20:35:12,202,D1_creditcard,RANDOM_STRATIFIED_SAFE,lightgbm,strict,False,283726,473,22.462116718292236,226980,378,V22,1042.0,0.0353424007054913,12
explanation_stability_v1,2026-09-23 20:35:12,202,D1_creditcard,RANDOM_STRATIFIED_SAFE,lightgbm,strict,False,283726,473,22.462116718292236,226980,378,V27,1017.0,0.03449445443136723,13
explanation_stability_v1,2026-09-23 20:35:12,202,D1_creditcard,RANDOM_STRATIFIED_SAFE,lightgbm,strict,False,283726,473,22.462116718292236,226980,378,V24,1011.0,0.03429094732557745,14
explanation_stability_v1,2026-09-23 20:35:12,202,D1_creditcard,RANDOM_STRATIFIED_SAFE,lightgbm,strict,False,283726,473,22.462116718292236,226980,378,V25,999.0,0.0338839331139979,15
explanation_stability_v1,2026-09-23 20:35:12,202,D1_creditcard,RANDOM_STRATIFIED_SAFE,lightgbm,strict,False,283726,473,22.462116718292236,226980,378,V8,969.0,0.032866397585049015,16
explanation_stability_v1,2026-09-23 20:35:12,202,D1_creditcard,RANDOM_STRATIFIED_SAFE,lightgbm,strict,False,283726,473,22.462116718292236,226980,378,V23,944.0,0.03201845131092494,17
explanation_stability_v1,2026-09-23 20:35:12,202,D1_creditcard,RANDOM_STRATIFIED_SAFE,lightgbm,strict,False,283726,473,22.462116718292236,226980,378,V1,907.0,0.030763490825221312,18
explanation_stability_v1,2026-09-23 20:35:12,202,D1_creditcard,RANDOM_STRATIFIED_SAFE,lightgbm,strict,False,283726,473,22.462116718292236,226980,378,V2,899.0,0.03049214801750161,19
explanation_stability_v1,2026-09-23 20:35:12,202,D1_creditcard,RANDOM_STRATIFIED_SAFE,lightgbm,strict,False,283726,473,22.462116718292236,226980,378,V20,885.0,0.030017298103992132,20
explanation_stability_v1,2026-09-23 20:35:12,202,D1_creditcard,RANDOM_STRATIFIED_SAFE,lightgbm,strict,False,283726,473,22.462116718292236,226980,378,V21,875.0,0.0296781195943425,21
explanation_stability_v1,2026-09-23 20:35:12,202,D1_creditcard,RANDOM_STRATIFIED_SAFE,lightgbm,strict,False,283726,473,22.462116718292236,226980,378,V16,846.0,0.02869450191635858,22
explanation_stability_v1,2026-09-23 20:35:12,202,D1_creditcard,RANDOM_STRATIFIED_SAFE,lightgbm,strict,False,283726,473,22.462116718292236,226980,378,V5,835.0,0.028321405555743986,23
explanation_stability_v1,2026-09-23 20:35:12,202,D1_creditcard,RANDOM_STRATIFIED_SAFE,lightgbm,strict,False,283726,473,22.462116718292236,226980,378,V18,825.0,0.02798222704609436,24
explanation_stability_v1,2026-09-23 20:35:12,202,D1_creditcard,RANDOM_STRATIFIED_SAFE,lightgbm,strict,False,283726,473,22.462116718292236,226980,378,V19,807.0,0.027371705728725028,25
explanation_stability_v1,2026-09-23 20:35:12,202,D1_creditcard,RANDOM_STRATIFIED_SAFE,lightgbm,strict,False,283726,473,22.462116718292236,226980,378,V6,805.0,0.027303870026795102,26
explanation_stability_v1,2026-09-23 20:35:12,202,D1_creditcard,RANDOM_STRATIFIED_SAFE,lightgbm,strict,False,283726,473,22.462116718292236,226980,378,V9,780.0,0.026455923752671032,27
explanation_stability_v1,2026-09-23 20:35:12,202,D1_creditcard,RANDOM_STRATIFIED_SAFE,lightgbm,strict,False,283726,473,22.462116718292236,226980,378,V15,753.0,0.025540141776617033,28
explanation_stability_v1,2026-09-23 20:35:12,202,D1_creditcard,RANDOM_STRATIFIED_SAFE,lightgbm,strict,False,283726,473,22.462116718292236,226980,378,V17,680.0,0.023064138656174744,29
explanation_stability_v1,2026-09-23 20:35:20,202,D1_creditcard,CHRONOLOGICAL_SAFE,xgboost,strict,False,283726,473,2.1510488986968994,226980,399,V14,0.41458624601364136,0.4145862492956064,1
explanation_stability_v1,2026-09-23 20:35:20,202,D1_creditcard,CHRONOLOGICAL_SAFE,xgboost,strict,False,283726,473,2.1510488986968994,226980,399,V4,0.06500598043203354,0.06500598094663661,2
explanation_stability_v1,2026-09-23 20:35:20,202,D1_creditcard,CHRONOLOGICAL_SAFE,xgboost,strict,False,283726,473,2.1510488986968994,226980,399,V12,0.0636274442076683,0.06362744471135855,3
explanation_stability_v1,2026-09-23 20:35:20,202,D1_creditcard,CHRONOLOGICAL_SAFE,xgboost,strict,False,283726,473,2.1510488986968994,226980,399,V10,0.058042947202920914,0.05804294766240293,4
explanation_stability_v1,2026-09-23 20:35:20,202,D1_creditcard,CHRONOLOGICAL_SAFE,xgboost,strict,False,283726,473,2.1510488986968994,226980,399,V20,0.03562963381409645,0.035629634096149256,5
explanation_stability_v1,2026-09-23 20:35:20,202,D1_creditcard,CHRONOLOGICAL_SAFE,xgboost,strict,False,283726,473,2.1510488986968994,226980,399,V8,0.03429536148905754,0.03429536176054792,6
explanation_stability_v1,2026-09-23 20:35:20,202,D1_creditcard,CHRONOLOGICAL_SAFE,xgboost,strict,False,283726,473,2.1510488986968994,226980,399,V19,0.025459999218583107,0.025459999420130622,7
explanation_stability_v1,2026-09-23 20:35:20,202,D1_creditcard,CHRONOLOGICAL_SAFE,xgboost,strict,False,283726,473,2.1510488986968994,226980,399,Amount,0.02285170555114746,0.02285170573204709,8
explanation_stability_v1,2026-09-23 20:35:20,202,D1_creditcard,CHRONOLOGICAL_SAFE,xgboost,strict,False,283726,473,2.1510488986968994,226980,399,V13,0.02238398790359497,0.022383988080792033,9
explanation_stability_v1,2026-09-23 20:35:20,202,D1_creditcard,CHRONOLOGICAL_SAFE,xgboost,strict,False,283726,473,2.1510488986968994,226980,399,V17,0.019711073487997055,0.019711073644034682,10
explanation_stability_v1,2026-09-23 20:35:20,202,D1_creditcard,CHRONOLOGICAL_SAFE,xgboost,strict,False,283726,473,2.1510488986968994,226980,399,V3,0.018836887553334236,0.018836887702451597,11
explanation_stability_v1,2026-09-23 20:35:20,202,D1_creditcard,CHRONOLOGICAL_SAFE,xgboost,strict,False,283726,473,2.1510488986968994,226980,399,V23,0.017595337703824043,0.017595337843112995,12
explanation_stability_v1,2026-09-23 20:35:20,202,D1_creditcard,CHRONOLOGICAL_SAFE,xgboost,strict,False,283726,473,2.1510488986968994,226980,399,V7,0.017029017210006714,0.017029017344812533,13
explanation_stability_v1,2026-09-23 20:35:20,202,D1_creditcard,CHRONOLOGICAL_SAFE,xgboost,strict,False,283726,473,2.1510488986968994,226980,399,V15,0.0169390756636858,0.01693907579777962,14
explanation_stability_v1,2026-09-23 20:35:20,202,D1_creditcard,CHRONOLOGICAL_SAFE,xgboost,strict,False,283726,473,2.1510488986968994,226980,399,V1,0.015173429623246193,0.015173429743362733,15
explanation_stability_v1,2026-09-23 20:35:20,202,D1_creditcard,CHRONOLOGICAL_SAFE,xgboost,strict,False,283726,473,2.1510488986968994,226980,399,V11,0.014602666720747948,0.01460266683634619,16
explanation_stability_v1,2026-09-23 20:35:20,202,D1_creditcard,CHRONOLOGICAL_SAFE,xgboost,strict,False,283726,473,2.1510488986968994,226980,399,V22,0.01357402466237545,0.013574024769830714,17
explanation_stability_v1,2026-09-23 20:35:20,202,D1_creditcard,CHRONOLOGICAL_SAFE,xgboost,strict,False,283726,473,2.1510488986968994,226980,399,V28,0.013084065169095993,0.013084065272672618,18
explanation_stability_v1,2026-09-23 20:35:20,202,D1_creditcard,CHRONOLOGICAL_SAFE,xgboost,strict,False,283726,473,2.1510488986968994,226980,399,V9,0.012626382522284985,0.012626382622238483,19
explanation_stability_v1,2026-09-23 20:35:20,202,D1_creditcard,CHRONOLOGICAL_SAFE,xgboost,strict,False,283726,473,2.1510488986968994,226980,399,V25,0.011865565553307533,0.011865565647238221,20
explanation_stability_v1,2026-09-23 20:35:20,202,D1_creditcard,CHRONOLOGICAL_SAFE,xgboost,strict,False,283726,473,2.1510488986968994,226980,399,V21,0.0117806913331151,0.011780691426373904,21
explanation_stability_v1,2026-09-23 20:35:20,202,D1_creditcard,CHRONOLOGICAL_SAFE,xgboost,strict,False,283726,473,2.1510488986968994,226980,399,V26,0.011687932536005974,0.011687932628530476,22
explanation_stability_v1,2026-09-23 20:35:20,202,D1_creditcard,CHRONOLOGICAL_SAFE,xgboost,strict,False,283726,473,2.1510488986968994,226980,399,V5,0.010938616469502449,0.010938616556095184,23
explanation_stability_v1,2026-09-23 20:35:20,202,D1_creditcard,CHRONOLOGICAL_SAFE,xgboost,strict,False,283726,473,2.1510488986968994,226980,399,V27,0.010345758870244026,0.010345758952143557,24
explanation_stability_v1,2026-09-23 20:35:20,202,D1_creditcard,CHRONOLOGICAL_SAFE,xgboost,strict,False,283726,473,2.1510488986968994,226980,399,V16,0.009992200881242752,0.009992200960343431,25
explanation_stability_v1,2026-09-23 20:35:20,202,D1_creditcard,CHRONOLOGICAL_SAFE,xgboost,strict,False,283726,473,2.1510488986968994,226980,399,V18,0.009635374881327152,0.009635374957603112,26
explanation_stability_v1,2026-09-23 20:35:20,202,D1_creditcard,CHRONOLOGICAL_SAFE,xgboost,strict,False,283726,473,2.1510488986968994,226980,399,V6,0.008281907066702843,0.008281907132264423,27
explanation_stability_v1,2026-09-23 20:35:20,202,D1_creditcard,CHRONOLOGICAL_SAFE,xgboost,strict,False,283726,473,2.1510488986968994,226980,399,V2,0.008198498748242855,0.008198498813144155,28
explanation_stability_v1,2026-09-23 20:35:20,202,D1_creditcard,CHRONOLOGICAL_SAFE,xgboost,strict,False,283726,473,2.1510488986968994,226980,399,V24,0.00621817959472537,0.006218179643949984,29
explanation_stability_v1,2026-09-23 20:35:50,202,D1_creditcard,CHRONOLOGICAL_SAFE,lightgbm,strict,False,283726,473,23.82006311416626,226980,399,V4,1744.0,0.06016075062954914,1
explanation_stability_v1,2026-09-23 20:35:50,202,D1_creditcard,CHRONOLOGICAL_SAFE,lightgbm,strict,False,283726,473,23.82006311416626,226980,399,V14,1529.0,0.05274414433060816,2
explanation_stability_v1,2026-09-23 20:35:50,202,D1_creditcard,CHRONOLOGICAL_SAFE,lightgbm,strict,False,283726,473,23.82006311416626,226980,399,V12,1275.0,0.04398220014488254,3
explanation_stability_v1,2026-09-23 20:35:50,202,D1_creditcard,CHRONOLOGICAL_SAFE,lightgbm,strict,False,283726,473,23.82006311416626,226980,399,Amount,1186.0,0.040912070095553484,4
explanation_stability_v1,2026-09-23 20:35:50,202,D1_creditcard,CHRONOLOGICAL_SAFE,lightgbm,strict,False,283726,473,23.82006311416626,226980,399,V28,1156.0,0.03987719479802684,5
explanation_stability_v1,2026-09-23 20:35:50,202,D1_creditcard,CHRONOLOGICAL_SAFE,lightgbm,strict,False,283726,473,23.82006311416626,226980,399,V26,1144.0,0.03946324467901618,6
explanation_stability_v1,2026-09-23 20:35:50,202,D1_creditcard,CHRONOLOGICAL_SAFE,lightgbm,strict,False,283726,473,23.82006311416626,226980,399,V10,1114.0,0.03842836938148953,7
explanation_stability_v1,2026-09-23 20:35:50,202,D1_creditcard,CHRONOLOGICAL_SAFE,lightgbm,strict,False,283726,473,23.82006311416626,226980,399,V13,1079.0,0.037221014867708443,8
explanation_stability_v1,2026-09-23 20:35:50,202,D1_creditcard,CHRONOLOGICAL_SAFE,lightgbm,strict,False,283726,473,23.82006311416626,226980,399,V22,1047.0,0.03611714788368001,9
explanation_stability_v1,2026-09-23 20:35:50,202,D1_creditcard,CHRONOLOGICAL_SAFE,lightgbm,strict,False,283726,473,23.82006311416626,226980,399,V19,1024.0,0.035323743488909584,10
explanation_stability_v1,2026-09-23 20:35:50,202,D1_creditcard,CHRONOLOGICAL_SAFE,lightgbm,strict,False,283726,473,23.82006311416626,226980,399,V24,999.0,0.03446134740763738,11
explanation_stability_v1,2026-09-23 20:35:50,202,D1_creditcard,CHRONOLOGICAL_SAFE,lightgbm,strict,False,283726,473,23.82006311416626,226980,399,V11,989.0,0.034116388975128496,12
explanation_stability_v1,2026-09-23 20:35:50,202,D1_creditcard,CHRONOLOGICAL_SAFE,lightgbm,strict,False,283726,473,23.82006311416626,226980,399,V25,975.0,0.03363344716961606,13
explanation_stability_v1,2026-09-23 20:35:50,202,D1_creditcard,CHRONOLOGICAL_SAFE,lightgbm,strict,False,283726,473,23.82006311416626,226980,399,V3,975.0,0.03363344716961606,14
explanation_stability_v1,2026-09-23 20:35:50,202,D1_creditcard,CHRONOLOGICAL_SAFE,lightgbm,strict,False,283726,473,23.82006311416626,226980,399,V1,972.0,0.033529959639863396,15
explanation_stability_v1,2026-09-23 20:35:50,202,D1_creditcard,CHRONOLOGICAL_SAFE,lightgbm,strict,False,283726,473,23.82006311416626,226980,399,V7,954.0,0.03290903446134741,16
explanation_stability_v1,2026-09-23 20:35:50,202,D1_creditcard,CHRONOLOGICAL_SAFE,lightgbm,strict,False,283726,473,23.82006311416626,226980,399,V20,923.0,0.03183966332056987,17
explanation_stability_v1,2026-09-23 20:35:50,202,D1_creditcard,CHRONOLOGICAL_SAFE,lightgbm,strict,False,283726,473,23.82006311416626,226980,399,V23,895.0,0.030873779709545,18
explanation_stability_v1,2026-09-23 20:35:50,202,D1_creditcard,CHRONOLOGICAL_SAFE,lightgbm,strict,False,283726,473,23.82006311416626,226980,399,V8,895.0,0.030873779709545,19
explanation_stability_v1,2026-09-23 20:35:50,202,D1_creditcard,CHRONOLOGICAL_SAFE,lightgbm,strict,False,283726,473,23.82006311416626,226980,399,V5,886.0,0.030563317120287006,20
explanation_stability_v1,2026-09-23 20:35:50,202,D1_creditcard,CHRONOLOGICAL_SAFE,lightgbm,strict,False,283726,473,23.82006311416626,226980,399,V16,875.0,0.030183862844527235,21
explanation_stability_v1,2026-09-23 20:35:50,202,D1_creditcard,CHRONOLOGICAL_SAFE,lightgbm,strict,False,283726,473,23.82006311416626,226980,399,V21,873.0,0.03011487115802546,22
explanation_stability_v1,2026-09-23 20:35:50,202,D1_creditcard,CHRONOLOGICAL_SAFE,lightgbm,strict,False,283726,473,23.82006311416626,226980,399,V27,844.0,0.029114491703749697,23
explanation_stability_v1,2026-09-23 20:35:50,202,D1_creditcard,CHRONOLOGICAL_SAFE,lightgbm,strict,False,283726,473,23.82006311416626,226980,399,V2,830.0,0.02863154989823726,24
explanation_stability_v1,2026-09-23 20:35:50,202,D1_creditcard,CHRONOLOGICAL_SAFE,lightgbm,strict,False,283726,473,23.82006311416626,226980,399,V15,792.0,0.02732070785470351,25
explanation_stability_v1,2026-09-23 20:35:50,202,D1_creditcard,CHRONOLOGICAL_SAFE,lightgbm,strict,False,283726,473,23.82006311416626,226980,399,V18,776.0,0.026768774362689297,26
explanation_stability_v1,2026-09-23 20:35:50,202,D1_creditcard,CHRONOLOGICAL_SAFE,lightgbm,strict,False,283726,473,23.82006311416626,226980,399,V6,773.0,0.026665286832936633,27
explanation_stability_v1,2026-09-23 20:35:50,202,D1_creditcard,CHRONOLOGICAL_SAFE,lightgbm,strict,False,283726,473,23.82006311416626,226980,399,V9,771.0,0.026596295146434856,28
explanation_stability_v1,2026-09-23 20:35:50,202,D1_creditcard,CHRONOLOGICAL_SAFE,lightgbm,strict,False,283726,473,23.82006311416626,226980,399,V17,694.0,0.02394011521611646,29
explanation_stability_v1,2026-09-23 20:35:59,202,D2_fraudTest,RANDOM_STRATIFIED_SAFE,xgboost,strict,False,555719,2145,1.533128023147583,444575,1716,category,0.4606731692329049,0.4606732010887798,1
explanation_stability_v1,2026-09-23 20:35:59,202,D2_fraudTest,RANDOM_STRATIFIED_SAFE,xgboost,strict,False,555719,2145,1.533128023147583,444575,1716,state,0.34790600719861686,0.3479060312565629,2
explanation_stability_v1,2026-09-23 20:35:59,202,D2_fraudTest,RANDOM_STRATIFIED_SAFE,xgboost,strict,False,555719,2145,1.533128023147583,444575,1716,amt,0.12015727162361145,0.12015727993257161,3
explanation_stability_v1,2026-09-23 20:35:59,202,D2_fraudTest,RANDOM_STRATIFIED_SAFE,xgboost,strict,False,555719,2145,1.533128023147583,444575,1716,trans_hour,0.04058973491191864,0.04058973771872746,4
explanation_stability_v1,2026-09-23 20:35:59,202,D2_fraudTest,RANDOM_STRATIFIED_SAFE,xgboost,strict,False,555719,2145,1.533128023147583,444575,1716,age_years,0.00978294387459755,0.009782944551095024,5
explanation_stability_v1,2026-09-23 20:35:59,202,D2_fraudTest,RANDOM_STRATIFIED_SAFE,xgboost,strict,False,555719,2145,1.533128023147583,444575,1716,city_pop,0.007856548763811588,0.007856549307097482,6
explanation_stability_v1,2026-09-23 20:35:59,202,D2_fraudTest,RANDOM_STRATIFIED_SAFE,xgboost,strict,False,555719,2145,1.533128023147583,444575,1716,trans_month,0.006565800867974758,0.006565801322004523,7
explanation_stability_v1,2026-09-23 20:35:59,202,D2_fraudTest,RANDOM_STRATIFIED_SAFE,xgboost,strict,False,555719,2145,1.533128023147583,444575,1716,trans_dayofweek,0.006468454375863075,0.006468454823161262,8
explanation_stability_v1,2026-09-23 20:36:29,202,D2_fraudTest,RANDOM_STRATIFIED_SAFE,lightgbm,strict,False,555719,2145,20.1097195148468,444575,1716,state,5973.0,0.1926774193548387,1
explanation_stability_v1,2026-09-23 20:36:29,202,D2_fraudTest,RANDOM_STRATIFIED_SAFE,lightgbm,strict,False,555719,2145,20.1097195148468,444575,1716,age_years,5794.0,0.1869032258064516,2
explanation_stability_v1,2026-09-23 20:36:29,202,D2_fraudTest,RANDOM_STRATIFIED_SAFE,lightgbm,strict,False,555719,2145,20.1097195148468,444575,1716,amt,4789.0,0.15448387096774194,3
explanation_stability_v1,2026-09-23 20:36:29,202,D2_fraudTest,RANDOM_STRATIFIED_SAFE,lightgbm,strict,False,555719,2145,20.1097195148468,444575,1716,category,4244.0,0.13690322580645162,4
explanation_stability_v1,2026-09-23 20:36:29,202,D2_fraudTest,RANDOM_STRATIFIED_SAFE,lightgbm,strict,False,555719,2145,20.1097195148468,444575,1716,city_pop,4204.0,0.13561290322580646,5
explanation_stability_v1,2026-09-23 20:36:29,202,D2_fraudTest,RANDOM_STRATIFIED_SAFE,lightgbm,strict,False,555719,2145,20.1097195148468,444575,1716,trans_hour,2280.0,0.07354838709677419,6
explanation_stability_v1,2026-09-23 20:36:29,202,D2_fraudTest,RANDOM_STRATIFIED_SAFE,lightgbm,strict,False,555719,2145,20.1097195148468,444575,1716,trans_month,2207.0,0.07119354838709678,7
explanation_stability_v1,2026-09-23 20:36:29,202,D2_fraudTest,RANDOM_STRATIFIED_SAFE,lightgbm,strict,False,555719,2145,20.1097195148468,444575,1716,trans_dayofweek,1509.0,0.04867741935483871,8
explanation_stability_v1,2026-09-23 20:36:38,202,D2_fraudTest,CHRONOLOGICAL_SAFE,xgboost,strict,False,555719,2145,1.9517645835876465,444575,1961,category,0.48950755316764116,0.48950760377137364,1
explanation_stability_v1,2026-09-23 20:36:38,202,D2_fraudTest,CHRONOLOGICAL_SAFE,xgboost,strict,False,555719,2145,1.9517645835876465,444575,1961,state,0.31208167877048254,0.312081711032493,2
explanation_stability_v1,2026-09-23 20:36:38,202,D2_fraudTest,CHRONOLOGICAL_SAFE,xgboost,strict,False,555719,2145,1.9517645835876465,444575,1961,amt,0.12766879796981812,0.127668811167812,3
explanation_stability_v1,2026-09-23 20:36:38,202,D2_fraudTest,CHRONOLOGICAL_SAFE,xgboost,strict,False,555719,2145,1.9517645835876465,444575,1961,trans_hour,0.04229449853301048,0.0422945029052811,4
explanation_stability_v1,2026-09-23 20:36:38,202,D2_fraudTest,CHRONOLOGICAL_SAFE,xgboost,strict,False,555719,2145,1.9517645835876465,444575,1961,age_years,0.010076694190502167,0.010076695232198733,5
explanation_stability_v1,2026-09-23 20:36:38,202,D2_fraudTest,CHRONOLOGICAL_SAFE,xgboost,strict,False,555719,2145,1.9517645835876465,444575,1961,city_pop,0.007436233107000589,0.007436233875734694,6
explanation_stability_v1,2026-09-23 20:36:38,202,D2_fraudTest,CHRONOLOGICAL_SAFE,xgboost,strict,False,555719,2145,1.9517645835876465,444575,1961,trans_dayofweek,0.005824486259371042,0.005824486861487889,7
explanation_stability_v1,2026-09-23 20:36:38,202,D2_fraudTest,CHRONOLOGICAL_SAFE,xgboost,strict,False,555719,2145,1.9517645835876465,444575,1961,trans_month,0.005109954625368118,0.00510995515361896,8
explanation_stability_v1,2026-09-23 20:37:07,202,D2_fraudTest,CHRONOLOGICAL_SAFE,lightgbm,strict,False,555719,2145,17.19243359565735,444575,1961,state,5902.0,0.19038709677419355,1
explanation_stability_v1,2026-09-23 20:37:07,202,D2_fraudTest,CHRONOLOGICAL_SAFE,lightgbm,strict,False,555719,2145,17.19243359565735,444575,1961,age_years,5674.0,0.18303225806451612,2
explanation_stability_v1,2026-09-23 20:37:07,202,D2_fraudTest,CHRONOLOGICAL_SAFE,lightgbm,strict,False,555719,2145,17.19243359565735,444575,1961,amt,4961.0,0.16003225806451613,3
explanation_stability_v1,2026-09-23 20:37:07,202,D2_fraudTest,CHRONOLOGICAL_SAFE,lightgbm,strict,False,555719,2145,17.19243359565735,444575,1961,category,4381.0,0.1413225806451613,4
explanation_stability_v1,2026-09-23 20:37:07,202,D2_fraudTest,CHRONOLOGICAL_SAFE,lightgbm,strict,False,555719,2145,17.19243359565735,444575,1961,city_pop,4201.0,0.13551612903225807,5
explanation_stability_v1,2026-09-23 20:37:07,202,D2_fraudTest,CHRONOLOGICAL_SAFE,lightgbm,strict,False,555719,2145,17.19243359565735,444575,1961,trans_hour,2314.0,0.07464516129032259,6
explanation_stability_v1,2026-09-23 20:37:07,202,D2_fraudTest,CHRONOLOGICAL_SAFE,lightgbm,strict,False,555719,2145,17.19243359565735,444575,1961,trans_month,2156.0,0.06954838709677419,7
explanation_stability_v1,2026-09-23 20:37:07,202,D2_fraudTest,CHRONOLOGICAL_SAFE,lightgbm,strict,False,555719,2145,17.19243359565735,444575,1961,trans_dayofweek,1411.0,0.04551612903225807,8
explanation_stability_v1,2026-09-23 20:37:30,202,D3_PaySim,RANDOM_STRATIFIED_SAFE,xgboost,strict,False,1000000,749,2.0656025409698486,800000,599,type,0.8318971395492554,0.8318972123771328,1
explanation_stability_v1,2026-09-23 20:37:30,202,D3_PaySim,RANDOM_STRATIFIED_SAFE,xgboost,strict,False,1000000,749,2.0656025409698486,800000,599,oldbalanceOrg,0.07650553435087204,0.07650554104849776,2
explanation_stability_v1,2026-09-23 20:37:30,202,D3_PaySim,RANDOM_STRATIFIED_SAFE,xgboost,strict,False,1000000,749,2.0656025409698486,800000,599,amount,0.06326588243246078,0.06326588797103005,3
explanation_stability_v1,2026-09-23 20:37:30,202,D3_PaySim,RANDOM_STRATIFIED_SAFE,xgboost,strict,False,1000000,749,2.0656025409698486,800000,599,oldbalanceDest,0.02833135612308979,0.028331358603339372,4
explanation_stability_v1,2026-09-23 20:38:25,202,D3_PaySim,RANDOM_STRATIFIED_SAFE,lightgbm,strict,False,1000000,749,27.92999291419983,800000,599,amount,11840.0,0.38193548387096776,1
explanation_stability_v1,2026-09-23 20:38:25,202,D3_PaySim,RANDOM_STRATIFIED_SAFE,lightgbm,strict,False,1000000,749,27.92999291419983,800000,599,oldbalanceOrg,10674.0,0.3443225806451613,2
explanation_stability_v1,2026-09-23 20:38:25,202,D3_PaySim,RANDOM_STRATIFIED_SAFE,lightgbm,strict,False,1000000,749,27.92999291419983,800000,599,oldbalanceDest,6380.0,0.20580645161290323,3
explanation_stability_v1,2026-09-23 20:38:25,202,D3_PaySim,RANDOM_STRATIFIED_SAFE,lightgbm,strict,False,1000000,749,27.92999291419983,800000,599,type,2106.0,0.06793548387096775,4
explanation_stability_v1,2026-09-23 20:38:49,202,D3_PaySim,CHRONOLOGICAL_SAFE,xgboost,strict,False,1000000,749,2.0750701427459717,800000,625,type,0.8326196386478841,0.8326196343829781,1
explanation_stability_v1,2026-09-23 20:38:49,202,D3_PaySim,CHRONOLOGICAL_SAFE,xgboost,strict,False,1000000,749,2.0750701427459717,800000,625,oldbalanceOrg,0.07775019109249115,0.07775019069423336,2
explanation_stability_v1,2026-09-23 20:38:49,202,D3_PaySim,CHRONOLOGICAL_SAFE,xgboost,strict,False,1000000,749,2.0750701427459717,800000,625,amount,0.05960964411497116,0.059609643809634225,3
explanation_stability_v1,2026-09-23 20:38:49,202,D3_PaySim,CHRONOLOGICAL_SAFE,xgboost,strict,False,1000000,749,2.0750701427459717,800000,625,oldbalanceDest,0.03002053126692772,0.03002053111315433,4
explanation_stability_v1,2026-09-23 20:39:43,202,D3_PaySim,CHRONOLOGICAL_SAFE,lightgbm,strict,False,1000000,749,28.18958282470703,800000,625,amount,11729.0,0.3783548387096774,1
explanation_stability_v1,2026-09-23 20:39:43,202,D3_PaySim,CHRONOLOGICAL_SAFE,lightgbm,strict,False,1000000,749,28.18958282470703,800000,625,oldbalanceOrg,10640.0,0.3432258064516129,2
explanation_stability_v1,2026-09-23 20:39:43,202,D3_PaySim,CHRONOLOGICAL_SAFE,lightgbm,strict,False,1000000,749,28.18958282470703,800000,625,oldbalanceDest,6719.0,0.21674193548387097,3
explanation_stability_v1,2026-09-23 20:39:43,202,D3_PaySim,CHRONOLOGICAL_SAFE,lightgbm,strict,False,1000000,749,28.18958282470703,800000,625,type,1912.0,0.06167741935483871,4
explanation_stability_v1,2026-09-23 20:39:51,303,D1_creditcard,RANDOM_STRATIFIED_SAFE,xgboost,strict,False,283726,473,2.9116642475128174,226980,378,V14,0.39651718735694885,0.3965171868030207,1
explanation_stability_v1,2026-09-23 20:39:51,303,D1_creditcard,RANDOM_STRATIFIED_SAFE,xgboost,strict,False,283726,473,2.9116642475128174,226980,378,V10,0.11167261749505997,0.11167261733905512,2
explanation_stability_v1,2026-09-23 20:39:51,303,D1_creditcard,RANDOM_STRATIFIED_SAFE,xgboost,strict,False,283726,473,2.9116642475128174,226980,378,V11,0.057457271963357925,0.05745727188309104,3
explanation_stability_v1,2026-09-23 20:39:51,303,D1_creditcard,RANDOM_STRATIFIED_SAFE,xgboost,strict,False,283726,473,2.9116642475128174,226980,378,V4,0.05107619985938072,0.0510761997880281,4
explanation_stability_v1,2026-09-23 20:39:51,303,D1_creditcard,RANDOM_STRATIFIED_SAFE,xgboost,strict,False,283726,473,2.9116642475128174,226980,378,V20,0.03246204927563667,0.03246204923028771,5
explanation_stability_v1,2026-09-23 20:39:51,303,D1_creditcard,RANDOM_STRATIFIED_SAFE,xgboost,strict,False,283726,473,2.9116642475128174,226980,378,V12,0.030737025663256645,0.030737025620317517,6
explanation_stability_v1,2026-09-23 20:39:51,303,D1_creditcard,RANDOM_STRATIFIED_SAFE,xgboost,strict,False,283726,473,2.9116642475128174,226980,378,V8,0.02789449505507946,0.0278944950161113,7
explanation_stability_v1,2026-09-23 20:39:51,303,D1_creditcard,RANDOM_STRATIFIED_SAFE,xgboost,strict,False,283726,473,2.9116642475128174,226980,378,Amount,0.022713126614689827,0.022713126582959955,8
explanation_stability_v1,2026-09-23 20:39:51,303,D1_creditcard,RANDOM_STRATIFIED_SAFE,xgboost,strict,False,283726,473,2.9116642475128174,226980,378,V17,0.020220192149281502,0.02022019212103422,9
explanation_stability_v1,2026-09-23 20:39:51,303,D1_creditcard,RANDOM_STRATIFIED_SAFE,xgboost,strict,False,283726,473,2.9116642475128174,226980,378,V13,0.018394356593489647,0.01839435656779303,10
explanation_stability_v1,2026-09-23 20:39:51,303,D1_creditcard,RANDOM_STRATIFIED_SAFE,xgboost,strict,False,283726,473,2.9116642475128174,226980,378,V21,0.018202951177954674,0.018202951152525446,11
explanation_stability_v1,2026-09-23 20:39:51,303,D1_creditcard,RANDOM_STRATIFIED_SAFE,xgboost,strict,False,283726,473,2.9116642475128174,226980,378,V23,0.01793881319463253,0.0179388131695723,12
explanation_stability_v1,2026-09-23 20:39:51,303,D1_creditcard,RANDOM_STRATIFIED_SAFE,xgboost,strict,False,283726,473,2.9116642475128174,226980,378,V3,0.015583634376525879,0.015583634354755793,13
explanation_stability_v1,2026-09-23 20:39:51,303,D1_creditcard,RANDOM_STRATIFIED_SAFE,xgboost,strict,False,283726,473,2.9116642475128174,226980,378,V19,0.015516877174377441,0.015516877152700614,14
explanation_stability_v1,2026-09-23 20:39:51,303,D1_creditcard,RANDOM_STRATIFIED_SAFE,xgboost,strict,False,283726,473,2.9116642475128174,226980,378,V28,0.015232127159833908,0.015232127138554872,15
explanation_stability_v1,2026-09-23 20:39:51,303,D1_creditcard,RANDOM_STRATIFIED_SAFE,xgboost,strict,False,283726,473,2.9116642475128174,226980,378,V27,0.014631427824497223,0.014631427804057354,16
explanation_stability_v1,2026-09-23 20:39:51,303,D1_creditcard,RANDOM_STRATIFIED_SAFE,xgboost,strict,False,283726,473,2.9116642475128174,226980,378,V7,0.014608193188905716,0.014608193168498306,17
explanation_stability_v1,2026-09-23 20:39:51,303,D1_creditcard,RANDOM_STRATIFIED_SAFE,xgboost,strict,False,283726,473,2.9116642475128174,226980,378,V15,0.013699808157980442,0.01369980813884203,18
explanation_stability_v1,2026-09-23 20:39:51,303,D1_creditcard,RANDOM_STRATIFIED_SAFE,xgboost,strict,False,283726,473,2.9116642475128174,226980,378,V26,0.013233575038611889,0.013233575020124799,19
explanation_stability_v1,2026-09-23 20:39:51,303,D1_creditcard,RANDOM_STRATIFIED_SAFE,xgboost,strict,False,283726,473,2.9116642475128174,226980,378,V1,0.011819479055702686,0.011819479039191064,20
explanation_stability_v1,2026-09-23 20:39:51,303,D1_creditcard,RANDOM_STRATIFIED_SAFE,xgboost,strict,False,283726,473,2.9116642475128174,226980,378,V5,0.0112368268892169,0.011236826873519234,21
explanation_stability_v1,2026-09-23 20:39:51,303,D1_creditcard,RANDOM_STRATIFIED_SAFE,xgboost,strict,False,283726,473,2.9116642475128174,226980,378,V18,0.011213577352464199,0.011213577336799013,22
explanation_stability_v1,2026-09-23 20:39:51,303,D1_creditcard,RANDOM_STRATIFIED_SAFE,xgboost,strict,False,283726,473,2.9116642475128174,226980,378,V16,0.010427569039165974,0.010427569024598828,23
explanation_stability_v1,2026-09-23 20:39:51,303,D1_creditcard,RANDOM_STRATIFIED_SAFE,xgboost,strict,False,283726,473,2.9116642475128174,226980,378,V25,0.009778471663594246,0.00977847164993388,24
explanation_stability_v1,2026-09-23 20:39:51,303,D1_creditcard,RANDOM_STRATIFIED_SAFE,xgboost,strict,False,283726,473,2.9116642475128174,226980,378,V6,0.009122208692133427,0.009122208679389848,25
explanation_stability_v1,2026-09-23 20:39:51,303,D1_creditcard,RANDOM_STRATIFIED_SAFE,xgboost,strict,False,283726,473,2.9116642475128174,226980,378,V9,0.008662290871143341,0.00866229085904226,26
explanation_stability_v1,2026-09-23 20:39:51,303,D1_creditcard,RANDOM_STRATIFIED_SAFE,xgboost,strict,False,283726,473,2.9116642475128174,226980,378,V22,0.008338256739079952,0.008338256727431543,27
explanation_stability_v1,2026-09-23 20:39:51,303,D1_creditcard,RANDOM_STRATIFIED_SAFE,xgboost,strict,False,283726,473,2.9116642475128174,226980,378,V2,0.007214923854917288,0.007214923844838156,28
explanation_stability_v1,2026-09-23 20:39:51,303,D1_creditcard,RANDOM_STRATIFIED_SAFE,xgboost,strict,False,283726,473,2.9116642475128174,226980,378,V24,0.004394467920064926,0.004394467913925925,29
explanation_stability_v1,2026-09-23 20:40:21,303,D1_creditcard,RANDOM_STRATIFIED_SAFE,lightgbm,strict,False,283726,473,23.69844341278076,226980,378,V4,1698.0,0.05908141962421712,1
explanation_stability_v1,2026-09-23 20:40:21,303,D1_creditcard,RANDOM_STRATIFIED_SAFE,lightgbm,strict,False,283726,473,23.69844341278076,226980,378,V14,1567.0,0.05452331245650661,2
explanation_stability_v1,2026-09-23 20:40:21,303,D1_creditcard,RANDOM_STRATIFIED_SAFE,lightgbm,strict,False,283726,473,23.69844341278076,226980,378,V28,1293.0,0.04498956158663883,3
explanation_stability_v1,2026-09-23 20:40:21,303,D1_creditcard,RANDOM_STRATIFIED_SAFE,lightgbm,strict,False,283726,473,23.69844341278076,226980,378,V12,1257.0,0.043736951983298536,4
explanation_stability_v1,2026-09-23 20:40:21,303,D1_creditcard,RANDOM_STRATIFIED_SAFE,lightgbm,strict,False,283726,473,23.69844341278076,226980,378,V11,1178.0,0.04098816979819068,5
explanation_stability_v1,2026-09-23 20:40:21,303,D1_creditcard,RANDOM_STRATIFIED_SAFE,lightgbm,strict,False,283726,473,23.69844341278076,226980,378,V7,1172.0,0.04077940153096729,6
explanation_stability_v1,2026-09-23 20:40:21,303,D1_creditcard,RANDOM_STRATIFIED_SAFE,lightgbm,strict,False,283726,473,23.69844341278076,226980,378,V26,1155.0,0.04018789144050104,7
explanation_stability_v1,2026-09-23 20:40:21,303,D1_creditcard,RANDOM_STRATIFIED_SAFE,lightgbm,strict,False,283726,473,23.69844341278076,226980,378,Amount,1154.0,0.04015309672929715,8
explanation_stability_v1,2026-09-23 20:40:21,303,D1_creditcard,RANDOM_STRATIFIED_SAFE,lightgbm,strict,False,283726,473,23.69844341278076,226980,378,V13,1152.0,0.04008350730688935,9
explanation_stability_v1,2026-09-23 20:40:21,303,D1_creditcard,RANDOM_STRATIFIED_SAFE,lightgbm,strict,False,283726,473,23.69844341278076,226980,378,V24,1116.0,0.03883089770354906,10
explanation_stability_v1,2026-09-23 20:40:21,303,D1_creditcard,RANDOM_STRATIFIED_SAFE,lightgbm,strict,False,283726,473,23.69844341278076,226980,378,V15,1001.0,0.0348295059151009,11
explanation_stability_v1,2026-09-23 20:40:21,303,D1_creditcard,RANDOM_STRATIFIED_SAFE,lightgbm,strict,False,283726,473,23.69844341278076,226980,378,V19,977.0,0.03399443284620737,12
explanation_stability_v1,2026-09-23 20:40:21,303,D1_creditcard,RANDOM_STRATIFIED_SAFE,lightgbm,strict,False,283726,473,23.69844341278076,226980,378,V8,935.0,0.0325330549756437,13
explanation_stability_v1,2026-09-23 20:40:21,303,D1_creditcard,RANDOM_STRATIFIED_SAFE,lightgbm,strict,False,283726,473,23.69844341278076,226980,378,V16,931.0,0.032393876130828114,14
explanation_stability_v1,2026-09-23 20:40:21,303,D1_creditcard,RANDOM_STRATIFIED_SAFE,lightgbm,strict,False,283726,473,23.69844341278076,226980,378,V27,922.0,0.032080723729993044,15
explanation_stability_v1,2026-09-23 20:40:21,303,D1_creditcard,RANDOM_STRATIFIED_SAFE,lightgbm,strict,False,283726,473,23.69844341278076,226980,378,V10,918.0,0.031941544885177454,16
explanation_stability_v1,2026-09-23 20:40:21,303,D1_creditcard,RANDOM_STRATIFIED_SAFE,lightgbm,strict,False,283726,473,23.69844341278076,226980,378,V9,914.0,0.031802366040361865,17
explanation_stability_v1,2026-09-23 20:40:21,303,D1_creditcard,RANDOM_STRATIFIED_SAFE,lightgbm,strict,False,283726,473,23.69844341278076,226980,378,V25,891.0,0.031002087682672232,18
explanation_stability_v1,2026-09-23 20:40:21,303,D1_creditcard,RANDOM_STRATIFIED_SAFE,lightgbm,strict,False,283726,473,23.69844341278076,226980,378,V3,881.0,0.030654140570633263,19
explanation_stability_v1,2026-09-23 20:40:21,303,D1_creditcard,RANDOM_STRATIFIED_SAFE,lightgbm,strict,False,283726,473,23.69844341278076,226980,378,V22,866.0,0.03013221990257481,20
explanation_stability_v1,2026-09-23 20:40:21,303,D1_creditcard,RANDOM_STRATIFIED_SAFE,lightgbm,strict,False,283726,473,23.69844341278076,226980,378,V6,827.0,0.028775226165622825,21
explanation_stability_v1,2026-09-23 20:40:21,303,D1_creditcard,RANDOM_STRATIFIED_SAFE,lightgbm,strict,False,283726,473,23.69844341278076,226980,378,V18,819.0,0.02849686847599165,22
explanation_stability_v1,2026-09-23 20:40:21,303,D1_creditcard,RANDOM_STRATIFIED_SAFE,lightgbm,strict,False,283726,473,23.69844341278076,226980,378,V21,787.0,0.027383437717466944,23
explanation_stability_v1,2026-09-23 20:40:21,303,D1_creditcard,RANDOM_STRATIFIED_SAFE,lightgbm,strict,False,283726,473,23.69844341278076,226980,378,V23,766.0,0.02665274878218511,24
explanation_stability_v1,2026-09-23 20:40:21,303,D1_creditcard,RANDOM_STRATIFIED_SAFE,lightgbm,strict,False,283726,473,23.69844341278076,226980,378,V5,751.0,0.026130828114126654,25
explanation_stability_v1,2026-09-23 20:40:21,303,D1_creditcard,RANDOM_STRATIFIED_SAFE,lightgbm,strict,False,283726,473,23.69844341278076,226980,378,V1,719.0,0.025017397355601947,26
explanation_stability_v1,2026-09-23 20:40:21,303,D1_creditcard,RANDOM_STRATIFIED_SAFE,lightgbm,strict,False,283726,473,23.69844341278076,226980,378,V2,706.0,0.024565066109951288,27
explanation_stability_v1,2026-09-23 20:40:21,303,D1_creditcard,RANDOM_STRATIFIED_SAFE,lightgbm,strict,False,283726,473,23.69844341278076,226980,378,V20,703.0,0.024460681976339597,28
explanation_stability_v1,2026-09-23 20:40:21,303,D1_creditcard,RANDOM_STRATIFIED_SAFE,lightgbm,strict,False,283726,473,23.69844341278076,226980,378,V17,684.0,0.023799582463465554,29
explanation_stability_v1,2026-09-23 20:40:27,303,D1_creditcard,CHRONOLOGICAL_SAFE,xgboost,strict,False,283726,473,2.137843608856201,226980,399,V14,0.3737545311450958,0.37375454907152733,1
explanation_stability_v1,2026-09-23 20:40:27,303,D1_creditcard,CHRONOLOGICAL_SAFE,xgboost,strict,False,283726,473,2.137843608856201,226980,399,V10,0.11104872077703476,0.11104872610327732,2
explanation_stability_v1,2026-09-23 20:40:27,303,D1_creditcard,CHRONOLOGICAL_SAFE,xgboost,strict,False,283726,473,2.137843608856201,226980,399,V17,0.06791651248931885,0.06791651574680634,3
explanation_stability_v1,2026-09-23 20:40:27,303,D1_creditcard,CHRONOLOGICAL_SAFE,xgboost,strict,False,283726,473,2.137843608856201,226980,399,V4,0.06348904967308044,0.06348905271821303,4
explanation_stability_v1,2026-09-23 20:40:27,303,D1_creditcard,CHRONOLOGICAL_SAFE,xgboost,strict,False,283726,473,2.137843608856201,226980,399,V8,0.03727366775274277,0.03727366954050398,5
explanation_stability_v1,2026-09-23 20:40:27,303,D1_creditcard,CHRONOLOGICAL_SAFE,xgboost,strict,False,283726,473,2.137843608856201,226980,399,V20,0.028882350772619247,0.028882352157906757,6
explanation_stability_v1,2026-09-23 20:40:27,303,D1_creditcard,CHRONOLOGICAL_SAFE,xgboost,strict,False,283726,473,2.137843608856201,226980,399,V19,0.02564438432455063,0.02564438555453518,7
explanation_stability_v1,2026-09-23 20:40:27,303,D1_creditcard,CHRONOLOGICAL_SAFE,xgboost,strict,False,283726,473,2.137843608856201,226980,399,V12,0.024703707545995712,0.024703708730862476,8
explanation_stability_v1,2026-09-23 20:40:27,303,D1_creditcard,CHRONOLOGICAL_SAFE,xgboost,strict,False,283726,473,2.137843608856201,226980,399,Amount,0.021367819979786873,0.021367821004654078,9
explanation_stability_v1,2026-09-23 20:40:27,303,D1_creditcard,CHRONOLOGICAL_SAFE,xgboost,strict,False,283726,473,2.137843608856201,226980,399,V13,0.020095402374863625,0.020095403338701717,10
explanation_stability_v1,2026-09-23 20:40:27,303,D1_creditcard,CHRONOLOGICAL_SAFE,xgboost,strict,False,283726,473,2.137843608856201,226980,399,V15,0.017086487263441086,0.017086488082962238,11
explanation_stability_v1,2026-09-23 20:40:27,303,D1_creditcard,CHRONOLOGICAL_SAFE,xgboost,strict,False,283726,473,2.137843608856201,226980,399,V23,0.017053905874490738,0.017053906692449185,12
explanation_stability_v1,2026-09-23 20:40:27,303,D1_creditcard,CHRONOLOGICAL_SAFE,xgboost,strict,False,283726,473,2.137843608856201,226980,399,V7,0.016294293105602264,0.016294293887127317,13
explanation_stability_v1,2026-09-23 20:40:27,303,D1_creditcard,CHRONOLOGICAL_SAFE,xgboost,strict,False,283726,473,2.137843608856201,226980,399,V1,0.016280489042401314,0.016280489823264282,14
explanation_stability_v1,2026-09-23 20:40:27,303,D1_creditcard,CHRONOLOGICAL_SAFE,xgboost,strict,False,283726,473,2.137843608856201,226980,399,V11,0.01598605141043663,0.01598605217717745,15
explanation_stability_v1,2026-09-23 20:40:27,303,D1_creditcard,CHRONOLOGICAL_SAFE,xgboost,strict,False,283726,473,2.137843608856201,226980,399,V26,0.013885386288166046,0.013885386954152423,16
explanation_stability_v1,2026-09-23 20:40:27,303,D1_creditcard,CHRONOLOGICAL_SAFE,xgboost,strict,False,283726,473,2.137843608856201,226980,399,V21,0.013003172352910042,0.013003172976582692,17
explanation_stability_v1,2026-09-23 20:40:27,303,D1_creditcard,CHRONOLOGICAL_SAFE,xgboost,strict,False,283726,473,2.137843608856201,226980,399,V22,0.012621712870895863,0.012621713476272526,18
explanation_stability_v1,2026-09-23 20:40:27,303,D1_creditcard,CHRONOLOGICAL_SAFE,xgboost,strict,False,283726,473,2.137843608856201,226980,399,V3,0.012105059809982777,0.012105060390579151,19
explanation_stability_v1,2026-09-23 20:40:27,303,D1_creditcard,CHRONOLOGICAL_SAFE,xgboost,strict,False,283726,473,2.137843608856201,226980,399,V25,0.011889800429344177,0.011889800999616042,20
explanation_stability_v1,2026-09-23 20:40:27,303,D1_creditcard,CHRONOLOGICAL_SAFE,xgboost,strict,False,283726,473,2.137843608856201,226980,399,V2,0.011194786056876183,0.011194786593812992,21
explanation_stability_v1,2026-09-23 20:40:27,303,D1_creditcard,CHRONOLOGICAL_SAFE,xgboost,strict,False,283726,473,2.137843608856201,226980,399,V28,0.01109448354691267,0.01109448407903866,22
explanation_stability_v1,2026-09-23 20:40:27,303,D1_creditcard,CHRONOLOGICAL_SAFE,xgboost,strict,False,283726,473,2.137843608856201,226980,399,V27,0.009379079565405846,0.009379080015255717,23
explanation_stability_v1,2026-09-23 20:40:27,303,D1_creditcard,CHRONOLOGICAL_SAFE,xgboost,strict,False,283726,473,2.137843608856201,226980,399,V16,0.009334602393209934,0.009334602840926541,24
explanation_stability_v1,2026-09-23 20:40:27,303,D1_creditcard,CHRONOLOGICAL_SAFE,xgboost,strict,False,283726,473,2.137843608856201,226980,399,V9,0.00903698243200779,0.009036982865449615,25
explanation_stability_v1,2026-09-23 20:40:27,303,D1_creditcard,CHRONOLOGICAL_SAFE,xgboost,strict,False,283726,473,2.137843608856201,226980,399,V6,0.008279348723590374,0.008279349120693728,26
explanation_stability_v1,2026-09-23 20:40:27,303,D1_creditcard,CHRONOLOGICAL_SAFE,xgboost,strict,False,283726,473,2.137843608856201,226980,399,V18,0.008247076533734798,0.008247076929290277,27
explanation_stability_v1,2026-09-23 20:40:27,303,D1_creditcard,CHRONOLOGICAL_SAFE,xgboost,strict,False,283726,473,2.137843608856201,226980,399,V5,0.007545675151050091,0.007545675512964175,28
explanation_stability_v1,2026-09-23 20:40:27,303,D1_creditcard,CHRONOLOGICAL_SAFE,xgboost,strict,False,283726,473,2.137843608856201,226980,399,V24,0.0055054123513400555,0.005505412615396781,29
explanation_stability_v1,2026-09-23 20:40:57,303,D1_creditcard,CHRONOLOGICAL_SAFE,lightgbm,strict,False,283726,473,21.730895280838013,226980,399,V4,1661.0,0.05689915045217868,1
explanation_stability_v1,2026-09-23 20:40:57,303,D1_creditcard,CHRONOLOGICAL_SAFE,lightgbm,strict,False,283726,473,21.730895280838013,226980,399,V14,1493.0,0.05114414908194026,2
explanation_stability_v1,2026-09-23 20:40:57,303,D1_creditcard,CHRONOLOGICAL_SAFE,lightgbm,strict,False,283726,473,21.730895280838013,226980,399,V12,1282.0,0.0439161414086051,3
explanation_stability_v1,2026-09-23 20:40:57,303,D1_creditcard,CHRONOLOGICAL_SAFE,lightgbm,strict,False,283726,473,21.730895280838013,226980,399,V26,1261.0,0.043196766237325296,4
explanation_stability_v1,2026-09-23 20:40:57,303,D1_creditcard,CHRONOLOGICAL_SAFE,lightgbm,strict,False,283726,473,21.730895280838013,226980,399,Amount,1215.0,0.041620992052617156,5
explanation_stability_v1,2026-09-23 20:40:57,303,D1_creditcard,CHRONOLOGICAL_SAFE,lightgbm,strict,False,283726,473,21.730895280838013,226980,399,V28,1131.0,0.03874349136749795,6
explanation_stability_v1,2026-09-23 20:40:57,303,D1_creditcard,CHRONOLOGICAL_SAFE,lightgbm,strict,False,283726,473,21.730895280838013,226980,399,V10,1074.0,0.03679090161688134,7
explanation_stability_v1,2026-09-23 20:40:57,303,D1_creditcard,CHRONOLOGICAL_SAFE,lightgbm,strict,False,283726,473,21.730895280838013,226980,399,V22,1074.0,0.03679090161688134,8
explanation_stability_v1,2026-09-23 20:40:57,303,D1_creditcard,CHRONOLOGICAL_SAFE,lightgbm,strict,False,283726,473,21.730895280838013,226980,399,V25,1058.0,0.0362428062482872,9
explanation_stability_v1,2026-09-23 20:40:57,303,D1_creditcard,CHRONOLOGICAL_SAFE,lightgbm,strict,False,283726,473,21.730895280838013,226980,399,V19,1057.0,0.036208550287750066,10
explanation_stability_v1,2026-09-23 20:40:57,303,D1_creditcard,CHRONOLOGICAL_SAFE,lightgbm,strict,False,283726,473,21.730895280838013,226980,399,V13,1047.0,0.03586599068237874,11
explanation_stability_v1,2026-09-23 20:40:57,303,D1_creditcard,CHRONOLOGICAL_SAFE,lightgbm,strict,False,283726,473,21.730895280838013,226980,399,V24,1046.0,0.0358317347218416,12
explanation_stability_v1,2026-09-23 20:40:57,303,D1_creditcard,CHRONOLOGICAL_SAFE,lightgbm,strict,False,283726,473,21.730895280838013,226980,399,V11,989.0,0.033879144971224996,13
explanation_stability_v1,2026-09-23 20:40:57,303,D1_creditcard,CHRONOLOGICAL_SAFE,lightgbm,strict,False,283726,473,21.730895280838013,226980,399,V7,984.0,0.033707865168539325,14
explanation_stability_v1,2026-09-23 20:40:57,303,D1_creditcard,CHRONOLOGICAL_SAFE,lightgbm,strict,False,283726,473,21.730895280838013,226980,399,V8,957.0,0.032782954234036724,15
explanation_stability_v1,2026-09-23 20:40:57,303,D1_creditcard,CHRONOLOGICAL_SAFE,lightgbm,strict,False,283726,473,21.730895280838013,226980,399,V1,946.0,0.032406138668128255,16
explanation_stability_v1,2026-09-23 20:40:57,303,D1_creditcard,CHRONOLOGICAL_SAFE,lightgbm,strict,False,283726,473,21.730895280838013,226980,399,V3,941.0,0.032234858865442584,17
explanation_stability_v1,2026-09-23 20:40:57,303,D1_creditcard,CHRONOLOGICAL_SAFE,lightgbm,strict,False,283726,473,21.730895280838013,226980,399,V5,912.0,0.031241436009865717,18
explanation_stability_v1,2026-09-23 20:40:57,303,D1_creditcard,CHRONOLOGICAL_SAFE,lightgbm,strict,False,283726,473,21.730895280838013,226980,399,V23,909.0,0.031138668128254315,19
explanation_stability_v1,2026-09-23 20:40:57,303,D1_creditcard,CHRONOLOGICAL_SAFE,lightgbm,strict,False,283726,473,21.730895280838013,226980,399,V16,868.0,0.029734173746231843,20
explanation_stability_v1,2026-09-23 20:40:57,303,D1_creditcard,CHRONOLOGICAL_SAFE,lightgbm,strict,False,283726,473,21.730895280838013,226980,399,V27,856.0,0.02932310221978624,21
explanation_stability_v1,2026-09-23 20:40:57,303,D1_creditcard,CHRONOLOGICAL_SAFE,lightgbm,strict,False,283726,473,21.730895280838013,226980,399,V21,843.0,0.028877774732803507,22
explanation_stability_v1,2026-09-23 20:40:57,303,D1_creditcard,CHRONOLOGICAL_SAFE,lightgbm,strict,False,283726,473,21.730895280838013,226980,399,V15,826.0,0.028295423403672238,23
explanation_stability_v1,2026-09-23 20:40:57,303,D1_creditcard,CHRONOLOGICAL_SAFE,lightgbm,strict,False,283726,473,21.730895280838013,226980,399,V9,819.0,0.028055631679912305,24
explanation_stability_v1,2026-09-23 20:40:57,303,D1_creditcard,CHRONOLOGICAL_SAFE,lightgbm,strict,False,283726,473,21.730895280838013,226980,399,V18,818.0,0.02802137571937517,25
explanation_stability_v1,2026-09-23 20:40:57,303,D1_creditcard,CHRONOLOGICAL_SAFE,lightgbm,strict,False,283726,473,21.730895280838013,226980,399,V20,814.0,0.027884351877226637,26
explanation_stability_v1,2026-09-23 20:40:57,303,D1_creditcard,CHRONOLOGICAL_SAFE,lightgbm,strict,False,283726,473,21.730895280838013,226980,399,V6,803.0,0.027507536311318168,27
explanation_stability_v1,2026-09-23 20:40:57,303,D1_creditcard,CHRONOLOGICAL_SAFE,lightgbm,strict,False,283726,473,21.730895280838013,226980,399,V2,797.0,0.027302000548095368,28
explanation_stability_v1,2026-09-23 20:40:57,303,D1_creditcard,CHRONOLOGICAL_SAFE,lightgbm,strict,False,283726,473,21.730895280838013,226980,399,V17,711.0,0.024355987941901892,29
explanation_stability_v1,2026-09-23 20:41:06,303,D2_fraudTest,RANDOM_STRATIFIED_SAFE,xgboost,strict,False,555719,2145,1.5989205837249756,444575,1716,category,0.4668009439483285,0.4668009412855322,1
explanation_stability_v1,2026-09-23 20:41:06,303,D2_fraudTest,RANDOM_STRATIFIED_SAFE,xgboost,strict,False,555719,2145,1.5989205837249756,444575,1716,state,0.33834238175768405,0.3383423798276604,2
explanation_stability_v1,2026-09-23 20:41:06,303,D2_fraudTest,RANDOM_STRATIFIED_SAFE,xgboost,strict,False,555719,2145,1.5989205837249756,444575,1716,amt,0.11724532395601273,0.11724532328720427,3
explanation_stability_v1,2026-09-23 20:41:06,303,D2_fraudTest,RANDOM_STRATIFIED_SAFE,xgboost,strict,False,555719,2145,1.5989205837249756,444575,1716,trans_hour,0.04641929641366005,0.046419296148868104,4
explanation_stability_v1,2026-09-23 20:41:06,303,D2_fraudTest,RANDOM_STRATIFIED_SAFE,xgboost,strict,False,555719,2145,1.5989205837249756,444575,1716,age_years,0.01051620114594698,0.01051620108595888,5
explanation_stability_v1,2026-09-23 20:41:06,303,D2_fraudTest,RANDOM_STRATIFIED_SAFE,xgboost,strict,False,555719,2145,1.5989205837249756,444575,1716,city_pop,0.008143380284309387,0.00814338023785669,6
explanation_stability_v1,2026-09-23 20:41:06,303,D2_fraudTest,RANDOM_STRATIFIED_SAFE,xgboost,strict,False,555719,2145,1.5989205837249756,444575,1716,trans_month,0.0067856512032449245,0.0067856511645371905,7
explanation_stability_v1,2026-09-23 20:41:06,303,D2_fraudTest,RANDOM_STRATIFIED_SAFE,xgboost,strict,False,555719,2145,1.5989205837249756,444575,1716,trans_dayofweek,0.005746826995164156,0.005746826962382239,8
explanation_stability_v1,2026-09-23 20:41:35,303,D2_fraudTest,RANDOM_STRATIFIED_SAFE,lightgbm,strict,False,555719,2145,17.40857434272766,444575,1716,state,5928.0,0.1912258064516129,1
explanation_stability_v1,2026-09-23 20:41:35,303,D2_fraudTest,RANDOM_STRATIFIED_SAFE,lightgbm,strict,False,555719,2145,17.40857434272766,444575,1716,age_years,5746.0,0.18535483870967742,2
explanation_stability_v1,2026-09-23 20:41:35,303,D2_fraudTest,RANDOM_STRATIFIED_SAFE,lightgbm,strict,False,555719,2145,17.40857434272766,444575,1716,amt,4634.0,0.14948387096774193,3
explanation_stability_v1,2026-09-23 20:41:35,303,D2_fraudTest,RANDOM_STRATIFIED_SAFE,lightgbm,strict,False,555719,2145,17.40857434272766,444575,1716,category,4281.0,0.13809677419354838,4
explanation_stability_v1,2026-09-23 20:41:35,303,D2_fraudTest,RANDOM_STRATIFIED_SAFE,lightgbm,strict,False,555719,2145,17.40857434272766,444575,1716,city_pop,4267.0,0.1376451612903226,5
explanation_stability_v1,2026-09-23 20:41:35,303,D2_fraudTest,RANDOM_STRATIFIED_SAFE,lightgbm,strict,False,555719,2145,17.40857434272766,444575,1716,trans_hour,2529.0,0.08158064516129032,6
explanation_stability_v1,2026-09-23 20:41:35,303,D2_fraudTest,RANDOM_STRATIFIED_SAFE,lightgbm,strict,False,555719,2145,17.40857434272766,444575,1716,trans_month,2065.0,0.06661290322580646,7
explanation_stability_v1,2026-09-23 20:41:35,303,D2_fraudTest,RANDOM_STRATIFIED_SAFE,lightgbm,strict,False,555719,2145,17.40857434272766,444575,1716,trans_dayofweek,1550.0,0.05,8
explanation_stability_v1,2026-09-23 20:41:44,303,D2_fraudTest,CHRONOLOGICAL_SAFE,xgboost,strict,False,555719,2145,1.581874132156372,444575,1961,category,0.4961980674415827,0.49619811867919417,1
explanation_stability_v1,2026-09-23 20:41:44,303,D2_fraudTest,CHRONOLOGICAL_SAFE,xgboost,strict,False,555719,2145,1.581874132156372,444575,1961,state,0.3106482803123072,0.3106483123899732,2
explanation_stability_v1,2026-09-23 20:41:44,303,D2_fraudTest,CHRONOLOGICAL_SAFE,xgboost,strict,False,555719,2145,1.581874132156372,444575,1961,amt,0.11785686016082764,0.1178568723307743,3
explanation_stability_v1,2026-09-23 20:41:44,303,D2_fraudTest,CHRONOLOGICAL_SAFE,xgboost,strict,False,555719,2145,1.581874132156372,444575,1961,trans_hour,0.04688332602381706,0.046883330865008115,4
explanation_stability_v1,2026-09-23 20:41:44,303,D2_fraudTest,CHRONOLOGICAL_SAFE,xgboost,strict,False,555719,2145,1.581874132156372,444575,1961,age_years,0.01059094537049532,0.010590946464120586,5
explanation_stability_v1,2026-09-23 20:41:44,303,D2_fraudTest,CHRONOLOGICAL_SAFE,xgboost,strict,False,555719,2145,1.581874132156372,444575,1961,city_pop,0.007517666090279818,0.007517666866557034,6
explanation_stability_v1,2026-09-23 20:41:44,303,D2_fraudTest,CHRONOLOGICAL_SAFE,xgboost,strict,False,555719,2145,1.581874132156372,444575,1961,trans_dayofweek,0.005365382414311171,0.005365382968342711,7
explanation_stability_v1,2026-09-23 20:41:44,303,D2_fraudTest,CHRONOLOGICAL_SAFE,xgboost,strict,False,555719,2145,1.581874132156372,444575,1961,trans_month,0.004939368925988674,0.004939369436029891,8
explanation_stability_v1,2026-09-23 20:42:13,303,D2_fraudTest,CHRONOLOGICAL_SAFE,lightgbm,strict,False,555719,2145,19.489316940307617,444575,1961,age_years,5760.0,0.18580645161290324,1
explanation_stability_v1,2026-09-23 20:42:13,303,D2_fraudTest,CHRONOLOGICAL_SAFE,lightgbm,strict,False,555719,2145,19.489316940307617,444575,1961,state,5711.0,0.1842258064516129,2
explanation_stability_v1,2026-09-23 20:42:13,303,D2_fraudTest,CHRONOLOGICAL_SAFE,lightgbm,strict,False,555719,2145,19.489316940307617,444575,1961,amt,4773.0,0.15396774193548388,3
explanation_stability_v1,2026-09-23 20:42:13,303,D2_fraudTest,CHRONOLOGICAL_SAFE,lightgbm,strict,False,555719,2145,19.489316940307617,444575,1961,category,4252.0,0.13716129032258065,4
explanation_stability_v1,2026-09-23 20:42:13,303,D2_fraudTest,CHRONOLOGICAL_SAFE,lightgbm,strict,False,555719,2145,19.489316940307617,444575,1961,city_pop,4246.0,0.13696774193548386,5
explanation_stability_v1,2026-09-23 20:42:13,303,D2_fraudTest,CHRONOLOGICAL_SAFE,lightgbm,strict,False,555719,2145,19.489316940307617,444575,1961,trans_hour,2348.0,0.07574193548387097,6
explanation_stability_v1,2026-09-23 20:42:13,303,D2_fraudTest,CHRONOLOGICAL_SAFE,lightgbm,strict,False,555719,2145,19.489316940307617,444575,1961,trans_month,2316.0,0.07470967741935484,7
explanation_stability_v1,2026-09-23 20:42:13,303,D2_fraudTest,CHRONOLOGICAL_SAFE,lightgbm,strict,False,555719,2145,19.489316940307617,444575,1961,trans_dayofweek,1594.0,0.05141935483870968,8
explanation_stability_v1,2026-09-23 20:42:37,303,D3_PaySim,RANDOM_STRATIFIED_SAFE,xgboost,strict,False,1000000,749,2.0782628059387207,800000,599,type,0.8377896584570408,0.8377896662595651,1
explanation_stability_v1,2026-09-23 20:42:37,303,D3_PaySim,RANDOM_STRATIFIED_SAFE,xgboost,strict,False,1000000,749,2.0782628059387207,800000,599,oldbalanceOrg,0.07961487025022507,0.07961487099169633,2
explanation_stability_v1,2026-09-23 20:42:37,303,D3_PaySim,RANDOM_STRATIFIED_SAFE,xgboost,strict,False,1000000,749,2.0782628059387207,800000,599,amount,0.05746328830718994,0.057463288842358524,3
explanation_stability_v1,2026-09-23 20:42:37,303,D3_PaySim,RANDOM_STRATIFIED_SAFE,xgboost,strict,False,1000000,749,2.0782628059387207,800000,599,oldbalanceDest,0.02513217367231846,0.02513217390638007,4
explanation_stability_v1,2026-09-23 20:43:34,303,D3_PaySim,RANDOM_STRATIFIED_SAFE,lightgbm,strict,False,1000000,749,31.44631004333496,800000,599,amount,11790.0,0.3803225806451613,1
explanation_stability_v1,2026-09-23 20:43:34,303,D3_PaySim,RANDOM_STRATIFIED_SAFE,lightgbm,strict,False,1000000,749,31.44631004333496,800000,599,oldbalanceOrg,10011.0,0.32293548387096777,2
explanation_stability_v1,2026-09-23 20:43:34,303,D3_PaySim,RANDOM_STRATIFIED_SAFE,lightgbm,strict,False,1000000,749,31.44631004333496,800000,599,oldbalanceDest,7058.0,0.2276774193548387,3
explanation_stability_v1,2026-09-23 20:43:34,303,D3_PaySim,RANDOM_STRATIFIED_SAFE,lightgbm,strict,False,1000000,749,31.44631004333496,800000,599,type,2141.0,0.06906451612903226,4
explanation_stability_v1,2026-09-23 20:43:57,303,D3_PaySim,CHRONOLOGICAL_SAFE,xgboost,strict,False,1000000,749,2.2157227993011475,800000,625,type,0.8297102898359299,0.8297102805631948,1
explanation_stability_v1,2026-09-23 20:43:57,303,D3_PaySim,CHRONOLOGICAL_SAFE,xgboost,strict,False,1000000,749,2.2157227993011475,800000,625,oldbalanceOrg,0.08552030473947525,0.08552030378371138,2
explanation_stability_v1,2026-09-23 20:43:57,303,D3_PaySim,CHRONOLOGICAL_SAFE,xgboost,strict,False,1000000,749,2.2157227993011475,800000,625,amount,0.060319263488054276,0.06031926281393398,3
explanation_stability_v1,2026-09-23 20:43:57,303,D3_PaySim,CHRONOLOGICAL_SAFE,xgboost,strict,False,1000000,749,2.2157227993011475,800000,625,oldbalanceDest,0.0244501531124115,0.024450152839159748,4
explanation_stability_v1,2026-09-23 20:44:49,303,D3_PaySim,CHRONOLOGICAL_SAFE,lightgbm,strict,False,1000000,749,26.20284390449524,800000,625,amount,11858.0,0.38251612903225807,1
explanation_stability_v1,2026-09-23 20:44:49,303,D3_PaySim,CHRONOLOGICAL_SAFE,lightgbm,strict,False,1000000,749,26.20284390449524,800000,625,oldbalanceOrg,10501.0,0.338741935483871,2
explanation_stability_v1,2026-09-23 20:44:49,303,D3_PaySim,CHRONOLOGICAL_SAFE,lightgbm,strict,False,1000000,749,26.20284390449524,800000,625,oldbalanceDest,6559.0,0.21158064516129033,3
explanation_stability_v1,2026-09-23 20:44:49,303,D3_PaySim,CHRONOLOGICAL_SAFE,lightgbm,strict,False,1000000,749,26.20284390449524,800000,625,type,2082.0,0.06716129032258064,4
explanation_stability_v1,2026-09-23 20:44:56,404,D1_creditcard,RANDOM_STRATIFIED_SAFE,xgboost,strict,False,283726,473,2.102041482925415,226980,378,V14,0.393351674079895,0.39335169367894124,1
explanation_stability_v1,2026-09-23 20:44:56,404,D1_creditcard,RANDOM_STRATIFIED_SAFE,xgboost,strict,False,283726,473,2.102041482925415,226980,378,V10,0.09053918719291687,0.0905391917041007,2
explanation_stability_v1,2026-09-23 20:44:56,404,D1_creditcard,RANDOM_STRATIFIED_SAFE,xgboost,strict,False,283726,473,2.102041482925415,226980,378,V4,0.0845172181725502,0.08451722238368485,3
explanation_stability_v1,2026-09-23 20:44:56,404,D1_creditcard,RANDOM_STRATIFIED_SAFE,xgboost,strict,False,283726,473,2.102041482925415,226980,378,V12,0.04797117039561272,0.04797117278581275,4
explanation_stability_v1,2026-09-23 20:44:56,404,D1_creditcard,RANDOM_STRATIFIED_SAFE,xgboost,strict,False,283726,473,2.102041482925415,226980,378,V20,0.03260769322514534,0.03260769484984844,5
explanation_stability_v1,2026-09-23 20:44:56,404,D1_creditcard,RANDOM_STRATIFIED_SAFE,xgboost,strict,False,283726,473,2.102041482925415,226980,378,V8,0.02751515805721283,0.0275151594281765,6
explanation_stability_v1,2026-09-23 20:44:56,404,D1_creditcard,RANDOM_STRATIFIED_SAFE,xgboost,strict,False,283726,473,2.102041482925415,226980,378,V19,0.022441217675805092,0.022441218793955824,7
explanation_stability_v1,2026-09-23 20:44:56,404,D1_creditcard,RANDOM_STRATIFIED_SAFE,xgboost,strict,False,283726,473,2.102041482925415,226980,378,Amount,0.019485749304294586,0.01948575027518686,8
explanation_stability_v1,2026-09-23 20:44:56,404,D1_creditcard,RANDOM_STRATIFIED_SAFE,xgboost,strict,False,283726,473,2.102041482925415,226980,378,V23,0.019371038302779198,0.019371039267955907,9
explanation_stability_v1,2026-09-23 20:44:56,404,D1_creditcard,RANDOM_STRATIFIED_SAFE,xgboost,strict,False,283726,473,2.102041482925415,226980,378,V11,0.017872130498290062,0.01787213138878255,10
explanation_stability_v1,2026-09-23 20:44:56,404,D1_creditcard,RANDOM_STRATIFIED_SAFE,xgboost,strict,False,283726,473,2.102041482925415,226980,378,V21,0.01760806515812874,0.01760806603546397,11
explanation_stability_v1,2026-09-23 20:44:56,404,D1_creditcard,RANDOM_STRATIFIED_SAFE,xgboost,strict,False,283726,473,2.102041482925415,226980,378,V25,0.01730673387646675,0.017306734738787924,12
explanation_stability_v1,2026-09-23 20:44:56,404,D1_creditcard,RANDOM_STRATIFIED_SAFE,xgboost,strict,False,283726,473,2.102041482925415,226980,378,V5,0.017045121639966965,0.01704512248925311,13
explanation_stability_v1,2026-09-23 20:44:56,404,D1_creditcard,RANDOM_STRATIFIED_SAFE,xgboost,strict,False,283726,473,2.102041482925415,226980,378,V13,0.01671094447374344,0.01671094530637895,14
explanation_stability_v1,2026-09-23 20:44:56,404,D1_creditcard,RANDOM_STRATIFIED_SAFE,xgboost,strict,False,283726,473,2.102041482925415,226980,378,V16,0.01626775972545147,0.016267760536004965,15
explanation_stability_v1,2026-09-23 20:44:56,404,D1_creditcard,RANDOM_STRATIFIED_SAFE,xgboost,strict,False,283726,473,2.102041482925415,226980,378,V3,0.015756092965602875,0.015756093750662184,16
explanation_stability_v1,2026-09-23 20:44:56,404,D1_creditcard,RANDOM_STRATIFIED_SAFE,xgboost,strict,False,283726,473,2.102041482925415,226980,378,V26,0.015265626832842827,0.015265627593464288,17
explanation_stability_v1,2026-09-23 20:44:56,404,D1_creditcard,RANDOM_STRATIFIED_SAFE,xgboost,strict,False,283726,473,2.102041482925415,226980,378,V28,0.014967226423323154,0.01496722716907659,18
explanation_stability_v1,2026-09-23 20:44:56,404,D1_creditcard,RANDOM_STRATIFIED_SAFE,xgboost,strict,False,283726,473,2.102041482925415,226980,378,V7,0.014591006562113762,0.014591007289121756,19
explanation_stability_v1,2026-09-23 20:44:56,404,D1_creditcard,RANDOM_STRATIFIED_SAFE,xgboost,strict,False,283726,473,2.102041482925415,226980,378,V6,0.012872345745563507,0.012872346386937919,20
explanation_stability_v1,2026-09-23 20:44:56,404,D1_creditcard,RANDOM_STRATIFIED_SAFE,xgboost,strict,False,283726,473,2.102041482925415,226980,378,V17,0.012383857741951942,0.012383858358987069,21
explanation_stability_v1,2026-09-23 20:44:56,404,D1_creditcard,RANDOM_STRATIFIED_SAFE,xgboost,strict,False,283726,473,2.102041482925415,226980,378,V1,0.01214527152478695,0.012145272129934336,22
explanation_stability_v1,2026-09-23 20:44:56,404,D1_creditcard,RANDOM_STRATIFIED_SAFE,xgboost,strict,False,283726,473,2.102041482925415,226980,378,V15,0.010519585572183132,0.01051958609632948,23
explanation_stability_v1,2026-09-23 20:44:56,404,D1_creditcard,RANDOM_STRATIFIED_SAFE,xgboost,strict,False,283726,473,2.102041482925415,226980,378,V27,0.010102820582687855,0.01010282108606857,24
explanation_stability_v1,2026-09-23 20:44:56,404,D1_creditcard,RANDOM_STRATIFIED_SAFE,xgboost,strict,False,283726,473,2.102041482925415,226980,378,V9,0.009277475997805595,0.00927747646006289,25
explanation_stability_v1,2026-09-23 20:44:56,404,D1_creditcard,RANDOM_STRATIFIED_SAFE,xgboost,strict,False,283726,473,2.102041482925415,226980,378,V18,0.009231123141944408,0.009231123601892136,26
explanation_stability_v1,2026-09-23 20:44:56,404,D1_creditcard,RANDOM_STRATIFIED_SAFE,xgboost,strict,False,283726,473,2.102041482925415,226980,378,V2,0.009077023714780807,0.009077024167050415,27
explanation_stability_v1,2026-09-23 20:44:56,404,D1_creditcard,RANDOM_STRATIFIED_SAFE,xgboost,strict,False,283726,473,2.102041482925415,226980,378,V22,0.007553006988018751,0.007553007364353066,28
explanation_stability_v1,2026-09-23 20:44:56,404,D1_creditcard,RANDOM_STRATIFIED_SAFE,xgboost,strict,False,283726,473,2.102041482925415,226980,378,V24,0.005646624602377415,0.0056466248837247785,29
explanation_stability_v1,2026-09-23 20:45:26,404,D1_creditcard,RANDOM_STRATIFIED_SAFE,lightgbm,strict,False,283726,473,23.27223300933838,226980,378,V4,1625.0,0.05527774943021397,1
explanation_stability_v1,2026-09-23 20:45:26,404,D1_creditcard,RANDOM_STRATIFIED_SAFE,lightgbm,strict,False,283726,473,23.27223300933838,226980,378,V14,1586.0,0.05395108344388883,2
explanation_stability_v1,2026-09-23 20:45:26,404,D1_creditcard,RANDOM_STRATIFIED_SAFE,lightgbm,strict,False,283726,473,23.27223300933838,226980,378,Amount,1342.0,0.04565091676021363,3
explanation_stability_v1,2026-09-23 20:45:26,404,D1_creditcard,RANDOM_STRATIFIED_SAFE,lightgbm,strict,False,283726,473,23.27223300933838,226980,378,V26,1323.0,0.04500459230533728,4
explanation_stability_v1,2026-09-23 20:45:26,404,D1_creditcard,RANDOM_STRATIFIED_SAFE,lightgbm,strict,False,283726,473,23.27223300933838,226980,378,V13,1204.0,0.040956560193216994,5
explanation_stability_v1,2026-09-23 20:45:26,404,D1_creditcard,RANDOM_STRATIFIED_SAFE,lightgbm,strict,False,283726,473,23.27223300933838,226980,378,V12,1201.0,0.040854508963499674,6
explanation_stability_v1,2026-09-23 20:45:26,404,D1_creditcard,RANDOM_STRATIFIED_SAFE,lightgbm,strict,False,283726,473,23.27223300933838,226980,378,V25,1095.0,0.0372486988468211,7
explanation_stability_v1,2026-09-23 20:45:26,404,D1_creditcard,RANDOM_STRATIFIED_SAFE,lightgbm,strict,False,283726,473,23.27223300933838,226980,378,V11,1074.0,0.036534340238799874,8
explanation_stability_v1,2026-09-23 20:45:26,404,D1_creditcard,RANDOM_STRATIFIED_SAFE,lightgbm,strict,False,283726,473,23.27223300933838,226980,378,V28,1046.0,0.03558186209477158,9
explanation_stability_v1,2026-09-23 20:45:26,404,D1_creditcard,RANDOM_STRATIFIED_SAFE,lightgbm,strict,False,283726,473,23.27223300933838,226980,378,V24,1029.0,0.0350035717930401,10
explanation_stability_v1,2026-09-23 20:45:26,404,D1_creditcard,RANDOM_STRATIFIED_SAFE,lightgbm,strict,False,283726,473,23.27223300933838,226980,378,V19,1021.0,0.03473143518046059,11
explanation_stability_v1,2026-09-23 20:45:26,404,D1_creditcard,RANDOM_STRATIFIED_SAFE,lightgbm,strict,False,283726,473,23.27223300933838,226980,378,V20,1016.0,0.034561349797598395,12
explanation_stability_v1,2026-09-23 20:45:26,404,D1_creditcard,RANDOM_STRATIFIED_SAFE,lightgbm,strict,False,283726,473,23.27223300933838,226980,378,V22,987.0,0.03357485457699765,13
explanation_stability_v1,2026-09-23 20:45:26,404,D1_creditcard,RANDOM_STRATIFIED_SAFE,lightgbm,strict,False,283726,473,23.27223300933838,226980,378,V7,982.0,0.03340476919413546,14
explanation_stability_v1,2026-09-23 20:45:26,404,D1_creditcard,RANDOM_STRATIFIED_SAFE,lightgbm,strict,False,283726,473,23.27223300933838,226980,378,V27,970.0,0.032996564275266184,15
explanation_stability_v1,2026-09-23 20:45:26,404,D1_creditcard,RANDOM_STRATIFIED_SAFE,lightgbm,strict,False,283726,473,23.27223300933838,226980,378,V18,961.0,0.03269041058611423,16
explanation_stability_v1,2026-09-23 20:45:26,404,D1_creditcard,RANDOM_STRATIFIED_SAFE,lightgbm,strict,False,283726,473,23.27223300933838,226980,378,V5,946.0,0.03218015443752764,17
explanation_stability_v1,2026-09-23 20:45:26,404,D1_creditcard,RANDOM_STRATIFIED_SAFE,lightgbm,strict,False,283726,473,23.27223300933838,226980,378,V2,880.0,0.02993502738374664,18
explanation_stability_v1,2026-09-23 20:45:26,404,D1_creditcard,RANDOM_STRATIFIED_SAFE,lightgbm,strict,False,283726,473,23.27223300933838,226980,378,V8,878.0,0.02986699323060176,19
explanation_stability_v1,2026-09-23 20:45:26,404,D1_creditcard,RANDOM_STRATIFIED_SAFE,lightgbm,strict,False,283726,473,23.27223300933838,226980,378,V10,876.0,0.029798959077456885,20
explanation_stability_v1,2026-09-23 20:45:26,404,D1_creditcard,RANDOM_STRATIFIED_SAFE,lightgbm,strict,False,283726,473,23.27223300933838,226980,378,V15,867.0,0.02949280538830493,21
explanation_stability_v1,2026-09-23 20:45:26,404,D1_creditcard,RANDOM_STRATIFIED_SAFE,lightgbm,strict,False,283726,473,23.27223300933838,226980,378,V9,863.0,0.029356737082015173,22
explanation_stability_v1,2026-09-23 20:45:26,404,D1_creditcard,RANDOM_STRATIFIED_SAFE,lightgbm,strict,False,283726,473,23.27223300933838,226980,378,V23,847.0,0.02881246385685614,23
explanation_stability_v1,2026-09-23 20:45:26,404,D1_creditcard,RANDOM_STRATIFIED_SAFE,lightgbm,strict,False,283726,473,23.27223300933838,226980,378,V3,819.0,0.02785998571282784,24
explanation_stability_v1,2026-09-23 20:45:26,404,D1_creditcard,RANDOM_STRATIFIED_SAFE,lightgbm,strict,False,283726,473,23.27223300933838,226980,378,V6,817.0,0.027791951559682962,25
explanation_stability_v1,2026-09-23 20:45:26,404,D1_creditcard,RANDOM_STRATIFIED_SAFE,lightgbm,strict,False,283726,473,23.27223300933838,226980,378,V16,807.0,0.027451780793958568,26
explanation_stability_v1,2026-09-23 20:45:26,404,D1_creditcard,RANDOM_STRATIFIED_SAFE,lightgbm,strict,False,283726,473,23.27223300933838,226980,378,V21,806.0,0.027417763717386127,27
explanation_stability_v1,2026-09-23 20:45:26,404,D1_creditcard,RANDOM_STRATIFIED_SAFE,lightgbm,strict,False,283726,473,23.27223300933838,226980,378,V17,770.0,0.02619314896077831,28
explanation_stability_v1,2026-09-23 20:45:26,404,D1_creditcard,RANDOM_STRATIFIED_SAFE,lightgbm,strict,False,283726,473,23.27223300933838,226980,378,V1,759.0,0.025818961118481476,29
explanation_stability_v1,2026-09-23 20:45:33,404,D1_creditcard,CHRONOLOGICAL_SAFE,xgboost,strict,False,283726,473,2.113879680633545,226980,399,V14,0.3770005404949188,0.3770004788752794,1
explanation_stability_v1,2026-09-23 20:45:33,404,D1_creditcard,CHRONOLOGICAL_SAFE,xgboost,strict,False,283726,473,2.113879680633545,226980,399,V10,0.0915045365691185,0.09150452161296872,2
explanation_stability_v1,2026-09-23 20:45:33,404,D1_creditcard,CHRONOLOGICAL_SAFE,xgboost,strict,False,283726,473,2.113879680633545,226980,399,V4,0.061829544603824615,0.06182953449796578,3
explanation_stability_v1,2026-09-23 20:45:33,404,D1_creditcard,CHRONOLOGICAL_SAFE,xgboost,strict,False,283726,473,2.113879680633545,226980,399,V12,0.0546429306268692,0.054642921695641465,4
explanation_stability_v1,2026-09-23 20:45:33,404,D1_creditcard,CHRONOLOGICAL_SAFE,xgboost,strict,False,283726,473,2.113879680633545,226980,399,V11,0.05089206621050835,0.05089205789234847,5
explanation_stability_v1,2026-09-23 20:45:33,404,D1_creditcard,CHRONOLOGICAL_SAFE,xgboost,strict,False,283726,473,2.113879680633545,226980,399,V20,0.03270198777318001,0.03270198242813543,6
explanation_stability_v1,2026-09-23 20:45:33,404,D1_creditcard,CHRONOLOGICAL_SAFE,xgboost,strict,False,283726,473,2.113879680633545,226980,399,V8,0.030974965542554855,0.030974960479787025,7
explanation_stability_v1,2026-09-23 20:45:33,404,D1_creditcard,CHRONOLOGICAL_SAFE,xgboost,strict,False,283726,473,2.113879680633545,226980,399,V13,0.02083514630794525,0.020835142902501318,8
explanation_stability_v1,2026-09-23 20:45:33,404,D1_creditcard,CHRONOLOGICAL_SAFE,xgboost,strict,False,283726,473,2.113879680633545,226980,399,V23,0.019936980679631233,0.019936977420989856,9
explanation_stability_v1,2026-09-23 20:45:33,404,D1_creditcard,CHRONOLOGICAL_SAFE,xgboost,strict,False,283726,473,2.113879680633545,226980,399,Amount,0.019068699330091476,0.019068696213368153,10
explanation_stability_v1,2026-09-23 20:45:33,404,D1_creditcard,CHRONOLOGICAL_SAFE,xgboost,strict,False,283726,473,2.113879680633545,226980,399,V19,0.018842367455363274,0.018842364375633237,11
explanation_stability_v1,2026-09-23 20:45:33,404,D1_creditcard,CHRONOLOGICAL_SAFE,xgboost,strict,False,283726,473,2.113879680633545,226980,399,V15,0.01576133631169796,0.01576133373555348,12
explanation_stability_v1,2026-09-23 20:45:33,404,D1_creditcard,CHRONOLOGICAL_SAFE,xgboost,strict,False,283726,473,2.113879680633545,226980,399,V21,0.015750836580991745,0.015750834006563418,13
explanation_stability_v1,2026-09-23 20:45:33,404,D1_creditcard,CHRONOLOGICAL_SAFE,xgboost,strict,False,283726,473,2.113879680633545,226980,399,V3,0.015587879344820976,0.015587876797027535,14
explanation_stability_v1,2026-09-23 20:45:33,404,D1_creditcard,CHRONOLOGICAL_SAFE,xgboost,strict,False,283726,473,2.113879680633545,226980,399,V7,0.01558508537709713,0.015585082829760354,15
explanation_stability_v1,2026-09-23 20:45:33,404,D1_creditcard,CHRONOLOGICAL_SAFE,xgboost,strict,False,283726,473,2.113879680633545,226980,399,V17,0.014711071737110615,0.01471106933262882,16
explanation_stability_v1,2026-09-23 20:45:33,404,D1_creditcard,CHRONOLOGICAL_SAFE,xgboost,strict,False,283726,473,2.113879680633545,226980,399,V1,0.014557828195393085,0.0145578258159585,17
explanation_stability_v1,2026-09-23 20:45:33,404,D1_creditcard,CHRONOLOGICAL_SAFE,xgboost,strict,False,283726,473,2.113879680633545,226980,399,V28,0.014080032706260681,0.014080030404920377,18
explanation_stability_v1,2026-09-23 20:45:33,404,D1_creditcard,CHRONOLOGICAL_SAFE,xgboost,strict,False,283726,473,2.113879680633545,226980,399,V22,0.013511600904166698,0.013511598695734916,19
explanation_stability_v1,2026-09-23 20:45:33,404,D1_creditcard,CHRONOLOGICAL_SAFE,xgboost,strict,False,283726,473,2.113879680633545,226980,399,V16,0.012698830105364323,0.012698828029777558,20
explanation_stability_v1,2026-09-23 20:45:33,404,D1_creditcard,CHRONOLOGICAL_SAFE,xgboost,strict,False,283726,473,2.113879680633545,226980,399,V25,0.012003524228930473,0.012003522266989426,21
explanation_stability_v1,2026-09-23 20:45:33,404,D1_creditcard,CHRONOLOGICAL_SAFE,xgboost,strict,False,283726,473,2.113879680633545,226980,399,V26,0.011835300363600254,0.011835298429154909,22
explanation_stability_v1,2026-09-23 20:45:33,404,D1_creditcard,CHRONOLOGICAL_SAFE,xgboost,strict,False,283726,473,2.113879680633545,226980,399,V6,0.011472702957689762,0.011472701082509905,23
explanation_stability_v1,2026-09-23 20:45:33,404,D1_creditcard,CHRONOLOGICAL_SAFE,xgboost,strict,False,283726,473,2.113879680633545,226980,399,V9,0.011289181187748909,0.01128917934256515,24
explanation_stability_v1,2026-09-23 20:45:33,404,D1_creditcard,CHRONOLOGICAL_SAFE,xgboost,strict,False,283726,473,2.113879680633545,226980,399,V5,0.010276162065565586,0.010276160385956851,25
explanation_stability_v1,2026-09-23 20:45:33,404,D1_creditcard,CHRONOLOGICAL_SAFE,xgboost,strict,False,283726,473,2.113879680633545,226980,399,V27,0.010148338042199612,0.01014833638348334,26
explanation_stability_v1,2026-09-23 20:45:33,404,D1_creditcard,CHRONOLOGICAL_SAFE,xgboost,strict,False,283726,473,2.113879680633545,226980,399,V18,0.009180447086691856,0.00918044558617454,27
explanation_stability_v1,2026-09-23 20:45:33,404,D1_creditcard,CHRONOLOGICAL_SAFE,xgboost,strict,False,283726,473,2.113879680633545,226980,399,V2,0.007541591301560402,0.007541590068909286,28
explanation_stability_v1,2026-09-23 20:45:33,404,D1_creditcard,CHRONOLOGICAL_SAFE,xgboost,strict,False,283726,473,2.113879680633545,226980,399,V24,0.005778649356216192,0.005778648411712799,29
explanation_stability_v1,2026-09-23 20:46:03,404,D1_creditcard,CHRONOLOGICAL_SAFE,lightgbm,strict,False,283726,473,23.63636589050293,226980,399,V4,1672.0,0.05723283357294448,1
explanation_stability_v1,2026-09-23 20:46:03,404,D1_creditcard,CHRONOLOGICAL_SAFE,lightgbm,strict,False,283726,473,23.63636589050293,226980,399,V14,1433.0,0.04905182446772095,2
explanation_stability_v1,2026-09-23 20:46:03,404,D1_creditcard,CHRONOLOGICAL_SAFE,lightgbm,strict,False,283726,473,23.63636589050293,226980,399,V12,1250.0,0.04278770452522763,3
explanation_stability_v1,2026-09-23 20:46:03,404,D1_creditcard,CHRONOLOGICAL_SAFE,lightgbm,strict,False,283726,473,23.63636589050293,226980,399,V26,1225.0,0.04193195043472308,4
explanation_stability_v1,2026-09-23 20:46:03,404,D1_creditcard,CHRONOLOGICAL_SAFE,lightgbm,strict,False,283726,473,23.63636589050293,226980,399,V28,1179.0,0.0403573629081947,5
explanation_stability_v1,2026-09-23 20:46:03,404,D1_creditcard,CHRONOLOGICAL_SAFE,lightgbm,strict,False,283726,473,23.63636589050293,226980,399,Amount,1161.0,0.03974121996303143,6
explanation_stability_v1,2026-09-23 20:46:03,404,D1_creditcard,CHRONOLOGICAL_SAFE,lightgbm,strict,False,283726,473,23.63636589050293,226980,399,V10,1156.0,0.03957006914493051,7
explanation_stability_v1,2026-09-23 20:46:03,404,D1_creditcard,CHRONOLOGICAL_SAFE,lightgbm,strict,False,283726,473,23.63636589050293,226980,399,V22,1140.0,0.039022386527007596,8
explanation_stability_v1,2026-09-23 20:46:03,404,D1_creditcard,CHRONOLOGICAL_SAFE,lightgbm,strict,False,283726,473,23.63636589050293,226980,399,V7,1063.0,0.03638666392825358,9
explanation_stability_v1,2026-09-23 20:46:03,404,D1_creditcard,CHRONOLOGICAL_SAFE,lightgbm,strict,False,283726,473,23.63636589050293,226980,399,V11,1053.0,0.036044362292051754,10
explanation_stability_v1,2026-09-23 20:46:03,404,D1_creditcard,CHRONOLOGICAL_SAFE,lightgbm,strict,False,283726,473,23.63636589050293,226980,399,V13,1038.0,0.03553090983774902,11
explanation_stability_v1,2026-09-23 20:46:03,404,D1_creditcard,CHRONOLOGICAL_SAFE,lightgbm,strict,False,283726,473,23.63636589050293,226980,399,V19,1017.0,0.0348120764017252,12
explanation_stability_v1,2026-09-23 20:46:03,404,D1_creditcard,CHRONOLOGICAL_SAFE,lightgbm,strict,False,283726,473,23.63636589050293,226980,399,V1,1014.0,0.03470938591086466,13
explanation_stability_v1,2026-09-23 20:46:03,404,D1_creditcard,CHRONOLOGICAL_SAFE,lightgbm,strict,False,283726,473,23.63636589050293,226980,399,V8,992.0,0.03395632231122065,14
explanation_stability_v1,2026-09-23 20:46:03,404,D1_creditcard,CHRONOLOGICAL_SAFE,lightgbm,strict,False,283726,473,23.63636589050293,226980,399,V3,958.0,0.032792496748134455,15
explanation_stability_v1,2026-09-23 20:46:03,404,D1_creditcard,CHRONOLOGICAL_SAFE,lightgbm,strict,False,283726,473,23.63636589050293,226980,399,V24,954.0,0.03265557609365373,16
explanation_stability_v1,2026-09-23 20:46:03,404,D1_creditcard,CHRONOLOGICAL_SAFE,lightgbm,strict,False,283726,473,23.63636589050293,226980,399,V25,942.0,0.03224481413021154,17
explanation_stability_v1,2026-09-23 20:46:03,404,D1_creditcard,CHRONOLOGICAL_SAFE,lightgbm,strict,False,283726,473,23.63636589050293,226980,399,V5,932.0,0.03190251249400972,18
explanation_stability_v1,2026-09-23 20:46:03,404,D1_creditcard,CHRONOLOGICAL_SAFE,lightgbm,strict,False,283726,473,23.63636589050293,226980,399,V15,893.0,0.03056753611282262,19
explanation_stability_v1,2026-09-23 20:46:03,404,D1_creditcard,CHRONOLOGICAL_SAFE,lightgbm,strict,False,283726,473,23.63636589050293,226980,399,V20,886.0,0.030327924967481344,20
explanation_stability_v1,2026-09-23 20:46:03,404,D1_creditcard,CHRONOLOGICAL_SAFE,lightgbm,strict,False,283726,473,23.63636589050293,226980,399,V23,861.0,0.029472170876976792,21
explanation_stability_v1,2026-09-23 20:46:03,404,D1_creditcard,CHRONOLOGICAL_SAFE,lightgbm,strict,False,283726,473,23.63636589050293,226980,399,V16,841.0,0.02878756760457315,22
explanation_stability_v1,2026-09-23 20:46:03,404,D1_creditcard,CHRONOLOGICAL_SAFE,lightgbm,strict,False,283726,473,23.63636589050293,226980,399,V21,821.0,0.02810296433216951,23
explanation_stability_v1,2026-09-23 20:46:03,404,D1_creditcard,CHRONOLOGICAL_SAFE,lightgbm,strict,False,283726,473,23.63636589050293,226980,399,V17,815.0,0.027897583350448413,24
explanation_stability_v1,2026-09-23 20:46:03,404,D1_creditcard,CHRONOLOGICAL_SAFE,lightgbm,strict,False,283726,473,23.63636589050293,226980,399,V18,800.0,0.027384130896145685,25
explanation_stability_v1,2026-09-23 20:46:03,404,D1_creditcard,CHRONOLOGICAL_SAFE,lightgbm,strict,False,283726,473,23.63636589050293,226980,399,V2,785.0,0.026870678441842953,26
explanation_stability_v1,2026-09-23 20:46:03,404,D1_creditcard,CHRONOLOGICAL_SAFE,lightgbm,strict,False,283726,473,23.63636589050293,226980,399,V6,782.0,0.026767987950982404,27
explanation_stability_v1,2026-09-23 20:46:03,404,D1_creditcard,CHRONOLOGICAL_SAFE,lightgbm,strict,False,283726,473,23.63636589050293,226980,399,V27,777.0,0.026596837132881496,28
explanation_stability_v1,2026-09-23 20:46:03,404,D1_creditcard,CHRONOLOGICAL_SAFE,lightgbm,strict,False,283726,473,23.63636589050293,226980,399,V9,774.0,0.02649414664202095,29
explanation_stability_v1,2026-09-23 20:46:12,404,D2_fraudTest,RANDOM_STRATIFIED_SAFE,xgboost,strict,False,555719,2145,2.020622968673706,444575,1716,category,0.44790427340194583,0.4479042950412587,1
explanation_stability_v1,2026-09-23 20:46:12,404,D2_fraudTest,RANDOM_STRATIFIED_SAFE,xgboost,strict,False,555719,2145,2.020622968673706,444575,1716,state,0.37487353349570185,0.3748735516067273,2
explanation_stability_v1,2026-09-23 20:46:12,404,D2_fraudTest,RANDOM_STRATIFIED_SAFE,xgboost,strict,False,555719,2145,2.020622968673706,444575,1716,amt,0.10436594486236572,0.10436594990453092,3
explanation_stability_v1,2026-09-23 20:46:12,404,D2_fraudTest,RANDOM_STRATIFIED_SAFE,xgboost,strict,False,555719,2145,2.020622968673706,444575,1716,trans_hour,0.03976196423172951,0.03976196615272387,4
explanation_stability_v1,2026-09-23 20:46:12,404,D2_fraudTest,RANDOM_STRATIFIED_SAFE,xgboost,strict,False,555719,2145,2.020622968673706,444575,1716,age_years,0.010408707894384861,0.010408708397254112,5
explanation_stability_v1,2026-09-23 20:46:12,404,D2_fraudTest,RANDOM_STRATIFIED_SAFE,xgboost,strict,False,555719,2145,2.020622968673706,444575,1716,trans_month,0.00905821193009615,0.009058212367719753,6
explanation_stability_v1,2026-09-23 20:46:12,404,D2_fraudTest,RANDOM_STRATIFIED_SAFE,xgboost,strict,False,555719,2145,2.020622968673706,444575,1716,city_pop,0.007841655984520912,0.007841656363369826,7
explanation_stability_v1,2026-09-23 20:46:12,404,D2_fraudTest,RANDOM_STRATIFIED_SAFE,xgboost,strict,False,555719,2145,2.020622968673706,444575,1716,trans_dayofweek,0.00578565988689661,0.005785660166415498,8
explanation_stability_v1,2026-09-23 20:46:41,404,D2_fraudTest,RANDOM_STRATIFIED_SAFE,lightgbm,strict,False,555719,2145,17.431159019470215,444575,1716,state,5838.0,0.1883225806451613,1
explanation_stability_v1,2026-09-23 20:46:41,404,D2_fraudTest,RANDOM_STRATIFIED_SAFE,lightgbm,strict,False,555719,2145,17.431159019470215,444575,1716,age_years,5771.0,0.18616129032258064,2
explanation_stability_v1,2026-09-23 20:46:41,404,D2_fraudTest,RANDOM_STRATIFIED_SAFE,lightgbm,strict,False,555719,2145,17.431159019470215,444575,1716,amt,4770.0,0.15387096774193548,3
explanation_stability_v1,2026-09-23 20:46:41,404,D2_fraudTest,RANDOM_STRATIFIED_SAFE,lightgbm,strict,False,555719,2145,17.431159019470215,444575,1716,category,4312.0,0.13909677419354838,4
explanation_stability_v1,2026-09-23 20:46:41,404,D2_fraudTest,RANDOM_STRATIFIED_SAFE,lightgbm,strict,False,555719,2145,17.431159019470215,444575,1716,city_pop,4095.0,0.1320967741935484,5
explanation_stability_v1,2026-09-23 20:46:41,404,D2_fraudTest,RANDOM_STRATIFIED_SAFE,lightgbm,strict,False,555719,2145,17.431159019470215,444575,1716,trans_hour,2499.0,0.08061290322580646,6
explanation_stability_v1,2026-09-23 20:46:41,404,D2_fraudTest,RANDOM_STRATIFIED_SAFE,lightgbm,strict,False,555719,2145,17.431159019470215,444575,1716,trans_month,2203.0,0.07106451612903225,7
explanation_stability_v1,2026-09-23 20:46:41,404,D2_fraudTest,RANDOM_STRATIFIED_SAFE,lightgbm,strict,False,555719,2145,17.431159019470215,444575,1716,trans_dayofweek,1512.0,0.0487741935483871,8
explanation_stability_v1,2026-09-23 20:46:49,404,D2_fraudTest,CHRONOLOGICAL_SAFE,xgboost,strict,False,555719,2145,1.4705009460449219,444575,1961,category,0.5043961983174086,0.504396231347099,1
explanation_stability_v1,2026-09-23 20:46:49,404,D2_fraudTest,CHRONOLOGICAL_SAFE,xgboost,strict,False,555719,2145,1.4705009460449219,444575,1961,state,0.3147826182539575,0.3147826388670637,2
explanation_stability_v1,2026-09-23 20:46:49,404,D2_fraudTest,CHRONOLOGICAL_SAFE,xgboost,strict,False,555719,2145,1.4705009460449219,444575,1961,amt,0.10742799937725067,0.10742800641202527,3
explanation_stability_v1,2026-09-23 20:46:49,404,D2_fraudTest,CHRONOLOGICAL_SAFE,xgboost,strict,False,555719,2145,1.4705009460449219,444575,1961,trans_hour,0.04356703907251358,0.043567041925441134,4
explanation_stability_v1,2026-09-23 20:46:49,404,D2_fraudTest,CHRONOLOGICAL_SAFE,xgboost,strict,False,555719,2145,1.4705009460449219,444575,1961,age_years,0.010772787034511566,0.010772787739952688,5
explanation_stability_v1,2026-09-23 20:46:49,404,D2_fraudTest,CHRONOLOGICAL_SAFE,xgboost,strict,False,555719,2145,1.4705009460449219,444575,1961,city_pop,0.007201288361102343,0.007201288832668793,6
explanation_stability_v1,2026-09-23 20:46:49,404,D2_fraudTest,CHRONOLOGICAL_SAFE,xgboost,strict,False,555719,2145,1.4705009460449219,444575,1961,trans_dayofweek,0.006203309632837772,0.006203310039052961,7
explanation_stability_v1,2026-09-23 20:46:49,404,D2_fraudTest,CHRONOLOGICAL_SAFE,xgboost,strict,False,555719,2145,1.4705009460449219,444575,1961,trans_month,0.005648694466799498,0.005648694836696475,8
explanation_stability_v1,2026-09-23 20:47:17,404,D2_fraudTest,CHRONOLOGICAL_SAFE,lightgbm,strict,False,555719,2145,16.86451816558838,444575,1961,age_years,5953.0,0.19203225806451613,1
explanation_stability_v1,2026-09-23 20:47:17,404,D2_fraudTest,CHRONOLOGICAL_SAFE,lightgbm,strict,False,555719,2145,16.86451816558838,444575,1961,state,5798.0,0.18703225806451612,2
explanation_stability_v1,2026-09-23 20:47:17,404,D2_fraudTest,CHRONOLOGICAL_SAFE,lightgbm,strict,False,555719,2145,16.86451816558838,444575,1961,amt,4729.0,0.1525483870967742,3
explanation_stability_v1,2026-09-23 20:47:17,404,D2_fraudTest,CHRONOLOGICAL_SAFE,lightgbm,strict,False,555719,2145,16.86451816558838,444575,1961,category,4205.0,0.13564516129032259,4
explanation_stability_v1,2026-09-23 20:47:17,404,D2_fraudTest,CHRONOLOGICAL_SAFE,lightgbm,strict,False,555719,2145,16.86451816558838,444575,1961,city_pop,4184.0,0.13496774193548386,5
explanation_stability_v1,2026-09-23 20:47:17,404,D2_fraudTest,CHRONOLOGICAL_SAFE,lightgbm,strict,False,555719,2145,16.86451816558838,444575,1961,trans_hour,2379.0,0.07674193548387097,6
explanation_stability_v1,2026-09-23 20:47:17,404,D2_fraudTest,CHRONOLOGICAL_SAFE,lightgbm,strict,False,555719,2145,16.86451816558838,444575,1961,trans_month,2198.0,0.07090322580645161,7
explanation_stability_v1,2026-09-23 20:47:17,404,D2_fraudTest,CHRONOLOGICAL_SAFE,lightgbm,strict,False,555719,2145,16.86451816558838,444575,1961,trans_dayofweek,1554.0,0.05012903225806452,8
explanation_stability_v1,2026-09-23 20:47:41,404,D3_PaySim,RANDOM_STRATIFIED_SAFE,xgboost,strict,False,1000000,749,2.1021382808685303,800000,599,type,0.8227959265932441,0.8227959718042633,1
explanation_stability_v1,2026-09-23 20:47:41,404,D3_PaySim,RANDOM_STRATIFIED_SAFE,xgboost,strict,False,1000000,749,2.1021382808685303,800000,599,oldbalanceOrg,0.08477605134248734,0.08477605600076477,2
explanation_stability_v1,2026-09-23 20:47:41,404,D3_PaySim,RANDOM_STRATIFIED_SAFE,xgboost,strict,False,1000000,749,2.1021382808685303,800000,599,amount,0.06159781664609909,0.06159782003077807,3
explanation_stability_v1,2026-09-23 20:47:41,404,D3_PaySim,RANDOM_STRATIFIED_SAFE,xgboost,strict,False,1000000,749,2.1021382808685303,800000,599,oldbalanceDest,0.030830150470137596,0.03083015216419378,4
explanation_stability_v1,2026-09-23 20:48:34,404,D3_PaySim,RANDOM_STRATIFIED_SAFE,lightgbm,strict,False,1000000,749,27.190880060195923,800000,599,amount,11711.0,0.3777741935483871,1
explanation_stability_v1,2026-09-23 20:48:34,404,D3_PaySim,RANDOM_STRATIFIED_SAFE,lightgbm,strict,False,1000000,749,27.190880060195923,800000,599,oldbalanceOrg,10544.0,0.3401290322580645,2
explanation_stability_v1,2026-09-23 20:48:34,404,D3_PaySim,RANDOM_STRATIFIED_SAFE,lightgbm,strict,False,1000000,749,27.190880060195923,800000,599,oldbalanceDest,6770.0,0.21838709677419355,3
explanation_stability_v1,2026-09-23 20:48:34,404,D3_PaySim,RANDOM_STRATIFIED_SAFE,lightgbm,strict,False,1000000,749,27.190880060195923,800000,599,type,1975.0,0.06370967741935483,4
explanation_stability_v1,2026-09-23 20:48:58,404,D3_PaySim,CHRONOLOGICAL_SAFE,xgboost,strict,False,1000000,749,2.045227527618408,800000,625,type,0.8271442265249789,0.8271442245991336,1
explanation_stability_v1,2026-09-23 20:48:58,404,D3_PaySim,CHRONOLOGICAL_SAFE,xgboost,strict,False,1000000,749,2.045227527618408,800000,625,oldbalanceOrg,0.08425528556108475,0.08425528536491263,2
explanation_stability_v1,2026-09-23 20:48:58,404,D3_PaySim,CHRONOLOGICAL_SAFE,xgboost,strict,False,1000000,749,2.045227527618408,800000,625,amount,0.05755581706762314,0.05755581693361556,3
explanation_stability_v1,2026-09-23 20:48:58,404,D3_PaySim,CHRONOLOGICAL_SAFE,xgboost,strict,False,1000000,749,2.045227527618408,800000,625,oldbalanceDest,0.031044673174619675,0.031044673102338164,4
explanation_stability_v1,2026-09-23 20:49:53,404,D3_PaySim,CHRONOLOGICAL_SAFE,lightgbm,strict,False,1000000,749,29.25471043586731,800000,625,amount,12045.0,0.3885483870967742,1
explanation_stability_v1,2026-09-23 20:49:53,404,D3_PaySim,CHRONOLOGICAL_SAFE,lightgbm,strict,False,1000000,749,29.25471043586731,800000,625,oldbalanceOrg,10476.0,0.3379354838709677,2
explanation_stability_v1,2026-09-23 20:49:53,404,D3_PaySim,CHRONOLOGICAL_SAFE,lightgbm,strict,False,1000000,749,29.25471043586731,800000,625,oldbalanceDest,6504.0,0.20980645161290323,3
explanation_stability_v1,2026-09-23 20:49:53,404,D3_PaySim,CHRONOLOGICAL_SAFE,lightgbm,strict,False,1000000,749,29.25471043586731,800000,625,type,1975.0,0.06370967741935483,4
