run_name,timestamp,seed,dataset,model,feature_policy,smoke_test,rows_used,fraud_rows_used,cap_used,bin,bin_low,bin_high,n,mean_score,observed_rate,abs_gap,calibrator
calibration_recalibration_v1,2026-09-23 19:55:42,101,D1_creditcard,lightgbm,strict,False,283726,473,,0,0.0,0.1,56665,5.079518958128213e-06,0.0003705991352686,0.0003655196163105,RAW
calibration_recalibration_v1,2026-09-23 19:55:42,101,D1_creditcard,lightgbm,strict,False,283726,473,,1,0.1,0.2,1,0.1610128981792657,1.0,0.8389871018207342,RAW
calibration_recalibration_v1,2026-09-23 19:55:42,101,D1_creditcard,lightgbm,strict,False,283726,473,,2,0.2,0.3,1,0.2561602624242784,0.0,0.2561602624242784,RAW
calibration_recalibration_v1,2026-09-23 19:55:42,101,D1_creditcard,lightgbm,strict,False,283726,473,,3,0.3,0.4,1,0.3515051362454128,0.0,0.3515051362454128,RAW
calibration_recalibration_v1,2026-09-23 19:55:42,101,D1_creditcard,lightgbm,strict,False,283726,473,,4,0.4,0.5,1,0.4467147213920682,1.0,0.5532852786079318,RAW
calibration_recalibration_v1,2026-09-23 19:55:42,101,D1_creditcard,lightgbm,strict,False,283726,473,,5,0.5,0.6000000000000001,0,,,,RAW
calibration_recalibration_v1,2026-09-23 19:55:42,101,D1_creditcard,lightgbm,strict,False,283726,473,,6,0.6000000000000001,0.7000000000000001,1,0.6296401623789589,1.0,0.3703598376210411,RAW
calibration_recalibration_v1,2026-09-23 19:55:42,101,D1_creditcard,lightgbm,strict,False,283726,473,,7,0.7000000000000001,0.8,1,0.7958659376769952,0.0,0.7958659376769952,RAW
calibration_recalibration_v1,2026-09-23 19:55:42,101,D1_creditcard,lightgbm,strict,False,283726,473,,8,0.8,0.9,1,0.8442565918721607,0.0,0.8442565918721607,RAW
calibration_recalibration_v1,2026-09-23 19:55:42,101,D1_creditcard,lightgbm,strict,False,283726,473,,9,0.9,1.0,74,0.9996505290688884,0.9594594594594594,0.0401910696094288,RAW
calibration_recalibration_v1,2026-09-23 19:55:42,101,D1_creditcard,lightgbm,strict,False,283726,473,,0,0.0,0.1,56669,0.0004662954584449,0.0004058656408265,6.0429817618396354e-05,PLATT_SIGMOID
calibration_recalibration_v1,2026-09-23 19:55:42,101,D1_creditcard,lightgbm,strict,False,283726,473,,1,0.1,0.2,1,0.1444067072347543,1.0,0.8555932927652456,PLATT_SIGMOID
calibration_recalibration_v1,2026-09-23 19:55:42,101,D1_creditcard,lightgbm,strict,False,283726,473,,2,0.2,0.3,0,,,,PLATT_SIGMOID
calibration_recalibration_v1,2026-09-23 19:55:42,101,D1_creditcard,lightgbm,strict,False,283726,473,,3,0.3,0.4,0,,,,PLATT_SIGMOID
calibration_recalibration_v1,2026-09-23 19:55:42,101,D1_creditcard,lightgbm,strict,False,283726,473,,4,0.4,0.5,1,0.4443746151462922,0.0,0.4443746151462922,PLATT_SIGMOID
calibration_recalibration_v1,2026-09-23 19:55:42,101,D1_creditcard,lightgbm,strict,False,283726,473,,5,0.5,0.6000000000000001,1,0.5571170726173563,0.0,0.5571170726173563,PLATT_SIGMOID
calibration_recalibration_v1,2026-09-23 19:55:42,101,D1_creditcard,lightgbm,strict,False,283726,473,,6,0.6000000000000001,0.7000000000000001,0,,,,PLATT_SIGMOID
calibration_recalibration_v1,2026-09-23 19:55:42,101,D1_creditcard,lightgbm,strict,False,283726,473,,7,0.7000000000000001,0.8,0,,,,PLATT_SIGMOID
calibration_recalibration_v1,2026-09-23 19:55:42,101,D1_creditcard,lightgbm,strict,False,283726,473,,8,0.8,0.9,74,0.84339335663769,0.9594594594594594,0.1160661028217694,PLATT_SIGMOID
calibration_recalibration_v1,2026-09-23 19:55:42,101,D1_creditcard,lightgbm,strict,False,283726,473,,9,0.9,1.0,0,,,,PLATT_SIGMOID
calibration_recalibration_v1,2026-09-23 19:55:42,101,D1_creditcard,lightgbm,strict,False,283726,473,,0,0.0,0.1,56649,0.0001877273377936,0.0003353986831188,0.0001476713453251,ISOTONIC
calibration_recalibration_v1,2026-09-23 19:55:42,101,D1_creditcard,lightgbm,strict,False,283726,473,,1,0.1,0.2,13,0.1589432577395197,0.0769230769230769,0.0820201808164428,ISOTONIC
calibration_recalibration_v1,2026-09-23 19:55:42,101,D1_creditcard,lightgbm,strict,False,283726,473,,2,0.2,0.3,1,0.2720681860221191,1.0,0.727931813977881,ISOTONIC
calibration_recalibration_v1,2026-09-23 19:55:42,101,D1_creditcard,lightgbm,strict,False,283726,473,,3,0.3,0.4,3,0.3333333333333333,0.3333333333333333,0.0,ISOTONIC
calibration_recalibration_v1,2026-09-23 19:55:42,101,D1_creditcard,lightgbm,strict,False,283726,473,,4,0.4,0.5,0,,,,ISOTONIC
calibration_recalibration_v1,2026-09-23 19:55:42,101,D1_creditcard,lightgbm,strict,False,283726,473,,5,0.5,0.6000000000000001,3,0.5276272283778614,0.3333333333333333,0.194293895044528,ISOTONIC
calibration_recalibration_v1,2026-09-23 19:55:42,101,D1_creditcard,lightgbm,strict,False,283726,473,,6,0.6000000000000001,0.7000000000000001,1,0.6657871102606491,1.0,0.3342128897393509,ISOTONIC
calibration_recalibration_v1,2026-09-23 19:55:42,101,D1_creditcard,lightgbm,strict,False,283726,473,,7,0.7000000000000001,0.8,3,0.75,0.0,0.75,ISOTONIC
calibration_recalibration_v1,2026-09-23 19:55:42,101,D1_creditcard,lightgbm,strict,False,283726,473,,8,0.8,0.9,9,0.8571611119736289,1.0,0.1428388880263711,ISOTONIC
calibration_recalibration_v1,2026-09-23 19:55:42,101,D1_creditcard,lightgbm,strict,False,283726,473,,9,0.9,1.0,64,0.9846015948622472,0.96875,0.015851594862247,ISOTONIC
calibration_recalibration_v1,2026-09-23 19:55:16,101,D1_creditcard,xgboost,strict,False,283726,473,,0,0.0,0.1,56636,0.0001837896702565,0.0002825058266826,9.871615642614104e-05,RAW
calibration_recalibration_v1,2026-09-23 19:55:16,101,D1_creditcard,xgboost,strict,False,283726,473,,1,0.1,0.2,12,0.1570822720726331,0.25,0.0929177279273668,RAW
calibration_recalibration_v1,2026-09-23 19:55:16,101,D1_creditcard,xgboost,strict,False,283726,473,,2,0.2,0.3,5,0.2306391358375549,0.0,0.2306391358375549,RAW
calibration_recalibration_v1,2026-09-23 19:55:16,101,D1_creditcard,xgboost,strict,False,283726,473,,3,0.3,0.4,3,0.3263133962949117,0.0,0.3263133962949117,RAW
calibration_recalibration_v1,2026-09-23 19:55:16,101,D1_creditcard,xgboost,strict,False,283726,473,,4,0.4,0.5,3,0.4666864077250163,0.0,0.4666864077250163,RAW
calibration_recalibration_v1,2026-09-23 19:55:16,101,D1_creditcard,xgboost,strict,False,283726,473,,5,0.5,0.6000000000000001,3,0.5271191000938416,0.3333333333333333,0.1937857667605082,RAW
calibration_recalibration_v1,2026-09-23 19:55:16,101,D1_creditcard,xgboost,strict,False,283726,473,,6,0.6000000000000001,0.7000000000000001,2,0.6714847385883331,0.0,0.6714847385883331,RAW
calibration_recalibration_v1,2026-09-23 19:55:16,101,D1_creditcard,xgboost,strict,False,283726,473,,7,0.7000000000000001,0.8,1,0.7395565509796143,0.0,0.7395565509796143,RAW
calibration_recalibration_v1,2026-09-23 19:55:16,101,D1_creditcard,xgboost,strict,False,283726,473,,8,0.8,0.9,4,0.8603045046329498,0.75,0.1103045046329498,RAW
calibration_recalibration_v1,2026-09-23 19:55:16,101,D1_creditcard,xgboost,strict,False,283726,473,,9,0.9,1.0,77,0.9952202044524155,0.935064935064935,0.0601552693874805,RAW
calibration_recalibration_v1,2026-09-23 19:55:16,101,D1_creditcard,xgboost,strict,False,283726,473,,0,0.0,0.1,56662,0.0004560878419672,0.0003529702446083,0.0001031175973588,PLATT_SIGMOID
calibration_recalibration_v1,2026-09-23 19:55:16,101,D1_creditcard,xgboost,strict,False,283726,473,,1,0.1,0.2,1,0.1907261566531675,0.0,0.1907261566531675,PLATT_SIGMOID
calibration_recalibration_v1,2026-09-23 19:55:16,101,D1_creditcard,xgboost,strict,False,283726,473,,2,0.2,0.3,1,0.2111845024847627,0.0,0.2111845024847627,PLATT_SIGMOID
calibration_recalibration_v1,2026-09-23 19:55:16,101,D1_creditcard,xgboost,strict,False,283726,473,,3,0.3,0.4,1,0.3229606031473381,0.0,0.3229606031473381,PLATT_SIGMOID
calibration_recalibration_v1,2026-09-23 19:55:16,101,D1_creditcard,xgboost,strict,False,283726,473,,4,0.4,0.5,0,,,,PLATT_SIGMOID
calibration_recalibration_v1,2026-09-23 19:55:16,101,D1_creditcard,xgboost,strict,False,283726,473,,5,0.5,0.6000000000000001,3,0.5689122771169783,0.6666666666666666,0.0977543895496882,PLATT_SIGMOID
calibration_recalibration_v1,2026-09-23 19:55:16,101,D1_creditcard,xgboost,strict,False,283726,473,,6,0.6000000000000001,0.7000000000000001,1,0.6803391544241041,1.0,0.3196608455758959,PLATT_SIGMOID
calibration_recalibration_v1,2026-09-23 19:55:16,101,D1_creditcard,xgboost,strict,False,283726,473,,7,0.7000000000000001,0.8,5,0.7482493379980711,0.6,0.1482493379980711,PLATT_SIGMOID
calibration_recalibration_v1,2026-09-23 19:55:16,101,D1_creditcard,xgboost,strict,False,283726,473,,8,0.8,0.9,72,0.8466288652975611,0.9583333333333334,0.1117044680357722,PLATT_SIGMOID
calibration_recalibration_v1,2026-09-23 19:55:16,101,D1_creditcard,xgboost,strict,False,283726,473,,9,0.9,1.0,0,,,,PLATT_SIGMOID
calibration_recalibration_v1,2026-09-23 19:55:16,101,D1_creditcard,xgboost,strict,False,283726,473,,0,0.0,0.1,56636,0.0001953505194201,0.0002825058266826,8.715530726248558e-05,ISOTONIC
calibration_recalibration_v1,2026-09-23 19:55:16,101,D1_creditcard,xgboost,strict,False,283726,473,,1,0.1,0.2,29,0.1800720083811764,0.1379310344827586,0.0421409738984178,ISOTONIC
calibration_recalibration_v1,2026-09-23 19:55:16,101,D1_creditcard,xgboost,strict,False,283726,473,,2,0.2,0.3,0,,,,ISOTONIC
calibration_recalibration_v1,2026-09-23 19:55:16,101,D1_creditcard,xgboost,strict,False,283726,473,,3,0.3,0.4,0,,,,ISOTONIC
calibration_recalibration_v1,2026-09-23 19:55:16,101,D1_creditcard,xgboost,strict,False,283726,473,,4,0.4,0.5,1,0.4317691603794726,0.0,0.4317691603794726,ISOTONIC
calibration_recalibration_v1,2026-09-23 19:55:16,101,D1_creditcard,xgboost,strict,False,283726,473,,5,0.5,0.6000000000000001,2,0.5196913153722932,1.0,0.4803086846277068,ISOTONIC
calibration_recalibration_v1,2026-09-23 19:55:16,101,D1_creditcard,xgboost,strict,False,283726,473,,6,0.6000000000000001,0.7000000000000001,1,0.674043571845544,1.0,0.325956428154456,ISOTONIC
calibration_recalibration_v1,2026-09-23 19:55:16,101,D1_creditcard,xgboost,strict,False,283726,473,,7,0.7000000000000001,0.8,6,0.7475175151496707,0.5,0.2475175151496706,ISOTONIC
calibration_recalibration_v1,2026-09-23 19:55:16,101,D1_creditcard,xgboost,strict,False,283726,473,,8,0.8,0.9,0,,,,ISOTONIC
calibration_recalibration_v1,2026-09-23 19:55:16,101,D1_creditcard,xgboost,strict,False,283726,473,,9,0.9,1.0,71,0.9799506987640128,0.971830985915493,0.0081197128485198,ISOTONIC
calibration_recalibration_v1,2026-09-23 19:56:29,101,D2_fraudTest,lightgbm,strict,False,555719,2145,,0,0.0,0.1,110366,0.0003407685420782,0.0002446405595926,9.61279824855848e-05,RAW
calibration_recalibration_v1,2026-09-23 19:56:29,101,D2_fraudTest,lightgbm,strict,False,555719,2145,,1,0.1,0.2,129,0.143105553524836,0.0310077519379844,0.1120978015868515,RAW
calibration_recalibration_v1,2026-09-23 19:56:29,101,D2_fraudTest,lightgbm,strict,False,555719,2145,,2,0.2,0.3,64,0.2411459546487684,0.046875,0.1942709546487684,RAW
calibration_recalibration_v1,2026-09-23 19:56:29,101,D2_fraudTest,lightgbm,strict,False,555719,2145,,3,0.3,0.4,42,0.3478138348807768,0.0952380952380952,0.2525757396426816,RAW
calibration_recalibration_v1,2026-09-23 19:56:29,101,D2_fraudTest,lightgbm,strict,False,555719,2145,,4,0.4,0.5,43,0.4431025799892068,0.1395348837209302,0.3035676962682766,RAW
calibration_recalibration_v1,2026-09-23 19:56:29,101,D2_fraudTest,lightgbm,strict,False,555719,2145,,5,0.5,0.6000000000000001,27,0.5389028178414347,0.1851851851851851,0.3537176326562495,RAW
calibration_recalibration_v1,2026-09-23 19:56:29,101,D2_fraudTest,lightgbm,strict,False,555719,2145,,6,0.6000000000000001,0.7000000000000001,23,0.6404930679078484,0.1739130434782608,0.4665800244295875,RAW
calibration_recalibration_v1,2026-09-23 19:56:29,101,D2_fraudTest,lightgbm,strict,False,555719,2145,,7,0.7000000000000001,0.8,24,0.7431259294669745,0.25,0.4931259294669745,RAW
calibration_recalibration_v1,2026-09-23 19:56:29,101,D2_fraudTest,lightgbm,strict,False,555719,2145,,8,0.8,0.9,26,0.847565606717159,0.3076923076923077,0.5398732990248513,RAW
calibration_recalibration_v1,2026-09-23 19:56:29,101,D2_fraudTest,lightgbm,strict,False,555719,2145,,9,0.9,1.0,400,0.9926921932023952,0.905,0.0876921932023953,RAW
calibration_recalibration_v1,2026-09-23 19:56:29,101,D2_fraudTest,lightgbm,strict,False,555719,2145,,0,0.0,0.1,110665,0.0004107716404412,0.0004247051913432,1.3933550901953006e-05,PLATT_SIGMOID
calibration_recalibration_v1,2026-09-23 19:56:29,101,D2_fraudTest,lightgbm,strict,False,555719,2145,,1,0.1,0.2,21,0.1506784586658477,0.1904761904761904,0.0397977318103427,PLATT_SIGMOID
calibration_recalibration_v1,2026-09-23 19:56:29,101,D2_fraudTest,lightgbm,strict,False,555719,2145,,2,0.2,0.3,7,0.2512346045791462,0.2857142857142857,0.0344796811351394,PLATT_SIGMOID
calibration_recalibration_v1,2026-09-23 19:56:29,101,D2_fraudTest,lightgbm,strict,False,555719,2145,,3,0.3,0.4,13,0.3421582007872091,0.3076923076923077,0.0344658930949013,PLATT_SIGMOID
calibration_recalibration_v1,2026-09-23 19:56:29,101,D2_fraudTest,lightgbm,strict,False,555719,2145,,4,0.4,0.5,8,0.43823523008698,0.0,0.43823523008698,PLATT_SIGMOID
calibration_recalibration_v1,2026-09-23 19:56:29,101,D2_fraudTest,lightgbm,strict,False,555719,2145,,5,0.5,0.6000000000000001,11,0.5436341017944285,0.5454545454545454,0.0018204436601169,PLATT_SIGMOID
calibration_recalibration_v1,2026-09-23 19:56:29,101,D2_fraudTest,lightgbm,strict,False,555719,2145,,6,0.6000000000000001,0.7000000000000001,9,0.6512222753611971,0.3333333333333333,0.3178889420278638,PLATT_SIGMOID
calibration_recalibration_v1,2026-09-23 19:56:29,101,D2_fraudTest,lightgbm,strict,False,555719,2145,,7,0.7000000000000001,0.8,24,0.7611840100785233,0.2916666666666667,0.4695173434118566,PLATT_SIGMOID
calibration_recalibration_v1,2026-09-23 19:56:29,101,D2_fraudTest,lightgbm,strict,False,555719,2145,,8,0.8,0.9,230,0.8925137333184114,0.8695652173913043,0.0229485159271071,PLATT_SIGMOID
calibration_recalibration_v1,2026-09-23 19:56:29,101,D2_fraudTest,lightgbm,strict,False,555719,2145,,9,0.9,1.0,156,0.9000524885549951,1.0,0.0999475114450049,PLATT_SIGMOID
calibration_recalibration_v1,2026-09-23 19:56:29,101,D2_fraudTest,lightgbm,strict,False,555719,2145,,0,0.0,0.1,110488,0.0002089076121015,0.0002805734559409,7.166584383933987e-05,ISOTONIC
calibration_recalibration_v1,2026-09-23 19:56:29,101,D2_fraudTest,lightgbm,strict,False,555719,2145,,1,0.1,0.2,198,0.1281590234265762,0.101010101010101,0.0271489224164752,ISOTONIC
calibration_recalibration_v1,2026-09-23 19:56:29,101,D2_fraudTest,lightgbm,strict,False,555719,2145,,2,0.2,0.3,51,0.2261699640453775,0.2941176470588235,0.067947683013446,ISOTONIC
calibration_recalibration_v1,2026-09-23 19:56:29,101,D2_fraudTest,lightgbm,strict,False,555719,2145,,3,0.3,0.4,0,,,,ISOTONIC
calibration_recalibration_v1,2026-09-23 19:56:29,101,D2_fraudTest,lightgbm,strict,False,555719,2145,,4,0.4,0.5,32,0.4333333333333333,0.375,0.0583333333333333,ISOTONIC
calibration_recalibration_v1,2026-09-23 19:56:29,101,D2_fraudTest,lightgbm,strict,False,555719,2145,,5,0.5,0.6000000000000001,0,,,,ISOTONIC
calibration_recalibration_v1,2026-09-23 19:56:29,101,D2_fraudTest,lightgbm,strict,False,555719,2145,,6,0.6000000000000001,0.7000000000000001,0,,,,ISOTONIC
calibration_recalibration_v1,2026-09-23 19:56:29,101,D2_fraudTest,lightgbm,strict,False,555719,2145,,7,0.7000000000000001,0.8,24,0.7666666666666667,0.7083333333333334,0.0583333333333333,ISOTONIC
calibration_recalibration_v1,2026-09-23 19:56:29,101,D2_fraudTest,lightgbm,strict,False,555719,2145,,8,0.8,0.9,31,0.8710230224232597,0.6451612903225806,0.225861732100679,ISOTONIC
calibration_recalibration_v1,2026-09-23 19:56:29,101,D2_fraudTest,lightgbm,strict,False,555719,2145,,9,0.9,1.0,320,0.9952074052083336,0.98125,0.0139574052083335,ISOTONIC
calibration_recalibration_v1,2026-09-23 19:55:53,101,D2_fraudTest,xgboost,strict,False,555719,2145,,0,0.0,0.1,107550,0.0043842555281983,7.438400743840075e-05,0.0043098715207599,RAW
calibration_recalibration_v1,2026-09-23 19:55:53,101,D2_fraudTest,xgboost,strict,False,555719,2145,,1,0.1,0.2,1320,0.1403038962546623,0.0022727272727272,0.138031168981935,RAW
calibration_recalibration_v1,2026-09-23 19:55:53,101,D2_fraudTest,xgboost,strict,False,555719,2145,,2,0.2,0.3,534,0.2443642123473271,0.0074906367041198,0.2368735756432072,RAW
calibration_recalibration_v1,2026-09-23 19:55:53,101,D2_fraudTest,xgboost,strict,False,555719,2145,,3,0.3,0.4,340,0.3497713337926303,0.0176470588235294,0.3321242749691009,RAW
calibration_recalibration_v1,2026-09-23 19:55:53,101,D2_fraudTest,xgboost,strict,False,555719,2145,,4,0.4,0.5,247,0.4461352595916161,0.0323886639676113,0.4137465956240047,RAW
calibration_recalibration_v1,2026-09-23 19:55:53,101,D2_fraudTest,xgboost,strict,False,555719,2145,,5,0.5,0.6000000000000001,188,0.5485430293260737,0.0212765957446808,0.5272664335813928,RAW
calibration_recalibration_v1,2026-09-23 19:55:53,101,D2_fraudTest,xgboost,strict,False,555719,2145,,6,0.6000000000000001,0.7000000000000001,174,0.6485670075334352,0.0459770114942528,0.6025899960391823,RAW
calibration_recalibration_v1,2026-09-23 19:55:53,101,D2_fraudTest,xgboost,strict,False,555719,2145,,7,0.7000000000000001,0.8,121,0.7529575031650954,0.0495867768595041,0.7033707263055913,RAW
calibration_recalibration_v1,2026-09-23 19:55:53,101,D2_fraudTest,xgboost,strict,False,555719,2145,,8,0.8,0.9,164,0.8530472378905226,0.1036585365853658,0.7493887013051568,RAW
calibration_recalibration_v1,2026-09-23 19:55:53,101,D2_fraudTest,xgboost,strict,False,555719,2145,,9,0.9,1.0,506,0.9786538643092506,0.7213438735177866,0.257309990791464,RAW
calibration_recalibration_v1,2026-09-23 19:55:53,101,D2_fraudTest,xgboost,strict,False,555719,2145,,0,0.0,0.1,110356,0.0003123358069052,0.0003715248831055,5.918907620029864e-05,PLATT_SIGMOID
calibration_recalibration_v1,2026-09-23 19:55:53,101,D2_fraudTest,xgboost,strict,False,555719,2145,,1,0.1,0.2,103,0.1488652617202322,0.0485436893203883,0.1003215723998438,PLATT_SIGMOID
calibration_recalibration_v1,2026-09-23 19:55:53,101,D2_fraudTest,xgboost,strict,False,555719,2145,,2,0.2,0.3,77,0.2483123988886174,0.0779220779220779,0.1703903209665395,PLATT_SIGMOID
calibration_recalibration_v1,2026-09-23 19:55:53,101,D2_fraudTest,xgboost,strict,False,555719,2145,,3,0.3,0.4,78,0.3471673446746686,0.141025641025641,0.2061417036490275,PLATT_SIGMOID
calibration_recalibration_v1,2026-09-23 19:55:53,101,D2_fraudTest,xgboost,strict,False,555719,2145,,4,0.4,0.5,71,0.4481566521196425,0.1690140845070422,0.2791425676126002,PLATT_SIGMOID
calibration_recalibration_v1,2026-09-23 19:55:53,101,D2_fraudTest,xgboost,strict,False,555719,2145,,5,0.5,0.6000000000000001,101,0.5560844008057497,0.3168316831683168,0.2392527176374329,PLATT_SIGMOID
calibration_recalibration_v1,2026-09-23 19:55:53,101,D2_fraudTest,xgboost,strict,False,555719,2145,,6,0.6000000000000001,0.7000000000000001,358,0.6481776110407185,0.8994413407821229,0.2512637297414044,PLATT_SIGMOID
calibration_recalibration_v1,2026-09-23 19:55:53,101,D2_fraudTest,xgboost,strict,False,555719,2145,,7,0.7000000000000001,0.8,0,,,,PLATT_SIGMOID
calibration_recalibration_v1,2026-09-23 19:55:53,101,D2_fraudTest,xgboost,strict,False,555719,2145,,8,0.8,0.9,0,,,,PLATT_SIGMOID
calibration_recalibration_v1,2026-09-23 19:55:53,101,D2_fraudTest,xgboost,strict,False,555719,2145,,9,0.9,1.0,0,,,,PLATT_SIGMOID
calibration_recalibration_v1,2026-09-23 19:55:53,101,D2_fraudTest,xgboost,strict,False,555719,2145,,0,0.0,0.1,110545,0.0003989277437143,0.0004703966710389,7.146892732461606e-05,ISOTONIC
calibration_recalibration_v1,2026-09-23 19:55:53,101,D2_fraudTest,xgboost,strict,False,555719,2145,,1,0.1,0.2,152,0.1350208619427433,0.1710526315789473,0.036031769636204,ISOTONIC
calibration_recalibration_v1,2026-09-23 19:55:53,101,D2_fraudTest,xgboost,strict,False,555719,2145,,2,0.2,0.3,35,0.2352941176470588,0.2571428571428571,0.0218487394957983,ISOTONIC
calibration_recalibration_v1,2026-09-23 19:55:53,101,D2_fraudTest,xgboost,strict,False,555719,2145,,3,0.3,0.4,1,0.3848071994755349,1.0,0.6151928005244651,ISOTONIC
calibration_recalibration_v1,2026-09-23 19:55:53,101,D2_fraudTest,xgboost,strict,False,555719,2145,,4,0.4,0.5,77,0.4679263596649602,0.4415584415584415,0.0263679181065187,ISOTONIC
calibration_recalibration_v1,2026-09-23 19:55:53,101,D2_fraudTest,xgboost,strict,False,555719,2145,,5,0.5,0.6000000000000001,0,,,,ISOTONIC
calibration_recalibration_v1,2026-09-23 19:55:53,101,D2_fraudTest,xgboost,strict,False,555719,2145,,6,0.6000000000000001,0.7000000000000001,0,,,,ISOTONIC
calibration_recalibration_v1,2026-09-23 19:55:53,101,D2_fraudTest,xgboost,strict,False,555719,2145,,7,0.7000000000000001,0.8,60,0.7090909090909092,0.7,0.0090909090909092,ISOTONIC
calibration_recalibration_v1,2026-09-23 19:55:53,101,D2_fraudTest,xgboost,strict,False,555719,2145,,8,0.8,0.9,52,0.8658654336267919,0.903846153846154,0.0379807202193619,ISOTONIC
calibration_recalibration_v1,2026-09-23 19:55:53,101,D2_fraudTest,xgboost,strict,False,555719,2145,,9,0.9,1.0,222,0.98647587145763,0.981981981981982,0.0044938894756481,ISOTONIC
calibration_recalibration_v1,2026-09-23 19:57:58,101,D3_PaySim,lightgbm,strict,False,1000000,749,1000000.0,0,0.0,0.1,199585,0.0001212540120083,0.0001152391211764,6.01489083194715e-06,RAW
calibration_recalibration_v1,2026-09-23 19:57:58,101,D3_PaySim,lightgbm,strict,False,1000000,749,1000000.0,1,0.1,0.2,86,0.1364448288865976,0.0348837209302325,0.101561107956365,RAW
calibration_recalibration_v1,2026-09-23 19:57:58,101,D3_PaySim,lightgbm,strict,False,1000000,749,1000000.0,2,0.2,0.3,54,0.2385480475920566,0.0925925925925925,0.145955454999464,RAW
calibration_recalibration_v1,2026-09-23 19:57:58,101,D3_PaySim,lightgbm,strict,False,1000000,749,1000000.0,3,0.3,0.4,40,0.3583873482460272,0.05,0.3083873482460272,RAW
calibration_recalibration_v1,2026-09-23 19:57:58,101,D3_PaySim,lightgbm,strict,False,1000000,749,1000000.0,4,0.4,0.5,23,0.4556241329296537,0.0869565217391304,0.3686676111905232,RAW
calibration_recalibration_v1,2026-09-23 19:57:58,101,D3_PaySim,lightgbm,strict,False,1000000,749,1000000.0,5,0.5,0.6000000000000001,13,0.5457525574068917,0.0,0.5457525574068917,RAW
calibration_recalibration_v1,2026-09-23 19:57:58,101,D3_PaySim,lightgbm,strict,False,1000000,749,1000000.0,6,0.6000000000000001,0.7000000000000001,11,0.6441014122014745,0.2727272727272727,0.3713741394742018,RAW
calibration_recalibration_v1,2026-09-23 19:57:58,101,D3_PaySim,lightgbm,strict,False,1000000,749,1000000.0,7,0.7000000000000001,0.8,19,0.7433603760690207,0.2105263157894736,0.532834060279547,RAW
calibration_recalibration_v1,2026-09-23 19:57:58,101,D3_PaySim,lightgbm,strict,False,1000000,749,1000000.0,8,0.8,0.9,14,0.8589290073614823,0.2857142857142857,0.5732147216471966,RAW
calibration_recalibration_v1,2026-09-23 19:57:58,101,D3_PaySim,lightgbm,strict,False,1000000,749,1000000.0,9,0.9,1.0,155,0.9879924577243072,0.6709677419354839,0.3170247157888232,RAW
calibration_recalibration_v1,2026-09-23 19:57:58,101,D3_PaySim,lightgbm,strict,False,1000000,749,1000000.0,0,0.0,0.1,199815,0.000223029943154,0.0001901759127192,3.2854030434802025e-05,PLATT_SIGMOID
calibration_recalibration_v1,2026-09-23 19:57:58,101,D3_PaySim,lightgbm,strict,False,1000000,749,1000000.0,1,0.1,0.2,16,0.1409633296439828,0.25,0.1090366703560171,PLATT_SIGMOID
calibration_recalibration_v1,2026-09-23 19:57:58,101,D3_PaySim,lightgbm,strict,False,1000000,749,1000000.0,2,0.2,0.3,7,0.2518301864184046,0.2857142857142857,0.0338840992958811,PLATT_SIGMOID
calibration_recalibration_v1,2026-09-23 19:57:58,101,D3_PaySim,lightgbm,strict,False,1000000,749,1000000.0,3,0.3,0.4,12,0.3629445254122235,0.1666666666666666,0.1962778587455568,PLATT_SIGMOID
calibration_recalibration_v1,2026-09-23 19:57:58,101,D3_PaySim,lightgbm,strict,False,1000000,749,1000000.0,4,0.4,0.5,15,0.4602490718702257,0.2,0.2602490718702257,PLATT_SIGMOID
calibration_recalibration_v1,2026-09-23 19:57:58,101,D3_PaySim,lightgbm,strict,False,1000000,749,1000000.0,5,0.5,0.6000000000000001,135,0.5831076537416131,0.7481481481481481,0.165040494406535,PLATT_SIGMOID
calibration_recalibration_v1,2026-09-23 19:57:58,101,D3_PaySim,lightgbm,strict,False,1000000,749,1000000.0,6,0.6000000000000001,0.7000000000000001,0,,,,PLATT_SIGMOID
calibration_recalibration_v1,2026-09-23 19:57:58,101,D3_PaySim,lightgbm,strict,False,1000000,749,1000000.0,7,0.7000000000000001,0.8,0,,,,PLATT_SIGMOID
calibration_recalibration_v1,2026-09-23 19:57:58,101,D3_PaySim,lightgbm,strict,False,1000000,749,1000000.0,8,0.8,0.9,0,,,,PLATT_SIGMOID
calibration_recalibration_v1,2026-09-23 19:57:58,101,D3_PaySim,lightgbm,strict,False,1000000,749,1000000.0,9,0.9,1.0,0,,,,PLATT_SIGMOID
calibration_recalibration_v1,2026-09-23 19:57:58,101,D3_PaySim,lightgbm,strict,False,1000000,749,1000000.0,0,0.0,0.1,199852,0.000247781590154,0.0002351740287812,1.2607561372761003e-05,ISOTONIC
calibration_recalibration_v1,2026-09-23 19:57:58,101,D3_PaySim,lightgbm,strict,False,1000000,749,1000000.0,1,0.1,0.2,15,0.1757728836769617,0.1333333333333333,0.0424395503436284,ISOTONIC
calibration_recalibration_v1,2026-09-23 19:57:58,101,D3_PaySim,lightgbm,strict,False,1000000,749,1000000.0,2,0.2,0.3,42,0.2371652116225703,0.4047619047619047,0.1675966931393344,ISOTONIC
calibration_recalibration_v1,2026-09-23 19:57:58,101,D3_PaySim,lightgbm,strict,False,1000000,749,1000000.0,3,0.3,0.4,0,,,,ISOTONIC
calibration_recalibration_v1,2026-09-23 19:57:58,101,D3_PaySim,lightgbm,strict,False,1000000,749,1000000.0,4,0.4,0.5,1,0.4567130117569654,0.0,0.4567130117569654,ISOTONIC
calibration_recalibration_v1,2026-09-23 19:57:58,101,D3_PaySim,lightgbm,strict,False,1000000,749,1000000.0,5,0.5,0.6000000000000001,0,,,,ISOTONIC
calibration_recalibration_v1,2026-09-23 19:57:58,101,D3_PaySim,lightgbm,strict,False,1000000,749,1000000.0,6,0.6000000000000001,0.7000000000000001,20,0.6956521739130433,0.85,0.1543478260869566,ISOTONIC
calibration_recalibration_v1,2026-09-23 19:57:58,101,D3_PaySim,lightgbm,strict,False,1000000,749,1000000.0,7,0.7000000000000001,0.8,11,0.75,0.9090909090909092,0.159090909090909,ISOTONIC
calibration_recalibration_v1,2026-09-23 19:57:58,101,D3_PaySim,lightgbm,strict,False,1000000,749,1000000.0,8,0.8,0.9,0,,,,ISOTONIC
calibration_recalibration_v1,2026-09-23 19:57:58,101,D3_PaySim,lightgbm,strict,False,1000000,749,1000000.0,9,0.9,1.0,59,0.999999,0.9661016949152542,0.0338973050847458,ISOTONIC
calibration_recalibration_v1,2026-09-23 19:56:58,101,D3_PaySim,xgboost,strict,False,1000000,749,1000000.0,0,0.0,0.1,195393,0.0014893825146871,1.535367183061829e-05,0.0014740288428564,RAW
calibration_recalibration_v1,2026-09-23 19:56:58,101,D3_PaySim,xgboost,strict,False,1000000,749,1000000.0,1,0.1,0.2,1538,0.1416698101525266,0.0019505851755526,0.1397192249769739,RAW
calibration_recalibration_v1,2026-09-23 19:56:58,101,D3_PaySim,xgboost,strict,False,1000000,749,1000000.0,2,0.2,0.3,802,0.2443309847330512,0.0037406483790523,0.2405903363539988,RAW
calibration_recalibration_v1,2026-09-23 19:56:58,101,D3_PaySim,xgboost,strict,False,1000000,749,1000000.0,3,0.3,0.4,501,0.3483722614432999,0.0019960079840319,0.346376253459268,RAW
calibration_recalibration_v1,2026-09-23 19:56:58,101,D3_PaySim,xgboost,strict,False,1000000,749,1000000.0,4,0.4,0.5,410,0.4474849581718444,0.0024390243902439,0.4450459337816005,RAW
calibration_recalibration_v1,2026-09-23 19:56:58,101,D3_PaySim,xgboost,strict,False,1000000,749,1000000.0,5,0.5,0.6000000000000001,307,0.5477273306939812,0.009771986970684,0.5379553437232971,RAW
calibration_recalibration_v1,2026-09-23 19:56:58,101,D3_PaySim,xgboost,strict,False,1000000,749,1000000.0,6,0.6000000000000001,0.7000000000000001,246,0.6491523133060797,0.008130081300813,0.6410222320052666,RAW
calibration_recalibration_v1,2026-09-23 19:56:58,101,D3_PaySim,xgboost,strict,False,1000000,749,1000000.0,7,0.7000000000000001,0.8,213,0.7466654405347618,0.0328638497652582,0.7138015907695036,RAW
calibration_recalibration_v1,2026-09-23 19:56:58,101,D3_PaySim,xgboost,strict,False,1000000,749,1000000.0,8,0.8,0.9,212,0.8513696843160773,0.0424528301886792,0.808916854127398,RAW
calibration_recalibration_v1,2026-09-23 19:56:58,101,D3_PaySim,xgboost,strict,False,1000000,749,1000000.0,9,0.9,1.0,378,0.964522622565113,0.3121693121693121,0.6523533103958008,RAW
calibration_recalibration_v1,2026-09-23 19:56:58,101,D3_PaySim,xgboost,strict,False,1000000,749,1000000.0,0,0.0,0.1,199508,0.0002266194321146,0.000130320588648,9.629884346658116e-05,PLATT_SIGMOID
calibration_recalibration_v1,2026-09-23 19:56:58,101,D3_PaySim,xgboost,strict,False,1000000,749,1000000.0,1,0.1,0.2,231,0.1483498527884756,0.0519480519480519,0.0964018008404236,PLATT_SIGMOID
calibration_recalibration_v1,2026-09-23 19:56:58,101,D3_PaySim,xgboost,strict,False,1000000,749,1000000.0,2,0.2,0.3,261,0.2610529005963052,0.4291187739463601,0.1680658733500549,PLATT_SIGMOID
calibration_recalibration_v1,2026-09-23 19:56:58,101,D3_PaySim,xgboost,strict,False,1000000,749,1000000.0,3,0.3,0.4,0,,,,PLATT_SIGMOID
calibration_recalibration_v1,2026-09-23 19:56:58,101,D3_PaySim,xgboost,strict,False,1000000,749,1000000.0,4,0.4,0.5,0,,,,PLATT_SIGMOID
calibration_recalibration_v1,2026-09-23 19:56:58,101,D3_PaySim,xgboost,strict,False,1000000,749,1000000.0,5,0.5,0.6000000000000001,0,,,,PLATT_SIGMOID
calibration_recalibration_v1,2026-09-23 19:56:58,101,D3_PaySim,xgboost,strict,False,1000000,749,1000000.0,6,0.6000000000000001,0.7000000000000001,0,,,,PLATT_SIGMOID
calibration_recalibration_v1,2026-09-23 19:56:58,101,D3_PaySim,xgboost,strict,False,1000000,749,1000000.0,7,0.7000000000000001,0.8,0,,,,PLATT_SIGMOID
calibration_recalibration_v1,2026-09-23 19:56:58,101,D3_PaySim,xgboost,strict,False,1000000,749,1000000.0,8,0.8,0.9,0,,,,PLATT_SIGMOID
calibration_recalibration_v1,2026-09-23 19:56:58,101,D3_PaySim,xgboost,strict,False,1000000,749,1000000.0,9,0.9,1.0,0,,,,PLATT_SIGMOID
calibration_recalibration_v1,2026-09-23 19:56:58,101,D3_PaySim,xgboost,strict,False,1000000,749,1000000.0,0,0.0,0.1,199781,0.0002195845111171,0.0002102302020712,9.354309045834868e-06,ISOTONIC
calibration_recalibration_v1,2026-09-23 19:56:58,101,D3_PaySim,xgboost,strict,False,1000000,749,1000000.0,1,0.1,0.2,70,0.1319109461966604,0.2142857142857142,0.0823747680890538,ISOTONIC
calibration_recalibration_v1,2026-09-23 19:56:58,101,D3_PaySim,xgboost,strict,False,1000000,749,1000000.0,2,0.2,0.3,41,0.2346898727873674,0.2195121951219512,0.0151776776654162,ISOTONIC
calibration_recalibration_v1,2026-09-23 19:56:58,101,D3_PaySim,xgboost,strict,False,1000000,749,1000000.0,3,0.3,0.4,0,,,,ISOTONIC
calibration_recalibration_v1,2026-09-23 19:56:58,101,D3_PaySim,xgboost,strict,False,1000000,749,1000000.0,4,0.4,0.5,17,0.4705882352941176,0.7058823529411765,0.2352941176470588,ISOTONIC
calibration_recalibration_v1,2026-09-23 19:56:58,101,D3_PaySim,xgboost,strict,False,1000000,749,1000000.0,5,0.5,0.6000000000000001,0,,,,ISOTONIC
calibration_recalibration_v1,2026-09-23 19:56:58,101,D3_PaySim,xgboost,strict,False,1000000,749,1000000.0,6,0.6000000000000001,0.7000000000000001,44,0.659263085399449,0.5909090909090909,0.068353994490358,ISOTONIC
calibration_recalibration_v1,2026-09-23 19:56:58,101,D3_PaySim,xgboost,strict,False,1000000,749,1000000.0,7,0.7000000000000001,0.8,0,,,,ISOTONIC
calibration_recalibration_v1,2026-09-23 19:56:58,101,D3_PaySim,xgboost,strict,False,1000000,749,1000000.0,8,0.8,0.9,0,,,,ISOTONIC
calibration_recalibration_v1,2026-09-23 19:56:58,101,D3_PaySim,xgboost,strict,False,1000000,749,1000000.0,9,0.9,1.0,47,0.9999990000000004,0.9787234042553192,0.0212755957446812,ISOTONIC
calibration_recalibration_v1,2026-09-23 19:58:36,202,D1_creditcard,lightgbm,strict,False,283726,473,,0,0.0,0.1,56654,4.941597692199815e-06,0.0002118120521057,0.0002068704544135,RAW
calibration_recalibration_v1,2026-09-23 19:58:36,202,D1_creditcard,lightgbm,strict,False,283726,473,,1,0.1,0.2,4,0.1609506163991486,0.5,0.3390493836008513,RAW
calibration_recalibration_v1,2026-09-23 19:58:36,202,D1_creditcard,lightgbm,strict,False,283726,473,,2,0.2,0.3,0,,,,RAW
calibration_recalibration_v1,2026-09-23 19:58:36,202,D1_creditcard,lightgbm,strict,False,283726,473,,3,0.3,0.4,2,0.3340047547090111,0.5,0.1659952452909888,RAW
calibration_recalibration_v1,2026-09-23 19:58:36,202,D1_creditcard,lightgbm,strict,False,283726,473,,4,0.4,0.5,0,,,,RAW
calibration_recalibration_v1,2026-09-23 19:58:36,202,D1_creditcard,lightgbm,strict,False,283726,473,,5,0.5,0.6000000000000001,1,0.5451099440162882,0.0,0.5451099440162882,RAW
calibration_recalibration_v1,2026-09-23 19:58:36,202,D1_creditcard,lightgbm,strict,False,283726,473,,6,0.6000000000000001,0.7000000000000001,1,0.6466010967892959,1.0,0.3533989032107041,RAW
calibration_recalibration_v1,2026-09-23 19:58:36,202,D1_creditcard,lightgbm,strict,False,283726,473,,7,0.7000000000000001,0.8,2,0.7521337265112158,1.0,0.2478662734887842,RAW
calibration_recalibration_v1,2026-09-23 19:58:36,202,D1_creditcard,lightgbm,strict,False,283726,473,,8,0.8,0.9,1,0.8316792527146677,1.0,0.1683207472853323,RAW
calibration_recalibration_v1,2026-09-23 19:58:36,202,D1_creditcard,lightgbm,strict,False,283726,473,,9,0.9,1.0,81,0.9992166993260828,0.9382716049382716,0.0609450943878113,RAW
calibration_recalibration_v1,2026-09-23 19:58:36,202,D1_creditcard,lightgbm,strict,False,283726,473,,0,0.0,0.1,56661,0.0004744699330509,0.0002647323555885,0.0002097375774624,PLATT_SIGMOID
calibration_recalibration_v1,2026-09-23 19:58:36,202,D1_creditcard,lightgbm,strict,False,283726,473,,1,0.1,0.2,1,0.1482371052136679,1.0,0.851762894786332,PLATT_SIGMOID
calibration_recalibration_v1,2026-09-23 19:58:36,202,D1_creditcard,lightgbm,strict,False,283726,473,,2,0.2,0.3,1,0.273212381085416,1.0,0.7267876189145839,PLATT_SIGMOID
calibration_recalibration_v1,2026-09-23 19:58:36,202,D1_creditcard,lightgbm,strict,False,283726,473,,3,0.3,0.4,1,0.3565914777001141,1.0,0.6434085222998859,PLATT_SIGMOID
calibration_recalibration_v1,2026-09-23 19:58:36,202,D1_creditcard,lightgbm,strict,False,283726,473,,4,0.4,0.5,1,0.4856259034435388,1.0,0.5143740965564612,PLATT_SIGMOID
calibration_recalibration_v1,2026-09-23 19:58:36,202,D1_creditcard,lightgbm,strict,False,283726,473,,5,0.5,0.6000000000000001,0,,,,PLATT_SIGMOID
calibration_recalibration_v1,2026-09-23 19:58:36,202,D1_creditcard,lightgbm,strict,False,283726,473,,6,0.6000000000000001,0.7000000000000001,0,,,,PLATT_SIGMOID
calibration_recalibration_v1,2026-09-23 19:58:36,202,D1_creditcard,lightgbm,strict,False,283726,473,,7,0.7000000000000001,0.8,1,0.736002211862979,0.0,0.736002211862979,PLATT_SIGMOID
calibration_recalibration_v1,2026-09-23 19:58:36,202,D1_creditcard,lightgbm,strict,False,283726,473,,8,0.8,0.9,80,0.8143887644251551,0.95,0.1356112355748449,PLATT_SIGMOID
calibration_recalibration_v1,2026-09-23 19:58:36,202,D1_creditcard,lightgbm,strict,False,283726,473,,9,0.9,1.0,0,,,,PLATT_SIGMOID
calibration_recalibration_v1,2026-09-23 19:58:36,202,D1_creditcard,lightgbm,strict,False,283726,473,,0,0.0,0.1,56651,0.0002474660623993,0.000211823268786,3.564279361322758e-05,ISOTONIC
calibration_recalibration_v1,2026-09-23 19:58:36,202,D1_creditcard,lightgbm,strict,False,283726,473,,1,0.1,0.2,0,,,,ISOTONIC
calibration_recalibration_v1,2026-09-23 19:58:36,202,D1_creditcard,lightgbm,strict,False,283726,473,,2,0.2,0.3,12,0.2857142857142856,0.4166666666666667,0.130952380952381,ISOTONIC
calibration_recalibration_v1,2026-09-23 19:58:36,202,D1_creditcard,lightgbm,strict,False,283726,473,,3,0.3,0.4,3,0.331476549130464,0.6666666666666666,0.3351901175362026,ISOTONIC
calibration_recalibration_v1,2026-09-23 19:58:36,202,D1_creditcard,lightgbm,strict,False,283726,473,,4,0.4,0.5,1,0.4453495435837634,1.0,0.5546504564162367,ISOTONIC
calibration_recalibration_v1,2026-09-23 19:58:36,202,D1_creditcard,lightgbm,strict,False,283726,473,,5,0.5,0.6000000000000001,0,,,,ISOTONIC
calibration_recalibration_v1,2026-09-23 19:58:36,202,D1_creditcard,lightgbm,strict,False,283726,473,,6,0.6000000000000001,0.7000000000000001,2,0.6666666666666666,0.5,0.1666666666666666,ISOTONIC
calibration_recalibration_v1,2026-09-23 19:58:36,202,D1_creditcard,lightgbm,strict,False,283726,473,,7,0.7000000000000001,0.8,3,0.7383620016137185,0.3333333333333333,0.4050286682803851,ISOTONIC
calibration_recalibration_v1,2026-09-23 19:58:36,202,D1_creditcard,lightgbm,strict,False,283726,473,,8,0.8,0.9,0,,,,ISOTONIC
calibration_recalibration_v1,2026-09-23 19:58:36,202,D1_creditcard,lightgbm,strict,False,283726,473,,9,0.9,1.0,74,0.9483813483813484,0.9864864864864864,0.038105138105138,ISOTONIC
calibration_recalibration_v1,2026-09-23 19:58:08,202,D1_creditcard,xgboost,strict,False,283726,473,,0,0.0,0.1,56629,0.0002565387043002,0.0002295643574846,2.6974346815563985e-05,RAW
calibration_recalibration_v1,2026-09-23 19:58:08,202,D1_creditcard,xgboost,strict,False,283726,473,,1,0.1,0.2,13,0.1551878074040779,0.0,0.1551878074040779,RAW
calibration_recalibration_v1,2026-09-23 19:58:08,202,D1_creditcard,xgboost,strict,False,283726,473,,2,0.2,0.3,9,0.2592126164171431,0.1111111111111111,0.148101505306032,RAW
calibration_recalibration_v1,2026-09-23 19:58:08,202,D1_creditcard,xgboost,strict,False,283726,473,,3,0.3,0.4,4,0.3681064397096634,0.25,0.1181064397096633,RAW
calibration_recalibration_v1,2026-09-23 19:58:08,202,D1_creditcard,xgboost,strict,False,283726,473,,4,0.4,0.5,3,0.442537248134613,0.0,0.442537248134613,RAW
calibration_recalibration_v1,2026-09-23 19:58:08,202,D1_creditcard,xgboost,strict,False,283726,473,,5,0.5,0.6000000000000001,1,0.5787805318832397,1.0,0.4212194681167602,RAW
calibration_recalibration_v1,2026-09-23 19:58:08,202,D1_creditcard,xgboost,strict,False,283726,473,,6,0.6000000000000001,0.7000000000000001,0,,,,RAW
calibration_recalibration_v1,2026-09-23 19:58:08,202,D1_creditcard,xgboost,strict,False,283726,473,,7,0.7000000000000001,0.8,0,,,,RAW
calibration_recalibration_v1,2026-09-23 19:58:08,202,D1_creditcard,xgboost,strict,False,283726,473,,8,0.8,0.9,3,0.8482866088549296,0.0,0.8482866088549296,RAW
calibration_recalibration_v1,2026-09-23 19:58:08,202,D1_creditcard,xgboost,strict,False,283726,473,,9,0.9,1.0,84,0.9977725531373706,0.9404761904761904,0.0572963626611801,RAW
calibration_recalibration_v1,2026-09-23 19:58:08,202,D1_creditcard,xgboost,strict,False,283726,473,,0,0.0,0.1,56659,0.0004435132063664,0.0002823911470375,0.0001611220593289,PLATT_SIGMOID
calibration_recalibration_v1,2026-09-23 19:58:08,202,D1_creditcard,xgboost,strict,False,283726,473,,1,0.1,0.2,0,,,,PLATT_SIGMOID
calibration_recalibration_v1,2026-09-23 19:58:08,202,D1_creditcard,xgboost,strict,False,283726,473,,2,0.2,0.3,0,,,,PLATT_SIGMOID
calibration_recalibration_v1,2026-09-23 19:58:08,202,D1_creditcard,xgboost,strict,False,283726,473,,3,0.3,0.4,0,,,,PLATT_SIGMOID
calibration_recalibration_v1,2026-09-23 19:58:08,202,D1_creditcard,xgboost,strict,False,283726,473,,4,0.4,0.5,2,0.4701792820151907,0.0,0.4701792820151907,PLATT_SIGMOID
calibration_recalibration_v1,2026-09-23 19:58:08,202,D1_creditcard,xgboost,strict,False,283726,473,,5,0.5,0.6000000000000001,1,0.5416934849773121,0.0,0.5416934849773121,PLATT_SIGMOID
calibration_recalibration_v1,2026-09-23 19:58:08,202,D1_creditcard,xgboost,strict,False,283726,473,,6,0.6000000000000001,0.7000000000000001,0,,,,PLATT_SIGMOID
calibration_recalibration_v1,2026-09-23 19:58:08,202,D1_creditcard,xgboost,strict,False,283726,473,,7,0.7000000000000001,0.8,84,0.7914816685838977,0.9404761904761904,0.1489945218922927,PLATT_SIGMOID
calibration_recalibration_v1,2026-09-23 19:58:08,202,D1_creditcard,xgboost,strict,False,283726,473,,8,0.8,0.9,0,,,,PLATT_SIGMOID
calibration_recalibration_v1,2026-09-23 19:58:08,202,D1_creditcard,xgboost,strict,False,283726,473,,9,0.9,1.0,0,,,,PLATT_SIGMOID
calibration_recalibration_v1,2026-09-23 19:58:08,202,D1_creditcard,xgboost,strict,False,283726,473,,0,0.0,0.1,56658,0.0002534396352367,0.0002647463729746,1.1306737737957736e-05,ISOTONIC
calibration_recalibration_v1,2026-09-23 19:58:08,202,D1_creditcard,xgboost,strict,False,283726,473,,1,0.1,0.2,0,,,,ISOTONIC
calibration_recalibration_v1,2026-09-23 19:58:08,202,D1_creditcard,xgboost,strict,False,283726,473,,2,0.2,0.3,1,0.2420423134696154,1.0,0.7579576865303845,ISOTONIC
calibration_recalibration_v1,2026-09-23 19:58:08,202,D1_creditcard,xgboost,strict,False,283726,473,,3,0.3,0.4,0,,,,ISOTONIC
calibration_recalibration_v1,2026-09-23 19:58:08,202,D1_creditcard,xgboost,strict,False,283726,473,,4,0.4,0.5,6,0.4285714285714285,0.3333333333333333,0.0952380952380952,ISOTONIC
calibration_recalibration_v1,2026-09-23 19:58:08,202,D1_creditcard,xgboost,strict,False,283726,473,,5,0.5,0.6000000000000001,7,0.502802436003303,0.8571428571428571,0.3543404211395541,ISOTONIC
calibration_recalibration_v1,2026-09-23 19:58:08,202,D1_creditcard,xgboost,strict,False,283726,473,,6,0.6000000000000001,0.7000000000000001,2,0.6286420700867053,0.5,0.1286420700867052,ISOTONIC
calibration_recalibration_v1,2026-09-23 19:58:08,202,D1_creditcard,xgboost,strict,False,283726,473,,7,0.7000000000000001,0.8,1,0.7671333092485549,0.0,0.7671333092485549,ISOTONIC
calibration_recalibration_v1,2026-09-23 19:58:08,202,D1_creditcard,xgboost,strict,False,283726,473,,8,0.8,0.9,9,0.869269328034682,0.8888888888888888,0.0196195608542067,ISOTONIC
calibration_recalibration_v1,2026-09-23 19:58:08,202,D1_creditcard,xgboost,strict,False,283726,473,,9,0.9,1.0,62,0.955913639784946,1.0,0.0440863602150538,ISOTONIC
calibration_recalibration_v1,2026-09-23 19:59:23,202,D2_fraudTest,lightgbm,strict,False,555719,2145,,0,0.0,0.1,110240,0.0004564864796188,0.0001814223512336,0.0002750641283851,RAW
calibration_recalibration_v1,2026-09-23 19:59:23,202,D2_fraudTest,lightgbm,strict,False,555719,2145,,1,0.1,0.2,189,0.1417913875324337,0.037037037037037,0.1047543504953966,RAW
calibration_recalibration_v1,2026-09-23 19:59:23,202,D2_fraudTest,lightgbm,strict,False,555719,2145,,2,0.2,0.3,83,0.2414193074034079,0.0481927710843373,0.1932265363190705,RAW
calibration_recalibration_v1,2026-09-23 19:59:23,202,D2_fraudTest,lightgbm,strict,False,555719,2145,,3,0.3,0.4,60,0.3504815095985702,0.0666666666666666,0.2838148429319035,RAW
calibration_recalibration_v1,2026-09-23 19:59:23,202,D2_fraudTest,lightgbm,strict,False,555719,2145,,4,0.4,0.5,42,0.4443628140030648,0.0952380952380952,0.3491247187649696,RAW
calibration_recalibration_v1,2026-09-23 19:59:23,202,D2_fraudTest,lightgbm,strict,False,555719,2145,,5,0.5,0.6000000000000001,42,0.5453808584813428,0.0476190476190476,0.4977618108622951,RAW
calibration_recalibration_v1,2026-09-23 19:59:23,202,D2_fraudTest,lightgbm,strict,False,555719,2145,,6,0.6000000000000001,0.7000000000000001,34,0.6465383407077446,0.1764705882352941,0.4700677524724505,RAW
calibration_recalibration_v1,2026-09-23 19:59:23,202,D2_fraudTest,lightgbm,strict,False,555719,2145,,7,0.7000000000000001,0.8,21,0.7514873745408587,0.0952380952380952,0.6562492793027634,RAW
calibration_recalibration_v1,2026-09-23 19:59:23,202,D2_fraudTest,lightgbm,strict,False,555719,2145,,8,0.8,0.9,37,0.8532678013160079,0.2432432432432432,0.6100245580727646,RAW
calibration_recalibration_v1,2026-09-23 19:59:23,202,D2_fraudTest,lightgbm,strict,False,555719,2145,,9,0.9,1.0,396,0.992864145362888,0.9368686868686869,0.055995458494201,RAW
calibration_recalibration_v1,2026-09-23 19:59:23,202,D2_fraudTest,lightgbm,strict,False,555719,2145,,0,0.0,0.1,110655,0.0003373958551757,0.0003705209886584,3.3125133482665085e-05,PLATT_SIGMOID
calibration_recalibration_v1,2026-09-23 19:59:23,202,D2_fraudTest,lightgbm,strict,False,555719,2145,,1,0.1,0.2,28,0.1446427983556933,0.1428571428571428,0.0017856554985504,PLATT_SIGMOID
calibration_recalibration_v1,2026-09-23 19:59:23,202,D2_fraudTest,lightgbm,strict,False,555719,2145,,2,0.2,0.3,14,0.2507826745329592,0.2857142857142857,0.0349316111813264,PLATT_SIGMOID
calibration_recalibration_v1,2026-09-23 19:59:23,202,D2_fraudTest,lightgbm,strict,False,555719,2145,,3,0.3,0.4,9,0.3569034054094866,0.0,0.3569034054094866,PLATT_SIGMOID
calibration_recalibration_v1,2026-09-23 19:59:23,202,D2_fraudTest,lightgbm,strict,False,555719,2145,,4,0.4,0.5,9,0.4618538656911364,0.1111111111111111,0.3507427545800253,PLATT_SIGMOID
calibration_recalibration_v1,2026-09-23 19:59:23,202,D2_fraudTest,lightgbm,strict,False,555719,2145,,5,0.5,0.6000000000000001,17,0.5574140844471066,0.2352941176470588,0.3221199668000478,PLATT_SIGMOID
calibration_recalibration_v1,2026-09-23 19:59:23,202,D2_fraudTest,lightgbm,strict,False,555719,2145,,6,0.6000000000000001,0.7000000000000001,15,0.6605765562230436,0.2666666666666666,0.3939098895563769,PLATT_SIGMOID
calibration_recalibration_v1,2026-09-23 19:59:23,202,D2_fraudTest,lightgbm,strict,False,555719,2145,,7,0.7000000000000001,0.8,24,0.7533500607648476,0.3333333333333333,0.4200167274315142,PLATT_SIGMOID
calibration_recalibration_v1,2026-09-23 19:59:23,202,D2_fraudTest,lightgbm,strict,False,555719,2145,,8,0.8,0.9,373,0.8614368045550991,0.9731903485254692,0.11175354397037,PLATT_SIGMOID
calibration_recalibration_v1,2026-09-23 19:59:23,202,D2_fraudTest,lightgbm,strict,False,555719,2145,,9,0.9,1.0,0,,,,PLATT_SIGMOID
calibration_recalibration_v1,2026-09-23 19:59:23,202,D2_fraudTest,lightgbm,strict,False,555719,2145,,0,0.0,0.1,110644,0.0002577210085244,0.0003705578250967,0.0001128368165722,ISOTONIC
calibration_recalibration_v1,2026-09-23 19:59:23,202,D2_fraudTest,lightgbm,strict,False,555719,2145,,1,0.1,0.2,75,0.1747070707070707,0.16,0.0147070707070707,ISOTONIC
calibration_recalibration_v1,2026-09-23 19:59:23,202,D2_fraudTest,lightgbm,strict,False,555719,2145,,2,0.2,0.3,1,0.2128923842304391,0.0,0.2128923842304391,ISOTONIC
calibration_recalibration_v1,2026-09-23 19:59:23,202,D2_fraudTest,lightgbm,strict,False,555719,2145,,3,0.3,0.4,39,0.3210886549407398,0.2051282051282051,0.1159604498125347,ISOTONIC
calibration_recalibration_v1,2026-09-23 19:59:23,202,D2_fraudTest,lightgbm,strict,False,555719,2145,,4,0.4,0.5,0,,,,ISOTONIC
calibration_recalibration_v1,2026-09-23 19:59:23,202,D2_fraudTest,lightgbm,strict,False,555719,2145,,5,0.5,0.6000000000000001,15,0.5308677645801295,0.5333333333333333,0.0024655687532038,ISOTONIC
calibration_recalibration_v1,2026-09-23 19:59:23,202,D2_fraudTest,lightgbm,strict,False,555719,2145,,6,0.6000000000000001,0.7000000000000001,61,0.6918883637713235,0.8360655737704918,0.1441772099991684,ISOTONIC
calibration_recalibration_v1,2026-09-23 19:59:23,202,D2_fraudTest,lightgbm,strict,False,555719,2145,,7,0.7000000000000001,0.8,0,,,,ISOTONIC
calibration_recalibration_v1,2026-09-23 19:59:23,202,D2_fraudTest,lightgbm,strict,False,555719,2145,,8,0.8,0.9,5,0.803577879339081,1.0,0.196422120660919,ISOTONIC
calibration_recalibration_v1,2026-09-23 19:59:23,202,D2_fraudTest,lightgbm,strict,False,555719,2145,,9,0.9,1.0,304,0.9963037528451432,1.0,0.0036962471548568,ISOTONIC
calibration_recalibration_v1,2026-09-23 19:58:48,202,D2_fraudTest,xgboost,strict,False,555719,2145,,0,0.0,0.1,107024,0.0052254783399356,3.737479443863059e-05,0.0051881035454969,RAW
calibration_recalibration_v1,2026-09-23 19:58:48,202,D2_fraudTest,xgboost,strict,False,555719,2145,,1,0.1,0.2,1457,0.1413853188072808,0.0034317089910775,0.1379536098162033,RAW
calibration_recalibration_v1,2026-09-23 19:58:48,202,D2_fraudTest,xgboost,strict,False,555719,2145,,2,0.2,0.3,668,0.2444224117580288,0.0044910179640718,0.2399313937939569,RAW
calibration_recalibration_v1,2026-09-23 19:58:48,202,D2_fraudTest,xgboost,strict,False,555719,2145,,3,0.3,0.4,415,0.3474008114941149,0.0072289156626506,0.3401718958314643,RAW
calibration_recalibration_v1,2026-09-23 19:58:48,202,D2_fraudTest,xgboost,strict,False,555719,2145,,4,0.4,0.5,248,0.4492873638387649,0.0080645161290322,0.4412228477097327,RAW
calibration_recalibration_v1,2026-09-23 19:58:48,202,D2_fraudTest,xgboost,strict,False,555719,2145,,5,0.5,0.6000000000000001,242,0.5466593609861106,0.0082644628099173,0.5383948981761932,RAW
calibration_recalibration_v1,2026-09-23 19:58:48,202,D2_fraudTest,xgboost,strict,False,555719,2145,,6,0.6000000000000001,0.7000000000000001,175,0.6488367118154253,0.0228571428571428,0.6259795689582824,RAW
calibration_recalibration_v1,2026-09-23 19:58:48,202,D2_fraudTest,xgboost,strict,False,555719,2145,,7,0.7000000000000001,0.8,177,0.7521450011070165,0.0734463276836158,0.6786986734234007,RAW
calibration_recalibration_v1,2026-09-23 19:58:48,202,D2_fraudTest,xgboost,strict,False,555719,2145,,8,0.8,0.9,185,0.8501290675756094,0.0486486486486486,0.8014804189269606,RAW
calibration_recalibration_v1,2026-09-23 19:58:48,202,D2_fraudTest,xgboost,strict,False,555719,2145,,9,0.9,1.0,553,0.974925124300324,0.6943942133815552,0.2805309109187687,RAW
calibration_recalibration_v1,2026-09-23 19:58:48,202,D2_fraudTest,xgboost,strict,False,555719,2145,,0,0.0,0.1,110268,0.0002670714877977,0.0002448579823702,2.221350542749129e-05,PLATT_SIGMOID
calibration_recalibration_v1,2026-09-23 19:58:48,202,D2_fraudTest,xgboost,strict,False,555719,2145,,1,0.1,0.2,138,0.1501195757369499,0.0652173913043478,0.0849021844326021,PLATT_SIGMOID
calibration_recalibration_v1,2026-09-23 19:58:48,202,D2_fraudTest,xgboost,strict,False,555719,2145,,2,0.2,0.3,103,0.2535372650821447,0.0485436893203883,0.2049935757617564,PLATT_SIGMOID
calibration_recalibration_v1,2026-09-23 19:58:48,202,D2_fraudTest,xgboost,strict,False,555719,2145,,3,0.3,0.4,78,0.3498944503120401,0.0384615384615384,0.3114329118505017,PLATT_SIGMOID
calibration_recalibration_v1,2026-09-23 19:58:48,202,D2_fraudTest,xgboost,strict,False,555719,2145,,4,0.4,0.5,88,0.4470806624499752,0.1931818181818181,0.253898844268157,PLATT_SIGMOID
calibration_recalibration_v1,2026-09-23 19:58:48,202,D2_fraudTest,xgboost,strict,False,555719,2145,,5,0.5,0.6000000000000001,110,0.5494232584645946,0.3090909090909091,0.2403323493736855,PLATT_SIGMOID
calibration_recalibration_v1,2026-09-23 19:58:48,202,D2_fraudTest,xgboost,strict,False,555719,2145,,6,0.6000000000000001,0.7000000000000001,359,0.6459947085110589,0.9303621169916436,0.2843674084805846,PLATT_SIGMOID
calibration_recalibration_v1,2026-09-23 19:58:48,202,D2_fraudTest,xgboost,strict,False,555719,2145,,7,0.7000000000000001,0.8,0,,,,PLATT_SIGMOID
calibration_recalibration_v1,2026-09-23 19:58:48,202,D2_fraudTest,xgboost,strict,False,555719,2145,,8,0.8,0.9,0,,,,PLATT_SIGMOID
calibration_recalibration_v1,2026-09-23 19:58:48,202,D2_fraudTest,xgboost,strict,False,555719,2145,,9,0.9,1.0,0,,,,PLATT_SIGMOID
calibration_recalibration_v1,2026-09-23 19:58:48,202,D2_fraudTest,xgboost,strict,False,555719,2145,,0,0.0,0.1,110566,0.0003950386311407,0.0003889079825624,6.130648578260675e-06,ISOTONIC
calibration_recalibration_v1,2026-09-23 19:58:48,202,D2_fraudTest,xgboost,strict,False,555719,2145,,1,0.1,0.2,125,0.1483338048090523,0.168,0.0196661951909476,ISOTONIC
calibration_recalibration_v1,2026-09-23 19:58:48,202,D2_fraudTest,xgboost,strict,False,555719,2145,,2,0.2,0.3,74,0.271186440677966,0.2972972972972973,0.0261108566193312,ISOTONIC
calibration_recalibration_v1,2026-09-23 19:58:48,202,D2_fraudTest,xgboost,strict,False,555719,2145,,3,0.3,0.4,0,,,,ISOTONIC
calibration_recalibration_v1,2026-09-23 19:58:48,202,D2_fraudTest,xgboost,strict,False,555719,2145,,4,0.4,0.5,1,0.4369377565915215,0.0,0.4369377565915215,ISOTONIC
calibration_recalibration_v1,2026-09-23 19:58:48,202,D2_fraudTest,xgboost,strict,False,555719,2145,,5,0.5,0.6000000000000001,44,0.5511813249477036,0.5,0.0511813249477035,ISOTONIC
calibration_recalibration_v1,2026-09-23 19:58:48,202,D2_fraudTest,xgboost,strict,False,555719,2145,,6,0.6000000000000001,0.7000000000000001,32,0.6847826086956521,0.90625,0.2214673913043479,ISOTONIC
calibration_recalibration_v1,2026-09-23 19:58:48,202,D2_fraudTest,xgboost,strict,False,555719,2145,,7,0.7000000000000001,0.8,0,,,,ISOTONIC
calibration_recalibration_v1,2026-09-23 19:58:48,202,D2_fraudTest,xgboost,strict,False,555719,2145,,8,0.8,0.9,63,0.8344241274262169,0.8571428571428571,0.0227187297166402,ISOTONIC
calibration_recalibration_v1,2026-09-23 19:58:48,202,D2_fraudTest,xgboost,strict,False,555719,2145,,9,0.9,1.0,239,0.9903460819923772,0.99581589958159,0.0054698175892127,ISOTONIC
calibration_recalibration_v1,2026-09-23 20:00:51,202,D3_PaySim,lightgbm,strict,False,1000000,749,1000000.0,0,0.0,0.1,199568,0.0001113649747086,0.0001302814078409,1.8916433132303346e-05,RAW
calibration_recalibration_v1,2026-09-23 20:00:51,202,D3_PaySim,lightgbm,strict,False,1000000,749,1000000.0,1,0.1,0.2,113,0.1436215059037325,0.0530973451327433,0.0905241607709891,RAW
calibration_recalibration_v1,2026-09-23 20:00:51,202,D3_PaySim,lightgbm,strict,False,1000000,749,1000000.0,2,0.2,0.3,45,0.2348179045872554,0.0666666666666666,0.1681512379205887,RAW
calibration_recalibration_v1,2026-09-23 20:00:51,202,D3_PaySim,lightgbm,strict,False,1000000,749,1000000.0,3,0.3,0.4,28,0.350812230870087,0.0357142857142857,0.3150979451558013,RAW
calibration_recalibration_v1,2026-09-23 20:00:51,202,D3_PaySim,lightgbm,strict,False,1000000,749,1000000.0,4,0.4,0.5,20,0.4528649261832442,0.2,0.2528649261832442,RAW
calibration_recalibration_v1,2026-09-23 20:00:51,202,D3_PaySim,lightgbm,strict,False,1000000,749,1000000.0,5,0.5,0.6000000000000001,22,0.5592616157944854,0.1363636363636363,0.422897979430849,RAW
calibration_recalibration_v1,2026-09-23 20:00:51,202,D3_PaySim,lightgbm,strict,False,1000000,749,1000000.0,6,0.6000000000000001,0.7000000000000001,16,0.6343681687666918,0.0625,0.5718681687666918,RAW
calibration_recalibration_v1,2026-09-23 20:00:51,202,D3_PaySim,lightgbm,strict,False,1000000,749,1000000.0,7,0.7000000000000001,0.8,22,0.7408295088360723,0.2272727272727272,0.513556781563345,RAW
calibration_recalibration_v1,2026-09-23 20:00:51,202,D3_PaySim,lightgbm,strict,False,1000000,749,1000000.0,8,0.8,0.9,22,0.8537763917780151,0.1818181818181818,0.6719582099598334,RAW
calibration_recalibration_v1,2026-09-23 20:00:51,202,D3_PaySim,lightgbm,strict,False,1000000,749,1000000.0,9,0.9,1.0,144,0.989057124478844,0.6736111111111112,0.3154460133677328,RAW
calibration_recalibration_v1,2026-09-23 20:00:51,202,D3_PaySim,lightgbm,strict,False,1000000,749,1000000.0,0,0.0,0.1,199811,0.0002091549073575,0.0002202080966513,1.1053189293772217e-05,PLATT_SIGMOID
calibration_recalibration_v1,2026-09-23 20:00:51,202,D3_PaySim,lightgbm,strict,False,1000000,749,1000000.0,1,0.1,0.2,22,0.1460131166062434,0.1818181818181818,0.0358050652119383,PLATT_SIGMOID
calibration_recalibration_v1,2026-09-23 20:00:51,202,D3_PaySim,lightgbm,strict,False,1000000,749,1000000.0,2,0.2,0.3,8,0.2501178117077705,0.25,0.0001178117077704,PLATT_SIGMOID
calibration_recalibration_v1,2026-09-23 20:00:51,202,D3_PaySim,lightgbm,strict,False,1000000,749,1000000.0,3,0.3,0.4,10,0.3508683433433471,0.3,0.0508683433433471,PLATT_SIGMOID
calibration_recalibration_v1,2026-09-23 20:00:51,202,D3_PaySim,lightgbm,strict,False,1000000,749,1000000.0,4,0.4,0.5,15,0.4465309375169157,0.0666666666666666,0.379864270850249,PLATT_SIGMOID
calibration_recalibration_v1,2026-09-23 20:00:51,202,D3_PaySim,lightgbm,strict,False,1000000,749,1000000.0,5,0.5,0.6000000000000001,12,0.5570927217123902,0.1666666666666666,0.3904260550457236,PLATT_SIGMOID
calibration_recalibration_v1,2026-09-23 20:00:51,202,D3_PaySim,lightgbm,strict,False,1000000,749,1000000.0,6,0.6000000000000001,0.7000000000000001,122,0.6504338910378619,0.7704918032786885,0.1200579122408266,PLATT_SIGMOID
calibration_recalibration_v1,2026-09-23 20:00:51,202,D3_PaySim,lightgbm,strict,False,1000000,749,1000000.0,7,0.7000000000000001,0.8,0,,,,PLATT_SIGMOID
calibration_recalibration_v1,2026-09-23 20:00:51,202,D3_PaySim,lightgbm,strict,False,1000000,749,1000000.0,8,0.8,0.9,0,,,,PLATT_SIGMOID
calibration_recalibration_v1,2026-09-23 20:00:51,202,D3_PaySim,lightgbm,strict,False,1000000,749,1000000.0,9,0.9,1.0,0,,,,PLATT_SIGMOID
calibration_recalibration_v1,2026-09-23 20:00:51,202,D3_PaySim,lightgbm,strict,False,1000000,749,1000000.0,0,0.0,0.1,199866,0.0002313003575224,0.0002701810212842,3.888066376184232e-05,ISOTONIC
calibration_recalibration_v1,2026-09-23 20:00:51,202,D3_PaySim,lightgbm,strict,False,1000000,749,1000000.0,1,0.1,0.2,0,,,,ISOTONIC
calibration_recalibration_v1,2026-09-23 20:00:51,202,D3_PaySim,lightgbm,strict,False,1000000,749,1000000.0,2,0.2,0.3,7,0.25,0.1428571428571428,0.1071428571428571,ISOTONIC
calibration_recalibration_v1,2026-09-23 20:00:51,202,D3_PaySim,lightgbm,strict,False,1000000,749,1000000.0,3,0.3,0.4,32,0.3251310142210261,0.25,0.075131014221026,ISOTONIC
calibration_recalibration_v1,2026-09-23 20:00:51,202,D3_PaySim,lightgbm,strict,False,1000000,749,1000000.0,4,0.4,0.5,0,,,,ISOTONIC
calibration_recalibration_v1,2026-09-23 20:00:51,202,D3_PaySim,lightgbm,strict,False,1000000,749,1000000.0,5,0.5,0.6000000000000001,1,0.5802105331670222,0.0,0.5802105331670222,ISOTONIC
calibration_recalibration_v1,2026-09-23 20:00:51,202,D3_PaySim,lightgbm,strict,False,1000000,749,1000000.0,6,0.6000000000000001,0.7000000000000001,4,0.6895798826281048,0.75,0.0604201173718952,ISOTONIC
calibration_recalibration_v1,2026-09-23 20:00:51,202,D3_PaySim,lightgbm,strict,False,1000000,749,1000000.0,7,0.7000000000000001,0.8,2,0.7365215304154447,0.0,0.7365215304154447,ISOTONIC
calibration_recalibration_v1,2026-09-23 20:00:51,202,D3_PaySim,lightgbm,strict,False,1000000,749,1000000.0,8,0.8,0.9,35,0.8695652173913043,0.8857142857142857,0.0161490683229813,ISOTONIC
calibration_recalibration_v1,2026-09-23 20:00:51,202,D3_PaySim,lightgbm,strict,False,1000000,749,1000000.0,9,0.9,1.0,53,0.987420534591195,1.0,0.0125794654088049,ISOTONIC
calibration_recalibration_v1,2026-09-23 19:59:52,202,D3_PaySim,xgboost,strict,False,1000000,749,1000000.0,0,0.0,0.1,195565,0.0014613234076077,2.0453557640682127e-05,0.001440869849967,RAW
calibration_recalibration_v1,2026-09-23 19:59:52,202,D3_PaySim,xgboost,strict,False,1000000,749,1000000.0,1,0.1,0.2,1639,0.1430018777124324,0.0006101281269066,0.1423917495855258,RAW
calibration_recalibration_v1,2026-09-23 19:59:52,202,D3_PaySim,xgboost,strict,False,1000000,749,1000000.0,2,0.2,0.3,761,0.2449370983121586,0.0039421813403416,0.2409949169718169,RAW
calibration_recalibration_v1,2026-09-23 19:59:52,202,D3_PaySim,xgboost,strict,False,1000000,749,1000000.0,3,0.3,0.4,455,0.3464378933985155,0.0131868131868131,0.3332510802117023,RAW
calibration_recalibration_v1,2026-09-23 19:59:52,202,D3_PaySim,xgboost,strict,False,1000000,749,1000000.0,4,0.4,0.5,357,0.4483365944954527,0.0168067226890756,0.4315298718063771,RAW
calibration_recalibration_v1,2026-09-23 19:59:52,202,D3_PaySim,xgboost,strict,False,1000000,749,1000000.0,5,0.5,0.6000000000000001,234,0.5483799892613012,0.0128205128205128,0.5355594764407884,RAW
calibration_recalibration_v1,2026-09-23 19:59:52,202,D3_PaySim,xgboost,strict,False,1000000,749,1000000.0,6,0.6000000000000001,0.7000000000000001,195,0.6485179442625779,0.0102564102564102,0.6382615340061677,RAW
calibration_recalibration_v1,2026-09-23 19:59:52,202,D3_PaySim,xgboost,strict,False,1000000,749,1000000.0,7,0.7000000000000001,0.8,201,0.742046462066138,0.0298507462686567,0.7121957157974813,RAW
calibration_recalibration_v1,2026-09-23 19:59:52,202,D3_PaySim,xgboost,strict,False,1000000,749,1000000.0,8,0.8,0.9,218,0.8508597248737965,0.0275229357798165,0.82333678909398,RAW
calibration_recalibration_v1,2026-09-23 19:59:52,202,D3_PaySim,xgboost,strict,False,1000000,749,1000000.0,9,0.9,1.0,375,0.960794874827067,0.3013333333333333,0.6594615414937337,RAW
calibration_recalibration_v1,2026-09-23 19:59:52,202,D3_PaySim,xgboost,strict,False,1000000,749,1000000.0,0,0.0,0.1,199497,0.0002105265288232,0.0001604034145876,5.0123114235587306e-05,PLATT_SIGMOID
calibration_recalibration_v1,2026-09-23 19:59:52,202,D3_PaySim,xgboost,strict,False,1000000,749,1000000.0,1,0.1,0.2,252,0.1484598738888176,0.0436507936507936,0.1048090802380239,PLATT_SIGMOID
calibration_recalibration_v1,2026-09-23 19:59:52,202,D3_PaySim,xgboost,strict,False,1000000,749,1000000.0,2,0.2,0.3,251,0.2648014635835596,0.4262948207171315,0.1614933571335718,PLATT_SIGMOID
calibration_recalibration_v1,2026-09-23 19:59:52,202,D3_PaySim,xgboost,strict,False,1000000,749,1000000.0,3,0.3,0.4,0,,,,PLATT_SIGMOID
calibration_recalibration_v1,2026-09-23 19:59:52,202,D3_PaySim,xgboost,strict,False,1000000,749,1000000.0,4,0.4,0.5,0,,,,PLATT_SIGMOID
calibration_recalibration_v1,2026-09-23 19:59:52,202,D3_PaySim,xgboost,strict,False,1000000,749,1000000.0,5,0.5,0.6000000000000001,0,,,,PLATT_SIGMOID
calibration_recalibration_v1,2026-09-23 19:59:52,202,D3_PaySim,xgboost,strict,False,1000000,749,1000000.0,6,0.6000000000000001,0.7000000000000001,0,,,,PLATT_SIGMOID
calibration_recalibration_v1,2026-09-23 19:59:52,202,D3_PaySim,xgboost,strict,False,1000000,749,1000000.0,7,0.7000000000000001,0.8,0,,,,PLATT_SIGMOID
calibration_recalibration_v1,2026-09-23 19:59:52,202,D3_PaySim,xgboost,strict,False,1000000,749,1000000.0,8,0.8,0.9,0,,,,PLATT_SIGMOID
calibration_recalibration_v1,2026-09-23 19:59:52,202,D3_PaySim,xgboost,strict,False,1000000,749,1000000.0,9,0.9,1.0,0,,,,PLATT_SIGMOID
calibration_recalibration_v1,2026-09-23 19:59:52,202,D3_PaySim,xgboost,strict,False,1000000,749,1000000.0,0,0.0,0.1,199775,0.0001729587178666,0.000220247778751,4.728906088449095e-05,ISOTONIC
calibration_recalibration_v1,2026-09-23 19:59:52,202,D3_PaySim,xgboost,strict,False,1000000,749,1000000.0,1,0.1,0.2,85,0.1471159337521416,0.1058823529411764,0.0412335808109651,ISOTONIC
calibration_recalibration_v1,2026-09-23 19:59:52,202,D3_PaySim,xgboost,strict,False,1000000,749,1000000.0,2,0.2,0.3,21,0.2857142857142857,0.1428571428571428,0.1428571428571428,ISOTONIC
calibration_recalibration_v1,2026-09-23 19:59:52,202,D3_PaySim,xgboost,strict,False,1000000,749,1000000.0,3,0.3,0.4,7,0.3291365499310901,0.5714285714285714,0.2422920214974813,ISOTONIC
calibration_recalibration_v1,2026-09-23 19:59:52,202,D3_PaySim,xgboost,strict,False,1000000,749,1000000.0,4,0.4,0.5,19,0.4721231043710972,0.5263157894736842,0.0541926851025869,ISOTONIC
calibration_recalibration_v1,2026-09-23 19:59:52,202,D3_PaySim,xgboost,strict,False,1000000,749,1000000.0,5,0.5,0.6000000000000001,26,0.503573765361857,0.7307692307692307,0.2271954654073736,ISOTONIC
calibration_recalibration_v1,2026-09-23 19:59:52,202,D3_PaySim,xgboost,strict,False,1000000,749,1000000.0,6,0.6000000000000001,0.7000000000000001,14,0.686562235841082,0.8571428571428571,0.1705806213017751,ISOTONIC
calibration_recalibration_v1,2026-09-23 19:59:52,202,D3_PaySim,xgboost,strict,False,1000000,749,1000000.0,7,0.7000000000000001,0.8,0,,,,ISOTONIC
calibration_recalibration_v1,2026-09-23 19:59:52,202,D3_PaySim,xgboost,strict,False,1000000,749,1000000.0,8,0.8,0.9,0,,,,ISOTONIC
calibration_recalibration_v1,2026-09-23 19:59:52,202,D3_PaySim,xgboost,strict,False,1000000,749,1000000.0,9,0.9,1.0,53,0.987420572327044,0.9245283018867924,0.0628922704402515,ISOTONIC
calibration_recalibration_v1,2026-09-23 20:01:28,303,D1_creditcard,lightgbm,strict,False,283726,473,,0,0.0,0.1,56661,7.113825796755076e-06,0.0004235717689416,0.0004164579431448,RAW
calibration_recalibration_v1,2026-09-23 20:01:28,303,D1_creditcard,lightgbm,strict,False,283726,473,,1,0.1,0.2,1,0.1209574295885835,0.0,0.1209574295885835,RAW
calibration_recalibration_v1,2026-09-23 20:01:28,303,D1_creditcard,lightgbm,strict,False,283726,473,,2,0.2,0.3,0,,,,RAW
calibration_recalibration_v1,2026-09-23 20:01:28,303,D1_creditcard,lightgbm,strict,False,283726,473,,3,0.3,0.4,1,0.3147102798274346,0.0,0.3147102798274346,RAW
calibration_recalibration_v1,2026-09-23 20:01:28,303,D1_creditcard,lightgbm,strict,False,283726,473,,4,0.4,0.5,0,,,,RAW
calibration_recalibration_v1,2026-09-23 20:01:28,303,D1_creditcard,lightgbm,strict,False,283726,473,,5,0.5,0.6000000000000001,4,0.5597864175104785,0.25,0.3097864175104785,RAW
calibration_recalibration_v1,2026-09-23 20:01:28,303,D1_creditcard,lightgbm,strict,False,283726,473,,6,0.6000000000000001,0.7000000000000001,1,0.626878789170943,0.0,0.626878789170943,RAW
calibration_recalibration_v1,2026-09-23 20:01:28,303,D1_creditcard,lightgbm,strict,False,283726,473,,7,0.7000000000000001,0.8,3,0.7869550206202023,0.3333333333333333,0.4536216872868689,RAW
calibration_recalibration_v1,2026-09-23 20:01:28,303,D1_creditcard,lightgbm,strict,False,283726,473,,8,0.8,0.9,1,0.8744025691697386,0.0,0.8744025691697386,RAW
calibration_recalibration_v1,2026-09-23 20:01:28,303,D1_creditcard,lightgbm,strict,False,283726,473,,9,0.9,1.0,74,0.99831205821207,0.9324324324324323,0.0658796257796375,RAW
calibration_recalibration_v1,2026-09-23 20:01:28,303,D1_creditcard,lightgbm,strict,False,283726,473,,0,0.0,0.1,56667,0.0004445263156386,0.0004411738754477,3.3524401909006342e-06,PLATT_SIGMOID
calibration_recalibration_v1,2026-09-23 20:01:28,303,D1_creditcard,lightgbm,strict,False,283726,473,,1,0.1,0.2,1,0.1271108736467499,0.0,0.1271108736467499,PLATT_SIGMOID
calibration_recalibration_v1,2026-09-23 20:01:28,303,D1_creditcard,lightgbm,strict,False,283726,473,,2,0.2,0.3,0,,,,PLATT_SIGMOID
calibration_recalibration_v1,2026-09-23 20:01:28,303,D1_creditcard,lightgbm,strict,False,283726,473,,3,0.3,0.4,3,0.3906048155808348,0.3333333333333333,0.0572714822475015,PLATT_SIGMOID
calibration_recalibration_v1,2026-09-23 20:01:28,303,D1_creditcard,lightgbm,strict,False,283726,473,,4,0.4,0.5,0,,,,PLATT_SIGMOID
calibration_recalibration_v1,2026-09-23 20:01:28,303,D1_creditcard,lightgbm,strict,False,283726,473,,5,0.5,0.6000000000000001,1,0.5901993785464105,0.0,0.5901993785464105,PLATT_SIGMOID
calibration_recalibration_v1,2026-09-23 20:01:28,303,D1_creditcard,lightgbm,strict,False,283726,473,,6,0.6000000000000001,0.7000000000000001,0,,,,PLATT_SIGMOID
calibration_recalibration_v1,2026-09-23 20:01:28,303,D1_creditcard,lightgbm,strict,False,283726,473,,7,0.7000000000000001,0.8,2,0.7488213952144097,0.0,0.7488213952144097,PLATT_SIGMOID
calibration_recalibration_v1,2026-09-23 20:01:28,303,D1_creditcard,lightgbm,strict,False,283726,473,,8,0.8,0.9,72,0.8210342083363716,0.9583333333333334,0.1372991249969617,PLATT_SIGMOID
calibration_recalibration_v1,2026-09-23 20:01:28,303,D1_creditcard,lightgbm,strict,False,283726,473,,9,0.9,1.0,0,,,,PLATT_SIGMOID
calibration_recalibration_v1,2026-09-23 20:01:28,303,D1_creditcard,lightgbm,strict,False,283726,473,,0,0.0,0.1,56630,0.0001810183123248,0.0003708281829419,0.000189809870617,ISOTONIC
calibration_recalibration_v1,2026-09-23 20:01:28,303,D1_creditcard,lightgbm,strict,False,283726,473,,1,0.1,0.2,30,0.1428571428571428,0.0666666666666666,0.0761904761904761,ISOTONIC
calibration_recalibration_v1,2026-09-23 20:01:28,303,D1_creditcard,lightgbm,strict,False,283726,473,,2,0.2,0.3,8,0.2857142857142857,0.25,0.0357142857142857,ISOTONIC
calibration_recalibration_v1,2026-09-23 20:01:28,303,D1_creditcard,lightgbm,strict,False,283726,473,,3,0.3,0.4,0,,,,ISOTONIC
calibration_recalibration_v1,2026-09-23 20:01:28,303,D1_creditcard,lightgbm,strict,False,283726,473,,4,0.4,0.5,0,,,,ISOTONIC
calibration_recalibration_v1,2026-09-23 20:01:28,303,D1_creditcard,lightgbm,strict,False,283726,473,,5,0.5,0.6000000000000001,0,,,,ISOTONIC
calibration_recalibration_v1,2026-09-23 20:01:28,303,D1_creditcard,lightgbm,strict,False,283726,473,,6,0.6000000000000001,0.7000000000000001,3,0.6272059764423449,0.3333333333333333,0.2938726431090115,ISOTONIC
calibration_recalibration_v1,2026-09-23 20:01:28,303,D1_creditcard,lightgbm,strict,False,283726,473,,7,0.7000000000000001,0.8,12,0.7662037037037037,0.5833333333333334,0.1828703703703703,ISOTONIC
calibration_recalibration_v1,2026-09-23 20:01:28,303,D1_creditcard,lightgbm,strict,False,283726,473,,8,0.8,0.9,0,,,,ISOTONIC
calibration_recalibration_v1,2026-09-23 20:01:28,303,D1_creditcard,lightgbm,strict,False,283726,473,,9,0.9,1.0,63,0.9852941176470588,0.984126984126984,0.0011671335200746,ISOTONIC
calibration_recalibration_v1,2026-09-23 20:01:01,303,D1_creditcard,xgboost,strict,False,283726,473,,0,0.0,0.1,56643,0.0001810643787137,0.0003707430750489,0.0001896786963352,RAW
calibration_recalibration_v1,2026-09-23 20:01:01,303,D1_creditcard,xgboost,strict,False,283726,473,,1,0.1,0.2,5,0.136835865676403,0.2,0.0631641343235969,RAW
calibration_recalibration_v1,2026-09-23 20:01:01,303,D1_creditcard,xgboost,strict,False,283726,473,,2,0.2,0.3,4,0.2347918599843979,0.0,0.2347918599843979,RAW
calibration_recalibration_v1,2026-09-23 20:01:01,303,D1_creditcard,xgboost,strict,False,283726,473,,3,0.3,0.4,3,0.3535947104295094,0.0,0.3535947104295094,RAW
calibration_recalibration_v1,2026-09-23 20:01:01,303,D1_creditcard,xgboost,strict,False,283726,473,,4,0.4,0.5,3,0.452524443467458,0.3333333333333333,0.1191911101341247,RAW
calibration_recalibration_v1,2026-09-23 20:01:01,303,D1_creditcard,xgboost,strict,False,283726,473,,5,0.5,0.6000000000000001,5,0.5341278076171875,0.0,0.5341278076171875,RAW
calibration_recalibration_v1,2026-09-23 20:01:01,303,D1_creditcard,xgboost,strict,False,283726,473,,6,0.6000000000000001,0.7000000000000001,1,0.6655233502388,1.0,0.3344766497611999,RAW
calibration_recalibration_v1,2026-09-23 20:01:01,303,D1_creditcard,xgboost,strict,False,283726,473,,7,0.7000000000000001,0.8,4,0.752659946680069,0.5,0.2526599466800689,RAW
calibration_recalibration_v1,2026-09-23 20:01:01,303,D1_creditcard,xgboost,strict,False,283726,473,,8,0.8,0.9,3,0.8675627708435059,0.0,0.8675627708435059,RAW
calibration_recalibration_v1,2026-09-23 20:01:01,303,D1_creditcard,xgboost,strict,False,283726,473,,9,0.9,1.0,75,0.9923351383209228,0.92,0.0723351383209228,RAW
calibration_recalibration_v1,2026-09-23 20:01:01,303,D1_creditcard,xgboost,strict,False,283726,473,,0,0.0,0.1,56663,0.0004413472448145,0.0004059086176164,3.543862719809532e-05,PLATT_SIGMOID
calibration_recalibration_v1,2026-09-23 20:01:01,303,D1_creditcard,xgboost,strict,False,283726,473,,1,0.1,0.2,1,0.1663902648362357,1.0,0.8336097351637642,PLATT_SIGMOID
calibration_recalibration_v1,2026-09-23 20:01:01,303,D1_creditcard,xgboost,strict,False,283726,473,,2,0.2,0.3,2,0.2509668450638823,1.0,0.7490331549361177,PLATT_SIGMOID
calibration_recalibration_v1,2026-09-23 20:01:01,303,D1_creditcard,xgboost,strict,False,283726,473,,3,0.3,0.4,2,0.3741090866811194,0.0,0.3741090866811194,PLATT_SIGMOID
calibration_recalibration_v1,2026-09-23 20:01:01,303,D1_creditcard,xgboost,strict,False,283726,473,,4,0.4,0.5,0,,,,PLATT_SIGMOID
calibration_recalibration_v1,2026-09-23 20:01:01,303,D1_creditcard,xgboost,strict,False,283726,473,,5,0.5,0.6000000000000001,2,0.5361454749460639,0.0,0.5361454749460639,PLATT_SIGMOID
calibration_recalibration_v1,2026-09-23 20:01:01,303,D1_creditcard,xgboost,strict,False,283726,473,,6,0.6000000000000001,0.7000000000000001,5,0.6382802448488268,0.2,0.4382802448488268,PLATT_SIGMOID
calibration_recalibration_v1,2026-09-23 20:01:01,303,D1_creditcard,xgboost,strict,False,283726,473,,7,0.7000000000000001,0.8,5,0.7614987800561388,0.6,0.1614987800561388,PLATT_SIGMOID
calibration_recalibration_v1,2026-09-23 20:01:01,303,D1_creditcard,xgboost,strict,False,283726,473,,8,0.8,0.9,66,0.8125224510281918,0.9848484848484848,0.1723260338202931,PLATT_SIGMOID
calibration_recalibration_v1,2026-09-23 20:01:01,303,D1_creditcard,xgboost,strict,False,283726,473,,9,0.9,1.0,0,,,,PLATT_SIGMOID
calibration_recalibration_v1,2026-09-23 20:01:01,303,D1_creditcard,xgboost,strict,False,283726,473,,0,0.0,0.1,56642,0.0001937178432701,0.000370749620423,0.0001770317771528,ISOTONIC
calibration_recalibration_v1,2026-09-23 20:01:01,303,D1_creditcard,xgboost,strict,False,283726,473,,1,0.1,0.2,21,0.1443199773622231,0.0952380952380952,0.0490818821241279,ISOTONIC
calibration_recalibration_v1,2026-09-23 20:01:01,303,D1_creditcard,xgboost,strict,False,283726,473,,2,0.2,0.3,0,,,,ISOTONIC
calibration_recalibration_v1,2026-09-23 20:01:01,303,D1_creditcard,xgboost,strict,False,283726,473,,3,0.3,0.4,1,0.3333333333333333,1.0,0.6666666666666667,ISOTONIC
calibration_recalibration_v1,2026-09-23 20:01:01,303,D1_creditcard,xgboost,strict,False,283726,473,,4,0.4,0.5,1,0.4150786227420017,1.0,0.5849213772579983,ISOTONIC
calibration_recalibration_v1,2026-09-23 20:01:01,303,D1_creditcard,xgboost,strict,False,283726,473,,5,0.5,0.6000000000000001,16,0.5333333333333333,0.375,0.1583333333333333,ISOTONIC
calibration_recalibration_v1,2026-09-23 20:01:01,303,D1_creditcard,xgboost,strict,False,283726,473,,6,0.6000000000000001,0.7000000000000001,3,0.6468788069452067,1.0,0.3531211930547933,ISOTONIC
calibration_recalibration_v1,2026-09-23 20:01:01,303,D1_creditcard,xgboost,strict,False,283726,473,,7,0.7000000000000001,0.8,0,,,,ISOTONIC
calibration_recalibration_v1,2026-09-23 20:01:01,303,D1_creditcard,xgboost,strict,False,283726,473,,8,0.8,0.9,0,,,,ISOTONIC
calibration_recalibration_v1,2026-09-23 20:01:01,303,D1_creditcard,xgboost,strict,False,283726,473,,9,0.9,1.0,62,0.9876654535104366,0.9838709677419356,0.003794485768501,ISOTONIC
calibration_recalibration_v1,2026-09-23 20:02:14,303,D2_fraudTest,lightgbm,strict,False,555719,2145,,0,0.0,0.1,110321,0.0003962871680487,0.0001540957750564,0.0002421913929923,RAW
calibration_recalibration_v1,2026-09-23 20:02:14,303,D2_fraudTest,lightgbm,strict,False,555719,2145,,1,0.1,0.2,143,0.1402799519259286,0.0349650349650349,0.1053149169608936,RAW
calibration_recalibration_v1,2026-09-23 20:02:14,303,D2_fraudTest,lightgbm,strict,False,555719,2145,,2,0.2,0.3,74,0.2433331828796986,0.0945945945945946,0.148738588285104,RAW
calibration_recalibration_v1,2026-09-23 20:02:14,303,D2_fraudTest,lightgbm,strict,False,555719,2145,,3,0.3,0.4,49,0.3452023714483355,0.1020408163265306,0.2431615551218049,RAW
calibration_recalibration_v1,2026-09-23 20:02:14,303,D2_fraudTest,lightgbm,strict,False,555719,2145,,4,0.4,0.5,44,0.4483706732236632,0.0909090909090909,0.3574615823145723,RAW
calibration_recalibration_v1,2026-09-23 20:02:14,303,D2_fraudTest,lightgbm,strict,False,555719,2145,,5,0.5,0.6000000000000001,32,0.5541360080631514,0.1875,0.3666360080631514,RAW
calibration_recalibration_v1,2026-09-23 20:02:14,303,D2_fraudTest,lightgbm,strict,False,555719,2145,,6,0.6000000000000001,0.7000000000000001,29,0.6559086923919974,0.1379310344827586,0.5179776579092388,RAW
calibration_recalibration_v1,2026-09-23 20:02:14,303,D2_fraudTest,lightgbm,strict,False,555719,2145,,7,0.7000000000000001,0.8,36,0.7561247797906405,0.3611111111111111,0.3950136686795294,RAW
calibration_recalibration_v1,2026-09-23 20:02:14,303,D2_fraudTest,lightgbm,strict,False,555719,2145,,8,0.8,0.9,25,0.8518498291575227,0.28,0.5718498291575227,RAW
calibration_recalibration_v1,2026-09-23 20:02:14,303,D2_fraudTest,lightgbm,strict,False,555719,2145,,9,0.9,1.0,391,0.9916523385500494,0.9232736572890026,0.0683786812610468,RAW
calibration_recalibration_v1,2026-09-23 20:02:14,303,D2_fraudTest,lightgbm,strict,False,555719,2145,,0,0.0,0.1,110657,0.0004026034351992,0.0003976250937581,4.978341441038466e-06,PLATT_SIGMOID
calibration_recalibration_v1,2026-09-23 20:02:14,303,D2_fraudTest,lightgbm,strict,False,555719,2145,,1,0.1,0.2,23,0.1383565474715295,0.0869565217391304,0.0514000257323991,PLATT_SIGMOID
calibration_recalibration_v1,2026-09-23 20:02:14,303,D2_fraudTest,lightgbm,strict,False,555719,2145,,2,0.2,0.3,23,0.2472880964659332,0.3043478260869565,0.0570597296210232,PLATT_SIGMOID
calibration_recalibration_v1,2026-09-23 20:02:14,303,D2_fraudTest,lightgbm,strict,False,555719,2145,,3,0.3,0.4,11,0.3529048998222437,0.4545454545454545,0.1016405547232107,PLATT_SIGMOID
calibration_recalibration_v1,2026-09-23 20:02:14,303,D2_fraudTest,lightgbm,strict,False,555719,2145,,4,0.4,0.5,15,0.4418339546928764,0.2,0.2418339546928764,PLATT_SIGMOID
calibration_recalibration_v1,2026-09-23 20:02:14,303,D2_fraudTest,lightgbm,strict,False,555719,2145,,5,0.5,0.6000000000000001,14,0.5411796717415307,0.3571428571428571,0.1840368145986735,PLATT_SIGMOID
calibration_recalibration_v1,2026-09-23 20:02:14,303,D2_fraudTest,lightgbm,strict,False,555719,2145,,6,0.6000000000000001,0.7000000000000001,11,0.6606446866706068,0.1818181818181818,0.478826504852425,PLATT_SIGMOID
calibration_recalibration_v1,2026-09-23 20:02:14,303,D2_fraudTest,lightgbm,strict,False,555719,2145,,7,0.7000000000000001,0.8,35,0.7600031792812851,0.5714285714285714,0.1885746078527137,PLATT_SIGMOID
calibration_recalibration_v1,2026-09-23 20:02:14,303,D2_fraudTest,lightgbm,strict,False,555719,2145,,8,0.8,0.9,355,0.8537004862505083,0.9605633802816902,0.1068628940311818,PLATT_SIGMOID
calibration_recalibration_v1,2026-09-23 20:02:14,303,D2_fraudTest,lightgbm,strict,False,555719,2145,,9,0.9,1.0,0,,,,PLATT_SIGMOID
calibration_recalibration_v1,2026-09-23 20:02:14,303,D2_fraudTest,lightgbm,strict,False,555719,2145,,0,0.0,0.1,110606,0.0003060323911027,0.0003345207312442,2.848834014150737e-05,ISOTONIC
calibration_recalibration_v1,2026-09-23 20:02:14,303,D2_fraudTest,lightgbm,strict,False,555719,2145,,1,0.1,0.2,108,0.1582961750452838,0.1944444444444444,0.0361482693991606,ISOTONIC
calibration_recalibration_v1,2026-09-23 20:02:14,303,D2_fraudTest,lightgbm,strict,False,555719,2145,,2,0.2,0.3,26,0.2692307692307692,0.2307692307692307,0.0384615384615384,ISOTONIC
calibration_recalibration_v1,2026-09-23 20:02:14,303,D2_fraudTest,lightgbm,strict,False,555719,2145,,3,0.3,0.4,0,,,,ISOTONIC
calibration_recalibration_v1,2026-09-23 20:02:14,303,D2_fraudTest,lightgbm,strict,False,555719,2145,,4,0.4,0.5,66,0.4659751585623678,0.5151515151515151,0.0491763565891473,ISOTONIC
calibration_recalibration_v1,2026-09-23 20:02:14,303,D2_fraudTest,lightgbm,strict,False,555719,2145,,5,0.5,0.6000000000000001,1,0.5,1.0,0.5,ISOTONIC
calibration_recalibration_v1,2026-09-23 20:02:14,303,D2_fraudTest,lightgbm,strict,False,555719,2145,,6,0.6000000000000001,0.7000000000000001,8,0.6666666666666666,0.75,0.0833333333333333,ISOTONIC
calibration_recalibration_v1,2026-09-23 20:02:14,303,D2_fraudTest,lightgbm,strict,False,555719,2145,,7,0.7000000000000001,0.8,1,0.7419411840613862,0.0,0.7419411840613862,ISOTONIC
calibration_recalibration_v1,2026-09-23 20:02:14,303,D2_fraudTest,lightgbm,strict,False,555719,2145,,8,0.8,0.9,1,0.8202221175545684,1.0,0.1797778824454315,ISOTONIC
calibration_recalibration_v1,2026-09-23 20:02:14,303,D2_fraudTest,lightgbm,strict,False,555719,2145,,9,0.9,1.0,327,0.9947363295640426,0.9877675840978594,0.0069687454661832,ISOTONIC
calibration_recalibration_v1,2026-09-23 20:01:39,303,D2_fraudTest,xgboost,strict,False,555719,2145,,0,0.0,0.1,107347,0.0047730704389449,6.520908828378995e-05,0.0047078613506611,RAW
calibration_recalibration_v1,2026-09-23 20:01:39,303,D2_fraudTest,xgboost,strict,False,555719,2145,,1,0.1,0.2,1322,0.1419391717124905,0.0030257186081694,0.138913453104321,RAW
calibration_recalibration_v1,2026-09-23 20:01:39,303,D2_fraudTest,xgboost,strict,False,555719,2145,,2,0.2,0.3,604,0.2435402626924167,0.0082781456953642,0.2352621169970525,RAW
calibration_recalibration_v1,2026-09-23 20:01:39,303,D2_fraudTest,xgboost,strict,False,555719,2145,,3,0.3,0.4,353,0.3472542447003697,0.0028328611898017,0.344421383510568,RAW
calibration_recalibration_v1,2026-09-23 20:01:39,303,D2_fraudTest,xgboost,strict,False,555719,2145,,4,0.4,0.5,261,0.4454685957724107,0.0191570881226053,0.4263115076498053,RAW
calibration_recalibration_v1,2026-09-23 20:01:39,303,D2_fraudTest,xgboost,strict,False,555719,2145,,5,0.5,0.6000000000000001,207,0.5456950293071028,0.0193236714975845,0.5263713578095183,RAW
calibration_recalibration_v1,2026-09-23 20:01:39,303,D2_fraudTest,xgboost,strict,False,555719,2145,,6,0.6000000000000001,0.7000000000000001,177,0.6483180445466338,0.0282485875706214,0.6200694569760123,RAW
calibration_recalibration_v1,2026-09-23 20:01:39,303,D2_fraudTest,xgboost,strict,False,555719,2145,,7,0.7000000000000001,0.8,168,0.7545324155972117,0.0357142857142857,0.718818129882926,RAW
calibration_recalibration_v1,2026-09-23 20:01:39,303,D2_fraudTest,xgboost,strict,False,555719,2145,,8,0.8,0.9,194,0.8505633562496028,0.1237113402061855,0.7268520160434172,RAW
calibration_recalibration_v1,2026-09-23 20:01:39,303,D2_fraudTest,xgboost,strict,False,555719,2145,,9,0.9,1.0,511,0.9782729615437308,0.7201565557729941,0.2581164057707367,RAW
calibration_recalibration_v1,2026-09-23 20:01:39,303,D2_fraudTest,xgboost,strict,False,555719,2145,,0,0.0,0.1,110281,0.000282006657466,0.0002811000988384,9.065586276169372e-07,PLATT_SIGMOID
calibration_recalibration_v1,2026-09-23 20:01:39,303,D2_fraudTest,xgboost,strict,False,555719,2145,,1,0.1,0.2,140,0.1481152493408208,0.0285714285714285,0.1195438207693922,PLATT_SIGMOID
calibration_recalibration_v1,2026-09-23 20:01:39,303,D2_fraudTest,xgboost,strict,False,555719,2145,,2,0.2,0.3,106,0.2483007801834886,0.0754716981132075,0.172829082070281,PLATT_SIGMOID
calibration_recalibration_v1,2026-09-23 20:01:39,303,D2_fraudTest,xgboost,strict,False,555719,2145,,3,0.3,0.4,87,0.3493705484218393,0.1494252873563218,0.1999452610655174,PLATT_SIGMOID
calibration_recalibration_v1,2026-09-23 20:01:39,303,D2_fraudTest,xgboost,strict,False,555719,2145,,4,0.4,0.5,74,0.4448437120600369,0.1756756756756756,0.2691680363843612,PLATT_SIGMOID
calibration_recalibration_v1,2026-09-23 20:01:39,303,D2_fraudTest,xgboost,strict,False,555719,2145,,5,0.5,0.6000000000000001,98,0.5616925506139406,0.336734693877551,0.2249578567363896,PLATT_SIGMOID
calibration_recalibration_v1,2026-09-23 20:01:39,303,D2_fraudTest,xgboost,strict,False,555719,2145,,6,0.6000000000000001,0.7000000000000001,358,0.6541227684927244,0.9134078212290504,0.2592850527363258,PLATT_SIGMOID
calibration_recalibration_v1,2026-09-23 20:01:39,303,D2_fraudTest,xgboost,strict,False,555719,2145,,7,0.7000000000000001,0.8,0,,,,PLATT_SIGMOID
calibration_recalibration_v1,2026-09-23 20:01:39,303,D2_fraudTest,xgboost,strict,False,555719,2145,,8,0.8,0.9,0,,,,PLATT_SIGMOID
calibration_recalibration_v1,2026-09-23 20:01:39,303,D2_fraudTest,xgboost,strict,False,555719,2145,,9,0.9,1.0,0,,,,PLATT_SIGMOID
calibration_recalibration_v1,2026-09-23 20:01:39,303,D2_fraudTest,xgboost,strict,False,555719,2145,,0,0.0,0.1,110563,0.0004048035491402,0.0004250970035183,2.0293454378115862e-05,ISOTONIC
calibration_recalibration_v1,2026-09-23 20:01:39,303,D2_fraudTest,xgboost,strict,False,555719,2145,,1,0.1,0.2,102,0.175107590553122,0.1666666666666666,0.0084409238864553,ISOTONIC
calibration_recalibration_v1,2026-09-23 20:01:39,303,D2_fraudTest,xgboost,strict,False,555719,2145,,2,0.2,0.3,43,0.221880007629745,0.2790697674418604,0.0571897598121154,ISOTONIC
calibration_recalibration_v1,2026-09-23 20:01:39,303,D2_fraudTest,xgboost,strict,False,555719,2145,,3,0.3,0.4,43,0.3333333333333333,0.2558139534883721,0.0775193798449612,ISOTONIC
calibration_recalibration_v1,2026-09-23 20:01:39,303,D2_fraudTest,xgboost,strict,False,555719,2145,,4,0.4,0.5,58,0.4833333333333333,0.4655172413793103,0.017816091954023,ISOTONIC
calibration_recalibration_v1,2026-09-23 20:01:39,303,D2_fraudTest,xgboost,strict,False,555719,2145,,5,0.5,0.6000000000000001,0,,,,ISOTONIC
calibration_recalibration_v1,2026-09-23 20:01:39,303,D2_fraudTest,xgboost,strict,False,555719,2145,,6,0.6000000000000001,0.7000000000000001,6,0.6666666666666666,0.8333333333333334,0.1666666666666667,ISOTONIC
calibration_recalibration_v1,2026-09-23 20:01:39,303,D2_fraudTest,xgboost,strict,False,555719,2145,,7,0.7000000000000001,0.8,31,0.7218792908172328,0.7741935483870968,0.0523142575698639,ISOTONIC
calibration_recalibration_v1,2026-09-23 20:01:39,303,D2_fraudTest,xgboost,strict,False,555719,2145,,8,0.8,0.9,31,0.8947368421052633,0.8709677419354839,0.0237691001697794,ISOTONIC
calibration_recalibration_v1,2026-09-23 20:01:39,303,D2_fraudTest,xgboost,strict,False,555719,2145,,9,0.9,1.0,267,0.9914767063800498,0.9700374531835206,0.0214392531965291,ISOTONIC
calibration_recalibration_v1,2026-09-23 20:03:43,303,D3_PaySim,lightgbm,strict,False,1000000,749,1000000.0,0,0.0,0.1,199524,0.0001406867078986,0.0001252982097391,1.538849815951491e-05,RAW
calibration_recalibration_v1,2026-09-23 20:03:43,303,D3_PaySim,lightgbm,strict,False,1000000,749,1000000.0,1,0.1,0.2,103,0.1383200451903377,0.029126213592233,0.1091938315981047,RAW
calibration_recalibration_v1,2026-09-23 20:03:43,303,D3_PaySim,lightgbm,strict,False,1000000,749,1000000.0,2,0.2,0.3,76,0.2430045197348474,0.0131578947368421,0.2298466249980053,RAW
calibration_recalibration_v1,2026-09-23 20:03:43,303,D3_PaySim,lightgbm,strict,False,1000000,749,1000000.0,3,0.3,0.4,27,0.3396299751303281,0.1481481481481481,0.19148182698218,RAW
calibration_recalibration_v1,2026-09-23 20:03:43,303,D3_PaySim,lightgbm,strict,False,1000000,749,1000000.0,4,0.4,0.5,31,0.451181067669021,0.1935483870967742,0.2576326805722468,RAW
calibration_recalibration_v1,2026-09-23 20:03:43,303,D3_PaySim,lightgbm,strict,False,1000000,749,1000000.0,5,0.5,0.6000000000000001,22,0.5602722261796701,0.0909090909090909,0.4693631352705791,RAW
calibration_recalibration_v1,2026-09-23 20:03:43,303,D3_PaySim,lightgbm,strict,False,1000000,749,1000000.0,6,0.6000000000000001,0.7000000000000001,23,0.6458961029798411,0.1304347826086956,0.5154613203711454,RAW
calibration_recalibration_v1,2026-09-23 20:03:43,303,D3_PaySim,lightgbm,strict,False,1000000,749,1000000.0,7,0.7000000000000001,0.8,23,0.7417926267899185,0.0869565217391304,0.654836105050788,RAW
calibration_recalibration_v1,2026-09-23 20:03:43,303,D3_PaySim,lightgbm,strict,False,1000000,749,1000000.0,8,0.8,0.9,19,0.8513261164115601,0.0,0.8513261164115601,RAW
calibration_recalibration_v1,2026-09-23 20:03:43,303,D3_PaySim,lightgbm,strict,False,1000000,749,1000000.0,9,0.9,1.0,152,0.9877671886208544,0.6842105263157895,0.3035566623050649,RAW
calibration_recalibration_v1,2026-09-23 20:03:43,303,D3_PaySim,lightgbm,strict,False,1000000,749,1000000.0,0,0.0,0.1,199812,8.019859952064077e-05,0.000225211698997,0.0001450130994764,PLATT_SIGMOID
calibration_recalibration_v1,2026-09-23 20:03:43,303,D3_PaySim,lightgbm,strict,False,1000000,749,1000000.0,1,0.1,0.2,17,0.1273796016815706,0.0588235294117647,0.0685560722698058,PLATT_SIGMOID
calibration_recalibration_v1,2026-09-23 20:03:43,303,D3_PaySim,lightgbm,strict,False,1000000,749,1000000.0,2,0.2,0.3,13,0.2607563014342129,0.0,0.2607563014342129,PLATT_SIGMOID
calibration_recalibration_v1,2026-09-23 20:03:43,303,D3_PaySim,lightgbm,strict,False,1000000,749,1000000.0,3,0.3,0.4,6,0.34166970536369,0.0,0.34166970536369,PLATT_SIGMOID
calibration_recalibration_v1,2026-09-23 20:03:43,303,D3_PaySim,lightgbm,strict,False,1000000,749,1000000.0,4,0.4,0.5,13,0.4345949683026267,0.2307692307692307,0.2038257375333959,PLATT_SIGMOID
calibration_recalibration_v1,2026-09-23 20:03:43,303,D3_PaySim,lightgbm,strict,False,1000000,749,1000000.0,5,0.5,0.6000000000000001,19,0.5712259511731196,0.3157894736842105,0.2554364774889091,PLATT_SIGMOID
calibration_recalibration_v1,2026-09-23 20:03:43,303,D3_PaySim,lightgbm,strict,False,1000000,749,1000000.0,6,0.6000000000000001,0.7000000000000001,120,0.6397042210082847,0.7916666666666666,0.1519624456583819,PLATT_SIGMOID
calibration_recalibration_v1,2026-09-23 20:03:43,303,D3_PaySim,lightgbm,strict,False,1000000,749,1000000.0,7,0.7000000000000001,0.8,0,,,,PLATT_SIGMOID
calibration_recalibration_v1,2026-09-23 20:03:43,303,D3_PaySim,lightgbm,strict,False,1000000,749,1000000.0,8,0.8,0.9,0,,,,PLATT_SIGMOID
calibration_recalibration_v1,2026-09-23 20:03:43,303,D3_PaySim,lightgbm,strict,False,1000000,749,1000000.0,9,0.9,1.0,0,,,,PLATT_SIGMOID
calibration_recalibration_v1,2026-09-23 20:03:43,303,D3_PaySim,lightgbm,strict,False,1000000,749,1000000.0,0,0.0,0.1,199862,0.0001655036607241,0.0002501726191071,8.46689583830354e-05,ISOTONIC
calibration_recalibration_v1,2026-09-23 20:03:43,303,D3_PaySim,lightgbm,strict,False,1000000,749,1000000.0,1,0.1,0.2,1,0.1477084135612903,0.0,0.1477084135612903,ISOTONIC
calibration_recalibration_v1,2026-09-23 20:03:43,303,D3_PaySim,lightgbm,strict,False,1000000,749,1000000.0,2,0.2,0.3,39,0.2653816873879603,0.358974358974359,0.0935926715863986,ISOTONIC
calibration_recalibration_v1,2026-09-23 20:03:43,303,D3_PaySim,lightgbm,strict,False,1000000,749,1000000.0,3,0.3,0.4,0,,,,ISOTONIC
calibration_recalibration_v1,2026-09-23 20:03:43,303,D3_PaySim,lightgbm,strict,False,1000000,749,1000000.0,4,0.4,0.5,0,,,,ISOTONIC
calibration_recalibration_v1,2026-09-23 20:03:43,303,D3_PaySim,lightgbm,strict,False,1000000,749,1000000.0,5,0.5,0.6000000000000001,0,,,,ISOTONIC
calibration_recalibration_v1,2026-09-23 20:03:43,303,D3_PaySim,lightgbm,strict,False,1000000,749,1000000.0,6,0.6000000000000001,0.7000000000000001,0,,,,ISOTONIC
calibration_recalibration_v1,2026-09-23 20:03:43,303,D3_PaySim,lightgbm,strict,False,1000000,749,1000000.0,7,0.7000000000000001,0.8,15,0.7408738560795333,0.7333333333333333,0.0075405227461999,ISOTONIC
calibration_recalibration_v1,2026-09-23 20:03:43,303,D3_PaySim,lightgbm,strict,False,1000000,749,1000000.0,8,0.8,0.9,26,0.8153492643252039,0.7307692307692307,0.0845800335559732,ISOTONIC
calibration_recalibration_v1,2026-09-23 20:03:43,303,D3_PaySim,lightgbm,strict,False,1000000,749,1000000.0,9,0.9,1.0,57,0.97744292481203,0.9824561403508772,0.005013215538847,ISOTONIC
calibration_recalibration_v1,2026-09-23 20:02:42,303,D3_PaySim,xgboost,strict,False,1000000,749,1000000.0,0,0.0,0.1,194672,0.0016233224705821,1.0273691131749815e-05,0.0016130487794504,RAW
calibration_recalibration_v1,2026-09-23 20:02:42,303,D3_PaySim,xgboost,strict,False,1000000,749,1000000.0,1,0.1,0.2,1793,0.1435392216861879,0.0016731734523145,0.1418660482338734,RAW
calibration_recalibration_v1,2026-09-23 20:02:42,303,D3_PaySim,xgboost,strict,False,1000000,749,1000000.0,2,0.2,0.3,921,0.2463519268878508,0.001085776330076,0.2452661505577748,RAW
calibration_recalibration_v1,2026-09-23 20:02:42,303,D3_PaySim,xgboost,strict,False,1000000,749,1000000.0,3,0.3,0.4,629,0.3454123643035919,0.0047694753577106,0.3406428889458812,RAW
calibration_recalibration_v1,2026-09-23 20:02:42,303,D3_PaySim,xgboost,strict,False,1000000,749,1000000.0,4,0.4,0.5,438,0.449586544338971,0.0114155251141552,0.4381710192248157,RAW
calibration_recalibration_v1,2026-09-23 20:02:42,303,D3_PaySim,xgboost,strict,False,1000000,749,1000000.0,5,0.5,0.6000000000000001,336,0.5508651593256564,0.0089285714285714,0.541936587897085,RAW
calibration_recalibration_v1,2026-09-23 20:02:42,303,D3_PaySim,xgboost,strict,False,1000000,749,1000000.0,6,0.6000000000000001,0.7000000000000001,347,0.647186624385438,0.0028818443804034,0.6443047800050344,RAW
calibration_recalibration_v1,2026-09-23 20:02:42,303,D3_PaySim,xgboost,strict,False,1000000,749,1000000.0,7,0.7000000000000001,0.8,251,0.7454705072114192,0.0199203187250996,0.7255501884863196,RAW
calibration_recalibration_v1,2026-09-23 20:02:42,303,D3_PaySim,xgboost,strict,False,1000000,749,1000000.0,8,0.8,0.9,243,0.8515728022826552,0.0452674897119341,0.806305312570721,RAW
calibration_recalibration_v1,2026-09-23 20:02:42,303,D3_PaySim,xgboost,strict,False,1000000,749,1000000.0,9,0.9,1.0,370,0.9618172987087352,0.3135135135135135,0.6483037851952218,RAW
calibration_recalibration_v1,2026-09-23 20:02:42,303,D3_PaySim,xgboost,strict,False,1000000,749,1000000.0,0,0.0,0.1,199466,0.0002441719558335,0.0001253346434981,0.0001188373123354,PLATT_SIGMOID
calibration_recalibration_v1,2026-09-23 20:02:42,303,D3_PaySim,xgboost,strict,False,1000000,749,1000000.0,1,0.1,0.2,237,0.1457055483811068,0.0632911392405063,0.0824144091406005,PLATT_SIGMOID
calibration_recalibration_v1,2026-09-23 20:02:42,303,D3_PaySim,xgboost,strict,False,1000000,749,1000000.0,2,0.2,0.3,180,0.2453649817957764,0.1277777777777777,0.1175872040179986,PLATT_SIGMOID
calibration_recalibration_v1,2026-09-23 20:02:42,303,D3_PaySim,xgboost,strict,False,1000000,749,1000000.0,3,0.3,0.4,117,0.3128090839321282,0.7435897435897436,0.4307806596576153,PLATT_SIGMOID
calibration_recalibration_v1,2026-09-23 20:02:42,303,D3_PaySim,xgboost,strict,False,1000000,749,1000000.0,4,0.4,0.5,0,,,,PLATT_SIGMOID
calibration_recalibration_v1,2026-09-23 20:02:42,303,D3_PaySim,xgboost,strict,False,1000000,749,1000000.0,5,0.5,0.6000000000000001,0,,,,PLATT_SIGMOID
calibration_recalibration_v1,2026-09-23 20:02:42,303,D3_PaySim,xgboost,strict,False,1000000,749,1000000.0,6,0.6000000000000001,0.7000000000000001,0,,,,PLATT_SIGMOID
calibration_recalibration_v1,2026-09-23 20:02:42,303,D3_PaySim,xgboost,strict,False,1000000,749,1000000.0,7,0.7000000000000001,0.8,0,,,,PLATT_SIGMOID
calibration_recalibration_v1,2026-09-23 20:02:42,303,D3_PaySim,xgboost,strict,False,1000000,749,1000000.0,8,0.8,0.9,0,,,,PLATT_SIGMOID
calibration_recalibration_v1,2026-09-23 20:02:42,303,D3_PaySim,xgboost,strict,False,1000000,749,1000000.0,9,0.9,1.0,0,,,,PLATT_SIGMOID
calibration_recalibration_v1,2026-09-23 20:02:42,303,D3_PaySim,xgboost,strict,False,1000000,749,1000000.0,0,0.0,0.1,199863,0.0001785570907484,0.0002901987861685,0.0001116416954201,ISOTONIC
calibration_recalibration_v1,2026-09-23 20:02:42,303,D3_PaySim,xgboost,strict,False,1000000,749,1000000.0,1,0.1,0.2,0,,,,ISOTONIC
calibration_recalibration_v1,2026-09-23 20:02:42,303,D3_PaySim,xgboost,strict,False,1000000,749,1000000.0,2,0.2,0.3,4,0.2727272727272727,0.0,0.2727272727272727,ISOTONIC
calibration_recalibration_v1,2026-09-23 20:02:42,303,D3_PaySim,xgboost,strict,False,1000000,749,1000000.0,3,0.3,0.4,21,0.3333333333333332,0.3333333333333333,5.551115123125783e-17,ISOTONIC
calibration_recalibration_v1,2026-09-23 20:02:42,303,D3_PaySim,xgboost,strict,False,1000000,749,1000000.0,4,0.4,0.5,41,0.4687572590011613,0.5365853658536586,0.0678281068524972,ISOTONIC
calibration_recalibration_v1,2026-09-23 20:02:42,303,D3_PaySim,xgboost,strict,False,1000000,749,1000000.0,5,0.5,0.6000000000000001,0,,,,ISOTONIC
calibration_recalibration_v1,2026-09-23 20:02:42,303,D3_PaySim,xgboost,strict,False,1000000,749,1000000.0,6,0.6000000000000001,0.7000000000000001,24,0.6969696969696969,0.75,0.053030303030303,ISOTONIC
calibration_recalibration_v1,2026-09-23 20:02:42,303,D3_PaySim,xgboost,strict,False,1000000,749,1000000.0,7,0.7000000000000001,0.8,0,,,,ISOTONIC
calibration_recalibration_v1,2026-09-23 20:02:42,303,D3_PaySim,xgboost,strict,False,1000000,749,1000000.0,8,0.8,0.9,14,0.8823529411764708,0.8571428571428571,0.0252100840336136,ISOTONIC
calibration_recalibration_v1,2026-09-23 20:02:42,303,D3_PaySim,xgboost,strict,False,1000000,749,1000000.0,9,0.9,1.0,33,0.999999,1.0,1.0000000000287557e-06,ISOTONIC
calibration_recalibration_v1,2026-09-23 20:04:23,404,D1_creditcard,lightgbm,strict,False,283726,473,,0,0.0,0.1,56658,5.763346197903827e-06,0.0002647463729746,0.0002589830267767,RAW
calibration_recalibration_v1,2026-09-23 20:04:23,404,D1_creditcard,lightgbm,strict,False,283726,473,,1,0.1,0.2,2,0.1287932892375493,0.0,0.1287932892375493,RAW
calibration_recalibration_v1,2026-09-23 20:04:23,404,D1_creditcard,lightgbm,strict,False,283726,473,,2,0.2,0.3,1,0.2861985185290547,1.0,0.7138014814709452,RAW
calibration_recalibration_v1,2026-09-23 20:04:23,404,D1_creditcard,lightgbm,strict,False,283726,473,,3,0.3,0.4,0,,,,RAW
calibration_recalibration_v1,2026-09-23 20:04:23,404,D1_creditcard,lightgbm,strict,False,283726,473,,4,0.4,0.5,1,0.4455171697895689,0.0,0.4455171697895689,RAW
calibration_recalibration_v1,2026-09-23 20:04:23,404,D1_creditcard,lightgbm,strict,False,283726,473,,5,0.5,0.6000000000000001,0,,,,RAW
calibration_recalibration_v1,2026-09-23 20:04:23,404,D1_creditcard,lightgbm,strict,False,283726,473,,6,0.6000000000000001,0.7000000000000001,0,,,,RAW
calibration_recalibration_v1,2026-09-23 20:04:23,404,D1_creditcard,lightgbm,strict,False,283726,473,,7,0.7000000000000001,0.8,0,,,,RAW
calibration_recalibration_v1,2026-09-23 20:04:23,404,D1_creditcard,lightgbm,strict,False,283726,473,,8,0.8,0.9,1,0.8884252264407395,1.0,0.1115747735592604,RAW
calibration_recalibration_v1,2026-09-23 20:04:23,404,D1_creditcard,lightgbm,strict,False,283726,473,,9,0.9,1.0,83,0.9985251716555932,0.9397590361445785,0.0587661355110147,RAW
calibration_recalibration_v1,2026-09-23 20:04:23,404,D1_creditcard,lightgbm,strict,False,283726,473,,0,0.0,0.1,56662,0.0004440268257553,0.0002823761956867,0.0001616506300686,PLATT_SIGMOID
calibration_recalibration_v1,2026-09-23 20:04:23,404,D1_creditcard,lightgbm,strict,False,283726,473,,1,0.1,0.2,0,,,,PLATT_SIGMOID
calibration_recalibration_v1,2026-09-23 20:04:23,404,D1_creditcard,lightgbm,strict,False,283726,473,,2,0.2,0.3,0,,,,PLATT_SIGMOID
calibration_recalibration_v1,2026-09-23 20:04:23,404,D1_creditcard,lightgbm,strict,False,283726,473,,3,0.3,0.4,0,,,,PLATT_SIGMOID
calibration_recalibration_v1,2026-09-23 20:04:23,404,D1_creditcard,lightgbm,strict,False,283726,473,,4,0.4,0.5,0,,,,PLATT_SIGMOID
calibration_recalibration_v1,2026-09-23 20:04:23,404,D1_creditcard,lightgbm,strict,False,283726,473,,5,0.5,0.6000000000000001,0,,,,PLATT_SIGMOID
calibration_recalibration_v1,2026-09-23 20:04:23,404,D1_creditcard,lightgbm,strict,False,283726,473,,6,0.6000000000000001,0.7000000000000001,1,0.6341463602547079,1.0,0.365853639745292,PLATT_SIGMOID
calibration_recalibration_v1,2026-09-23 20:04:23,404,D1_creditcard,lightgbm,strict,False,283726,473,,7,0.7000000000000001,0.8,2,0.7576167468092613,0.0,0.7576167468092613,PLATT_SIGMOID
calibration_recalibration_v1,2026-09-23 20:04:23,404,D1_creditcard,lightgbm,strict,False,283726,473,,8,0.8,0.9,81,0.8299548797343563,0.9629629629629628,0.1330080832286065,PLATT_SIGMOID
calibration_recalibration_v1,2026-09-23 20:04:23,404,D1_creditcard,lightgbm,strict,False,283726,473,,9,0.9,1.0,0,,,,PLATT_SIGMOID
calibration_recalibration_v1,2026-09-23 20:04:23,404,D1_creditcard,lightgbm,strict,False,283726,473,,0,0.0,0.1,56652,0.0001962028421436,0.0002647744122008,6.857157005713332e-05,ISOTONIC
calibration_recalibration_v1,2026-09-23 20:04:23,404,D1_creditcard,lightgbm,strict,False,283726,473,,1,0.1,0.2,0,,,,ISOTONIC
calibration_recalibration_v1,2026-09-23 20:04:23,404,D1_creditcard,lightgbm,strict,False,283726,473,,2,0.2,0.3,12,0.2307692307692308,0.1666666666666666,0.0641025641025641,ISOTONIC
calibration_recalibration_v1,2026-09-23 20:04:23,404,D1_creditcard,lightgbm,strict,False,283726,473,,3,0.3,0.4,0,,,,ISOTONIC
calibration_recalibration_v1,2026-09-23 20:04:23,404,D1_creditcard,lightgbm,strict,False,283726,473,,4,0.4,0.5,0,,,,ISOTONIC
calibration_recalibration_v1,2026-09-23 20:04:23,404,D1_creditcard,lightgbm,strict,False,283726,473,,5,0.5,0.6000000000000001,0,,,,ISOTONIC
calibration_recalibration_v1,2026-09-23 20:04:23,404,D1_creditcard,lightgbm,strict,False,283726,473,,6,0.6000000000000001,0.7000000000000001,0,,,,ISOTONIC
calibration_recalibration_v1,2026-09-23 20:04:23,404,D1_creditcard,lightgbm,strict,False,283726,473,,7,0.7000000000000001,0.8,6,0.7692307692307693,0.6666666666666666,0.1025641025641026,ISOTONIC
calibration_recalibration_v1,2026-09-23 20:04:23,404,D1_creditcard,lightgbm,strict,False,283726,473,,8,0.8,0.9,1,0.8359882938105597,1.0,0.1640117061894402,ISOTONIC
calibration_recalibration_v1,2026-09-23 20:04:23,404,D1_creditcard,lightgbm,strict,False,283726,473,,9,0.9,1.0,75,0.9994576859165636,0.9733333333333334,0.0261243525832302,ISOTONIC
calibration_recalibration_v1,2026-09-23 20:03:53,404,D1_creditcard,xgboost,strict,False,283726,473,,0,0.0,0.1,56633,0.0002261600792105,0.0002118905938233,1.4269485387207744e-05,RAW
calibration_recalibration_v1,2026-09-23 20:03:53,404,D1_creditcard,xgboost,strict,False,283726,473,,1,0.1,0.2,14,0.1393440791538783,0.1428571428571428,0.0035130637032645,RAW
calibration_recalibration_v1,2026-09-23 20:03:53,404,D1_creditcard,xgboost,strict,False,283726,473,,2,0.2,0.3,6,0.2295211379726728,0.0,0.2295211379726728,RAW
calibration_recalibration_v1,2026-09-23 20:03:53,404,D1_creditcard,xgboost,strict,False,283726,473,,3,0.3,0.4,1,0.3654107451438904,0.0,0.3654107451438904,RAW
calibration_recalibration_v1,2026-09-23 20:03:53,404,D1_creditcard,xgboost,strict,False,283726,473,,4,0.4,0.5,2,0.4781749546527862,0.0,0.4781749546527862,RAW
calibration_recalibration_v1,2026-09-23 20:03:53,404,D1_creditcard,xgboost,strict,False,283726,473,,5,0.5,0.6000000000000001,2,0.5468998551368713,0.5,0.0468998551368713,RAW
calibration_recalibration_v1,2026-09-23 20:03:53,404,D1_creditcard,xgboost,strict,False,283726,473,,6,0.6000000000000001,0.7000000000000001,2,0.6385112702846527,0.0,0.6385112702846527,RAW
calibration_recalibration_v1,2026-09-23 20:03:53,404,D1_creditcard,xgboost,strict,False,283726,473,,7,0.7000000000000001,0.8,0,,,,RAW
calibration_recalibration_v1,2026-09-23 20:03:53,404,D1_creditcard,xgboost,strict,False,283726,473,,8,0.8,0.9,2,0.8504443466663361,0.0,0.8504443466663361,RAW
calibration_recalibration_v1,2026-09-23 20:03:53,404,D1_creditcard,xgboost,strict,False,283726,473,,9,0.9,1.0,84,0.9957263412929716,0.9523809523809524,0.0433453889120193,RAW
calibration_recalibration_v1,2026-09-23 20:03:53,404,D1_creditcard,xgboost,strict,False,283726,473,,0,0.0,0.1,56658,0.0004387318139264,0.0002647463729746,0.0001739854409517,PLATT_SIGMOID
calibration_recalibration_v1,2026-09-23 20:03:53,404,D1_creditcard,xgboost,strict,False,283726,473,,1,0.1,0.2,2,0.1400178788836092,0.0,0.1400178788836092,PLATT_SIGMOID
calibration_recalibration_v1,2026-09-23 20:03:53,404,D1_creditcard,xgboost,strict,False,283726,473,,2,0.2,0.3,0,,,,PLATT_SIGMOID
calibration_recalibration_v1,2026-09-23 20:03:53,404,D1_creditcard,xgboost,strict,False,283726,473,,3,0.3,0.4,0,,,,PLATT_SIGMOID
calibration_recalibration_v1,2026-09-23 20:03:53,404,D1_creditcard,xgboost,strict,False,283726,473,,4,0.4,0.5,1,0.451573722511191,0.0,0.451573722511191,PLATT_SIGMOID
calibration_recalibration_v1,2026-09-23 20:03:53,404,D1_creditcard,xgboost,strict,False,283726,473,,5,0.5,0.6000000000000001,0,,,,PLATT_SIGMOID
calibration_recalibration_v1,2026-09-23 20:03:53,404,D1_creditcard,xgboost,strict,False,283726,473,,6,0.6000000000000001,0.7000000000000001,3,0.656717047867727,0.6666666666666666,0.0099496187989396,PLATT_SIGMOID
calibration_recalibration_v1,2026-09-23 20:03:53,404,D1_creditcard,xgboost,strict,False,283726,473,,7,0.7000000000000001,0.8,4,0.7715945391847148,0.75,0.0215945391847147,PLATT_SIGMOID
calibration_recalibration_v1,2026-09-23 20:03:53,404,D1_creditcard,xgboost,strict,False,283726,473,,8,0.8,0.9,78,0.8215683860724564,0.9615384615384616,0.1399700754660051,PLATT_SIGMOID
calibration_recalibration_v1,2026-09-23 20:03:53,404,D1_creditcard,xgboost,strict,False,283726,473,,9,0.9,1.0,0,,,,PLATT_SIGMOID
calibration_recalibration_v1,2026-09-23 20:03:53,404,D1_creditcard,xgboost,strict,False,283726,473,,0,0.0,0.1,56660,0.0002355062527247,0.0002647370278856,2.9230775160878343e-05,ISOTONIC
calibration_recalibration_v1,2026-09-23 20:03:53,404,D1_creditcard,xgboost,strict,False,283726,473,,1,0.1,0.2,0,,,,ISOTONIC
calibration_recalibration_v1,2026-09-23 20:03:53,404,D1_creditcard,xgboost,strict,False,283726,473,,2,0.2,0.3,0,,,,ISOTONIC
calibration_recalibration_v1,2026-09-23 20:03:53,404,D1_creditcard,xgboost,strict,False,283726,473,,3,0.3,0.4,0,,,,ISOTONIC
calibration_recalibration_v1,2026-09-23 20:03:53,404,D1_creditcard,xgboost,strict,False,283726,473,,4,0.4,0.5,1,0.4,0.0,0.4,ISOTONIC
calibration_recalibration_v1,2026-09-23 20:03:53,404,D1_creditcard,xgboost,strict,False,283726,473,,5,0.5,0.6000000000000001,9,0.5,0.7777777777777778,0.2777777777777778,ISOTONIC
calibration_recalibration_v1,2026-09-23 20:03:53,404,D1_creditcard,xgboost,strict,False,283726,473,,6,0.6000000000000001,0.7000000000000001,4,0.674410320881226,0.75,0.075589679118774,ISOTONIC
calibration_recalibration_v1,2026-09-23 20:03:53,404,D1_creditcard,xgboost,strict,False,283726,473,,7,0.7000000000000001,0.8,0,,,,ISOTONIC
calibration_recalibration_v1,2026-09-23 20:03:53,404,D1_creditcard,xgboost,strict,False,283726,473,,8,0.8,0.9,0,,,,ISOTONIC
calibration_recalibration_v1,2026-09-23 20:03:53,404,D1_creditcard,xgboost,strict,False,283726,473,,9,0.9,1.0,72,0.9992388881961412,0.9722222222222222,0.027016665973919,ISOTONIC
calibration_recalibration_v1,2026-09-23 20:05:09,404,D2_fraudTest,lightgbm,strict,False,555719,2145,,0,0.0,0.1,110276,0.0004494637868014,0.0002085675940367,0.0002408961927646,RAW
calibration_recalibration_v1,2026-09-23 20:05:09,404,D2_fraudTest,lightgbm,strict,False,555719,2145,,1,0.1,0.2,159,0.1446527529353174,0.0314465408805031,0.1132062120548143,RAW
calibration_recalibration_v1,2026-09-23 20:05:09,404,D2_fraudTest,lightgbm,strict,False,555719,2145,,2,0.2,0.3,85,0.2476876605009046,0.0352941176470588,0.2123935428538458,RAW
calibration_recalibration_v1,2026-09-23 20:05:09,404,D2_fraudTest,lightgbm,strict,False,555719,2145,,3,0.3,0.4,58,0.3456002110140752,0.0862068965517241,0.2593933144623511,RAW
calibration_recalibration_v1,2026-09-23 20:05:09,404,D2_fraudTest,lightgbm,strict,False,555719,2145,,4,0.4,0.5,36,0.4447809193223487,0.1666666666666666,0.2781142526556821,RAW
calibration_recalibration_v1,2026-09-23 20:05:09,404,D2_fraudTest,lightgbm,strict,False,555719,2145,,5,0.5,0.6000000000000001,32,0.5527746362916082,0.09375,0.4590246362916081,RAW
calibration_recalibration_v1,2026-09-23 20:05:09,404,D2_fraudTest,lightgbm,strict,False,555719,2145,,6,0.6000000000000001,0.7000000000000001,36,0.6531195517124786,0.1666666666666666,0.4864528850458119,RAW
calibration_recalibration_v1,2026-09-23 20:05:09,404,D2_fraudTest,lightgbm,strict,False,555719,2145,,7,0.7000000000000001,0.8,27,0.7508211005743151,0.2592592592592592,0.4915618413150558,RAW
calibration_recalibration_v1,2026-09-23 20:05:09,404,D2_fraudTest,lightgbm,strict,False,555719,2145,,8,0.8,0.9,32,0.852448783388341,0.25,0.602448783388341,RAW
calibration_recalibration_v1,2026-09-23 20:05:09,404,D2_fraudTest,lightgbm,strict,False,555719,2145,,9,0.9,1.0,403,0.991384629068618,0.9007444168734492,0.0906402121951689,RAW
calibration_recalibration_v1,2026-09-23 20:05:09,404,D2_fraudTest,lightgbm,strict,False,555719,2145,,0,0.0,0.1,110644,0.0003327265060537,0.0004067098080329,7.398330197920272e-05,PLATT_SIGMOID
calibration_recalibration_v1,2026-09-23 20:05:09,404,D2_fraudTest,lightgbm,strict,False,555719,2145,,1,0.1,0.2,26,0.1473064089453031,0.1923076923076923,0.0450012833623891,PLATT_SIGMOID
calibration_recalibration_v1,2026-09-23 20:05:09,404,D2_fraudTest,lightgbm,strict,False,555719,2145,,2,0.2,0.3,18,0.238406193624287,0.1111111111111111,0.1272950825131759,PLATT_SIGMOID
calibration_recalibration_v1,2026-09-23 20:05:09,404,D2_fraudTest,lightgbm,strict,False,555719,2145,,3,0.3,0.4,11,0.3495882275206673,0.3636363636363636,0.0140481361156962,PLATT_SIGMOID
calibration_recalibration_v1,2026-09-23 20:05:09,404,D2_fraudTest,lightgbm,strict,False,555719,2145,,4,0.4,0.5,13,0.4385711716200057,0.2307692307692307,0.2078019408507749,PLATT_SIGMOID
calibration_recalibration_v1,2026-09-23 20:05:09,404,D2_fraudTest,lightgbm,strict,False,555719,2145,,5,0.5,0.6000000000000001,13,0.5501684193297979,0.1538461538461538,0.396322265483644,PLATT_SIGMOID
calibration_recalibration_v1,2026-09-23 20:05:09,404,D2_fraudTest,lightgbm,strict,False,555719,2145,,6,0.6000000000000001,0.7000000000000001,14,0.660765859003323,0.3571428571428571,0.3036230018604658,PLATT_SIGMOID
calibration_recalibration_v1,2026-09-23 20:05:09,404,D2_fraudTest,lightgbm,strict,False,555719,2145,,7,0.7000000000000001,0.8,30,0.7622978947439925,0.5,0.2622978947439924,PLATT_SIGMOID
calibration_recalibration_v1,2026-09-23 20:05:09,404,D2_fraudTest,lightgbm,strict,False,555719,2145,,8,0.8,0.9,375,0.8655348124337664,0.928,0.0624651875662336,PLATT_SIGMOID
calibration_recalibration_v1,2026-09-23 20:05:09,404,D2_fraudTest,lightgbm,strict,False,555719,2145,,9,0.9,1.0,0,,,,PLATT_SIGMOID
calibration_recalibration_v1,2026-09-23 20:05:09,404,D2_fraudTest,lightgbm,strict,False,555719,2145,,0,0.0,0.1,110647,0.0002635166097169,0.0004066987808074,0.0001431821710904,ISOTONIC
calibration_recalibration_v1,2026-09-23 20:05:09,404,D2_fraudTest,lightgbm,strict,False,555719,2145,,1,0.1,0.2,17,0.1584289501195089,0.2352941176470588,0.0768651675275499,ISOTONIC
calibration_recalibration_v1,2026-09-23 20:05:09,404,D2_fraudTest,lightgbm,strict,False,555719,2145,,2,0.2,0.3,94,0.2563499953809965,0.2659574468085106,0.009607451427514,ISOTONIC
calibration_recalibration_v1,2026-09-23 20:05:09,404,D2_fraudTest,lightgbm,strict,False,555719,2145,,3,0.3,0.4,13,0.3554564727982983,0.5384615384615384,0.1830050656632401,ISOTONIC
calibration_recalibration_v1,2026-09-23 20:05:09,404,D2_fraudTest,lightgbm,strict,False,555719,2145,,4,0.4,0.5,0,,,,ISOTONIC
calibration_recalibration_v1,2026-09-23 20:05:09,404,D2_fraudTest,lightgbm,strict,False,555719,2145,,5,0.5,0.6000000000000001,2,0.5833597271798587,0.5,0.0833597271798587,ISOTONIC
calibration_recalibration_v1,2026-09-23 20:05:09,404,D2_fraudTest,lightgbm,strict,False,555719,2145,,6,0.6000000000000001,0.7000000000000001,42,0.6394230769230769,0.5476190476190477,0.0918040293040292,ISOTONIC
calibration_recalibration_v1,2026-09-23 20:05:09,404,D2_fraudTest,lightgbm,strict,False,555719,2145,,7,0.7000000000000001,0.8,0,,,,ISOTONIC
calibration_recalibration_v1,2026-09-23 20:05:09,404,D2_fraudTest,lightgbm,strict,False,555719,2145,,8,0.8,0.9,1,0.8555213865444357,1.0,0.1444786134555643,ISOTONIC
calibration_recalibration_v1,2026-09-23 20:05:09,404,D2_fraudTest,lightgbm,strict,False,555719,2145,,9,0.9,1.0,328,0.999999,0.9847560975609756,0.0152429024390244,ISOTONIC
calibration_recalibration_v1,2026-09-23 20:04:35,404,D2_fraudTest,xgboost,strict,False,555719,2145,,0,0.0,0.1,107164,0.0053322267317944,0.0001026464111082,0.0052295803206862,RAW
calibration_recalibration_v1,2026-09-23 20:04:35,404,D2_fraudTest,xgboost,strict,False,555719,2145,,1,0.1,0.2,1459,0.1396340016656088,0.0013708019191226,0.1382631997464861,RAW
calibration_recalibration_v1,2026-09-23 20:04:35,404,D2_fraudTest,xgboost,strict,False,555719,2145,,2,0.2,0.3,641,0.2459590073308781,0.0078003120124804,0.2381586953183976,RAW
calibration_recalibration_v1,2026-09-23 20:04:35,404,D2_fraudTest,xgboost,strict,False,555719,2145,,3,0.3,0.4,381,0.3485908638930383,0.0104986876640419,0.3380921762289963,RAW
calibration_recalibration_v1,2026-09-23 20:04:35,404,D2_fraudTest,xgboost,strict,False,555719,2145,,4,0.4,0.5,246,0.4494245845854767,0.008130081300813,0.4412945032846637,RAW
calibration_recalibration_v1,2026-09-23 20:04:35,404,D2_fraudTest,xgboost,strict,False,555719,2145,,5,0.5,0.6000000000000001,202,0.5462614318521897,0.0198019801980198,0.5264594516541699,RAW
calibration_recalibration_v1,2026-09-23 20:04:35,404,D2_fraudTest,xgboost,strict,False,555719,2145,,6,0.6000000000000001,0.7000000000000001,184,0.6450830947445787,0.0271739130434782,0.6179091817011004,RAW
calibration_recalibration_v1,2026-09-23 20:04:35,404,D2_fraudTest,xgboost,strict,False,555719,2145,,7,0.7000000000000001,0.8,177,0.7475053388520149,0.0564971751412429,0.6910081637107719,RAW
calibration_recalibration_v1,2026-09-23 20:04:35,404,D2_fraudTest,xgboost,strict,False,555719,2145,,8,0.8,0.9,175,0.8546318922724042,0.1142857142857142,0.7403461779866899,RAW
calibration_recalibration_v1,2026-09-23 20:04:35,404,D2_fraudTest,xgboost,strict,False,555719,2145,,9,0.9,1.0,515,0.979017278523121,0.7106796116504854,0.2683376668726356,RAW
calibration_recalibration_v1,2026-09-23 20:04:35,404,D2_fraudTest,xgboost,strict,False,555719,2145,,0,0.0,0.1,110305,0.000305073310649,0.0003173020262,1.2228715551070143e-05,PLATT_SIGMOID
calibration_recalibration_v1,2026-09-23 20:04:35,404,D2_fraudTest,xgboost,strict,False,555719,2145,,1,0.1,0.2,152,0.1402678212078692,0.0526315789473684,0.0876362422605008,PLATT_SIGMOID
calibration_recalibration_v1,2026-09-23 20:04:35,404,D2_fraudTest,xgboost,strict,False,555719,2145,,2,0.2,0.3,81,0.2512246110936045,0.0987654320987654,0.152459178994839,PLATT_SIGMOID
calibration_recalibration_v1,2026-09-23 20:04:35,404,D2_fraudTest,xgboost,strict,False,555719,2145,,3,0.3,0.4,94,0.3449609379443382,0.1489361702127659,0.1960247677315723,PLATT_SIGMOID
calibration_recalibration_v1,2026-09-23 20:04:35,404,D2_fraudTest,xgboost,strict,False,555719,2145,,4,0.4,0.5,78,0.4552773253913278,0.1666666666666666,0.2886106587246612,PLATT_SIGMOID
calibration_recalibration_v1,2026-09-23 20:04:35,404,D2_fraudTest,xgboost,strict,False,555719,2145,,5,0.5,0.6000000000000001,115,0.5610711821882597,0.4608695652173913,0.1002016169708683,PLATT_SIGMOID
calibration_recalibration_v1,2026-09-23 20:04:35,404,D2_fraudTest,xgboost,strict,False,555719,2145,,6,0.6000000000000001,0.7000000000000001,319,0.6221481819305196,0.9341692789968652,0.3120210970663456,PLATT_SIGMOID
calibration_recalibration_v1,2026-09-23 20:04:35,404,D2_fraudTest,xgboost,strict,False,555719,2145,,7,0.7000000000000001,0.8,0,,,,PLATT_SIGMOID
calibration_recalibration_v1,2026-09-23 20:04:35,404,D2_fraudTest,xgboost,strict,False,555719,2145,,8,0.8,0.9,0,,,,PLATT_SIGMOID
calibration_recalibration_v1,2026-09-23 20:04:35,404,D2_fraudTest,xgboost,strict,False,555719,2145,,9,0.9,1.0,0,,,,PLATT_SIGMOID
calibration_recalibration_v1,2026-09-23 20:04:35,404,D2_fraudTest,xgboost,strict,False,555719,2145,,0,0.0,0.1,110522,0.0003453742353608,0.0004614465898192,0.0001160723544583,ISOTONIC
calibration_recalibration_v1,2026-09-23 20:04:35,404,D2_fraudTest,xgboost,strict,False,555719,2145,,1,0.1,0.2,181,0.1405611263606235,0.1381215469613259,0.0024395793992975,ISOTONIC
calibration_recalibration_v1,2026-09-23 20:04:35,404,D2_fraudTest,xgboost,strict,False,555719,2145,,2,0.2,0.3,0,,,,ISOTONIC
calibration_recalibration_v1,2026-09-23 20:04:35,404,D2_fraudTest,xgboost,strict,False,555719,2145,,3,0.3,0.4,72,0.3416633935585232,0.3472222222222222,0.0055588286636989,ISOTONIC
calibration_recalibration_v1,2026-09-23 20:04:35,404,D2_fraudTest,xgboost,strict,False,555719,2145,,4,0.4,0.5,10,0.4,0.2,0.2,ISOTONIC
calibration_recalibration_v1,2026-09-23 20:04:35,404,D2_fraudTest,xgboost,strict,False,555719,2145,,5,0.5,0.6000000000000001,12,0.513664860269897,0.5833333333333334,0.0696684730634363,ISOTONIC
calibration_recalibration_v1,2026-09-23 20:04:35,404,D2_fraudTest,xgboost,strict,False,555719,2145,,6,0.6000000000000001,0.7000000000000001,61,0.6666666666666664,0.7213114754098361,0.0546448087431696,ISOTONIC
calibration_recalibration_v1,2026-09-23 20:04:35,404,D2_fraudTest,xgboost,strict,False,555719,2145,,7,0.7000000000000001,0.8,0,,,,ISOTONIC
calibration_recalibration_v1,2026-09-23 20:04:35,404,D2_fraudTest,xgboost,strict,False,555719,2145,,8,0.8,0.9,43,0.7999999999999998,0.8372093023255814,0.0372093023255816,ISOTONIC
calibration_recalibration_v1,2026-09-23 20:04:35,404,D2_fraudTest,xgboost,strict,False,555719,2145,,9,0.9,1.0,243,0.9934230031115904,0.9835390946502056,0.0098839084613846,ISOTONIC
calibration_recalibration_v1,2026-09-23 20:06:37,404,D3_PaySim,lightgbm,strict,False,1000000,749,1000000.0,0,0.0,0.1,199544,0.0001332284921805,0.0001052399470793,2.798854510120428e-05,RAW
calibration_recalibration_v1,2026-09-23 20:06:37,404,D3_PaySim,lightgbm,strict,False,1000000,749,1000000.0,1,0.1,0.2,115,0.1414374975559873,0.0608695652173913,0.080567932338596,RAW
calibration_recalibration_v1,2026-09-23 20:06:37,404,D3_PaySim,lightgbm,strict,False,1000000,749,1000000.0,2,0.2,0.3,46,0.245544990428106,0.0434782608695652,0.2020667295585408,RAW
calibration_recalibration_v1,2026-09-23 20:06:37,404,D3_PaySim,lightgbm,strict,False,1000000,749,1000000.0,3,0.3,0.4,27,0.3432693220316118,0.1111111111111111,0.2321582109205007,RAW
calibration_recalibration_v1,2026-09-23 20:06:37,404,D3_PaySim,lightgbm,strict,False,1000000,749,1000000.0,4,0.4,0.5,27,0.4495697018190108,0.074074074074074,0.3754956277449367,RAW
calibration_recalibration_v1,2026-09-23 20:06:37,404,D3_PaySim,lightgbm,strict,False,1000000,749,1000000.0,5,0.5,0.6000000000000001,20,0.5605189699245365,0.05,0.5105189699245365,RAW
calibration_recalibration_v1,2026-09-23 20:06:37,404,D3_PaySim,lightgbm,strict,False,1000000,749,1000000.0,6,0.6000000000000001,0.7000000000000001,13,0.6480010725790222,0.1538461538461538,0.4941549187328683,RAW
calibration_recalibration_v1,2026-09-23 20:06:37,404,D3_PaySim,lightgbm,strict,False,1000000,749,1000000.0,7,0.7000000000000001,0.8,26,0.7505913180164482,0.1923076923076923,0.5582836257087559,RAW
calibration_recalibration_v1,2026-09-23 20:06:37,404,D3_PaySim,lightgbm,strict,False,1000000,749,1000000.0,8,0.8,0.9,22,0.8436392696262771,0.1363636363636363,0.7072756332626408,RAW
calibration_recalibration_v1,2026-09-23 20:06:37,404,D3_PaySim,lightgbm,strict,False,1000000,749,1000000.0,9,0.9,1.0,160,0.9885968780257116,0.65,0.3385968780257116,RAW
calibration_recalibration_v1,2026-09-23 20:06:37,404,D3_PaySim,lightgbm,strict,False,1000000,749,1000000.0,0,0.0,0.1,199794,0.0001552091414728,0.0001952010570888,3.999191561598062e-05,PLATT_SIGMOID
calibration_recalibration_v1,2026-09-23 20:06:37,404,D3_PaySim,lightgbm,strict,False,1000000,749,1000000.0,1,0.1,0.2,21,0.1472696590582515,0.1904761904761904,0.0432065314179389,PLATT_SIGMOID
calibration_recalibration_v1,2026-09-23 20:06:37,404,D3_PaySim,lightgbm,strict,False,1000000,749,1000000.0,2,0.2,0.3,14,0.2354642878467502,0.0714285714285714,0.1640357164181787,PLATT_SIGMOID
calibration_recalibration_v1,2026-09-23 20:06:37,404,D3_PaySim,lightgbm,strict,False,1000000,749,1000000.0,3,0.3,0.4,10,0.3437646427358795,0.2,0.1437646427358795,PLATT_SIGMOID
calibration_recalibration_v1,2026-09-23 20:06:37,404,D3_PaySim,lightgbm,strict,False,1000000,749,1000000.0,4,0.4,0.5,12,0.4468106652439849,0.0833333333333333,0.3634773319106516,PLATT_SIGMOID
calibration_recalibration_v1,2026-09-23 20:06:37,404,D3_PaySim,lightgbm,strict,False,1000000,749,1000000.0,5,0.5,0.6000000000000001,16,0.5526723713722134,0.125,0.4276723713722133,PLATT_SIGMOID
calibration_recalibration_v1,2026-09-23 20:06:37,404,D3_PaySim,lightgbm,strict,False,1000000,749,1000000.0,6,0.6000000000000001,0.7000000000000001,133,0.6395312453270539,0.7593984962406015,0.1198672509135476,PLATT_SIGMOID
calibration_recalibration_v1,2026-09-23 20:06:37,404,D3_PaySim,lightgbm,strict,False,1000000,749,1000000.0,7,0.7000000000000001,0.8,0,,,,PLATT_SIGMOID
calibration_recalibration_v1,2026-09-23 20:06:37,404,D3_PaySim,lightgbm,strict,False,1000000,749,1000000.0,8,0.8,0.9,0,,,,PLATT_SIGMOID
calibration_recalibration_v1,2026-09-23 20:06:37,404,D3_PaySim,lightgbm,strict,False,1000000,749,1000000.0,9,0.9,1.0,0,,,,PLATT_SIGMOID
calibration_recalibration_v1,2026-09-23 20:06:37,404,D3_PaySim,lightgbm,strict,False,1000000,749,1000000.0,0,0.0,0.1,199793,0.0002013527982973,0.0001901968537436,1.115594455369608e-05,ISOTONIC
calibration_recalibration_v1,2026-09-23 20:06:37,404,D3_PaySim,lightgbm,strict,False,1000000,749,1000000.0,1,0.1,0.2,77,0.1830076743764757,0.1688311688311688,0.0141765055453069,ISOTONIC
calibration_recalibration_v1,2026-09-23 20:06:37,404,D3_PaySim,lightgbm,strict,False,1000000,749,1000000.0,2,0.2,0.3,8,0.2479003588437764,0.375,0.1270996411562235,ISOTONIC
calibration_recalibration_v1,2026-09-23 20:06:37,404,D3_PaySim,lightgbm,strict,False,1000000,749,1000000.0,3,0.3,0.4,21,0.346235554258578,0.2857142857142857,0.0605212685442923,ISOTONIC
calibration_recalibration_v1,2026-09-23 20:06:37,404,D3_PaySim,lightgbm,strict,False,1000000,749,1000000.0,4,0.4,0.5,3,0.435035818713016,0.3333333333333333,0.1017024853796827,ISOTONIC
calibration_recalibration_v1,2026-09-23 20:06:37,404,D3_PaySim,lightgbm,strict,False,1000000,749,1000000.0,5,0.5,0.6000000000000001,10,0.5,0.7,0.1999999999999999,ISOTONIC
calibration_recalibration_v1,2026-09-23 20:06:37,404,D3_PaySim,lightgbm,strict,False,1000000,749,1000000.0,6,0.6000000000000001,0.7000000000000001,0,,,,ISOTONIC
calibration_recalibration_v1,2026-09-23 20:06:37,404,D3_PaySim,lightgbm,strict,False,1000000,749,1000000.0,7,0.7000000000000001,0.8,0,,,,ISOTONIC
calibration_recalibration_v1,2026-09-23 20:06:37,404,D3_PaySim,lightgbm,strict,False,1000000,749,1000000.0,8,0.8,0.9,33,0.8278957558550469,0.8484848484848485,0.0205890926298015,ISOTONIC
calibration_recalibration_v1,2026-09-23 20:06:37,404,D3_PaySim,lightgbm,strict,False,1000000,749,1000000.0,9,0.9,1.0,55,0.9817486827326768,0.9818181818181818,6.949908550502037e-05,ISOTONIC
calibration_recalibration_v1,2026-09-23 20:05:38,404,D3_PaySim,xgboost,strict,False,1000000,749,1000000.0,0,0.0,0.1,195151,0.001564511113595,2.049694851678956e-05,0.0015440141650783,RAW
calibration_recalibration_v1,2026-09-23 20:05:38,404,D3_PaySim,xgboost,strict,False,1000000,749,1000000.0,1,0.1,0.2,1689,0.1440249302591566,0.0005920663114268,0.1434328639477297,RAW
calibration_recalibration_v1,2026-09-23 20:05:38,404,D3_PaySim,xgboost,strict,False,1000000,749,1000000.0,2,0.2,0.3,836,0.2464684509097389,0.0047846889952153,0.2416837619145236,RAW
calibration_recalibration_v1,2026-09-23 20:05:38,404,D3_PaySim,xgboost,strict,False,1000000,749,1000000.0,3,0.3,0.4,508,0.3459152582827515,0.0059055118110236,0.3400097464717279,RAW
calibration_recalibration_v1,2026-09-23 20:05:38,404,D3_PaySim,xgboost,strict,False,1000000,749,1000000.0,4,0.4,0.5,364,0.448995278595568,0.0027472527472527,0.4462480258483153,RAW
calibration_recalibration_v1,2026-09-23 20:05:38,404,D3_PaySim,xgboost,strict,False,1000000,749,1000000.0,5,0.5,0.6000000000000001,316,0.5488646124737172,0.0063291139240506,0.5425354985496665,RAW
calibration_recalibration_v1,2026-09-23 20:05:38,404,D3_PaySim,xgboost,strict,False,1000000,749,1000000.0,6,0.6000000000000001,0.7000000000000001,272,0.6517332176513532,0.0036764705882352,0.6480567470631179,RAW
calibration_recalibration_v1,2026-09-23 20:05:38,404,D3_PaySim,xgboost,strict,False,1000000,749,1000000.0,7,0.7000000000000001,0.8,233,0.7512221295434518,0.0042918454935622,0.7469302840498896,RAW
calibration_recalibration_v1,2026-09-23 20:05:38,404,D3_PaySim,xgboost,strict,False,1000000,749,1000000.0,8,0.8,0.9,249,0.8461224587566881,0.036144578313253,0.8099778804434351,RAW
calibration_recalibration_v1,2026-09-23 20:05:38,404,D3_PaySim,xgboost,strict,False,1000000,749,1000000.0,9,0.9,1.0,382,0.9602908546699904,0.3246073298429319,0.6356835248270584,RAW
calibration_recalibration_v1,2026-09-23 20:05:38,404,D3_PaySim,xgboost,strict,False,1000000,749,1000000.0,0,0.0,0.1,199462,0.000237828361929,9.525623928367307e-05,0.0001425721226453,PLATT_SIGMOID
calibration_recalibration_v1,2026-09-23 20:05:38,404,D3_PaySim,xgboost,strict,False,1000000,749,1000000.0,1,0.1,0.2,247,0.1462810137715338,0.0445344129554655,0.1017466008160682,PLATT_SIGMOID
calibration_recalibration_v1,2026-09-23 20:05:38,404,D3_PaySim,xgboost,strict,False,1000000,749,1000000.0,2,0.2,0.3,168,0.2449982932184097,0.1309523809523809,0.1140459122660287,PLATT_SIGMOID
calibration_recalibration_v1,2026-09-23 20:05:38,404,D3_PaySim,xgboost,strict,False,1000000,749,1000000.0,3,0.3,0.4,123,0.3123274138632209,0.7967479674796748,0.4844205536164538,PLATT_SIGMOID
calibration_recalibration_v1,2026-09-23 20:05:38,404,D3_PaySim,xgboost,strict,False,1000000,749,1000000.0,4,0.4,0.5,0,,,,PLATT_SIGMOID
calibration_recalibration_v1,2026-09-23 20:05:38,404,D3_PaySim,xgboost,strict,False,1000000,749,1000000.0,5,0.5,0.6000000000000001,0,,,,PLATT_SIGMOID
calibration_recalibration_v1,2026-09-23 20:05:38,404,D3_PaySim,xgboost,strict,False,1000000,749,1000000.0,6,0.6000000000000001,0.7000000000000001,0,,,,PLATT_SIGMOID
calibration_recalibration_v1,2026-09-23 20:05:38,404,D3_PaySim,xgboost,strict,False,1000000,749,1000000.0,7,0.7000000000000001,0.8,0,,,,PLATT_SIGMOID
calibration_recalibration_v1,2026-09-23 20:05:38,404,D3_PaySim,xgboost,strict,False,1000000,749,1000000.0,8,0.8,0.9,0,,,,PLATT_SIGMOID
calibration_recalibration_v1,2026-09-23 20:05:38,404,D3_PaySim,xgboost,strict,False,1000000,749,1000000.0,9,0.9,1.0,0,,,,PLATT_SIGMOID
calibration_recalibration_v1,2026-09-23 20:05:38,404,D3_PaySim,xgboost,strict,False,1000000,749,1000000.0,0,0.0,0.1,199788,0.0001646250815544,0.0001751856968386,1.05606152842231e-05,ISOTONIC
calibration_recalibration_v1,2026-09-23 20:05:38,404,D3_PaySim,xgboost,strict,False,1000000,749,1000000.0,1,0.1,0.2,62,0.1746519524617996,0.0967741935483871,0.0778777589134125,ISOTONIC
calibration_recalibration_v1,2026-09-23 20:05:38,404,D3_PaySim,xgboost,strict,False,1000000,749,1000000.0,2,0.2,0.3,10,0.2580353568018726,0.3,0.0419646431981273,ISOTONIC
calibration_recalibration_v1,2026-09-23 20:05:38,404,D3_PaySim,xgboost,strict,False,1000000,749,1000000.0,3,0.3,0.4,11,0.3333333333333333,0.2727272727272727,0.0606060606060606,ISOTONIC
calibration_recalibration_v1,2026-09-23 20:05:38,404,D3_PaySim,xgboost,strict,False,1000000,749,1000000.0,4,0.4,0.5,10,0.4292302234835047,0.5,0.0707697765164952,ISOTONIC
calibration_recalibration_v1,2026-09-23 20:05:38,404,D3_PaySim,xgboost,strict,False,1000000,749,1000000.0,5,0.5,0.6000000000000001,37,0.5276034225082796,0.6216216216216216,0.0940181991133419,ISOTONIC
calibration_recalibration_v1,2026-09-23 20:05:38,404,D3_PaySim,xgboost,strict,False,1000000,749,1000000.0,6,0.6000000000000001,0.7000000000000001,0,,,,ISOTONIC
calibration_recalibration_v1,2026-09-23 20:05:38,404,D3_PaySim,xgboost,strict,False,1000000,749,1000000.0,7,0.7000000000000001,0.8,0,,,,ISOTONIC
calibration_recalibration_v1,2026-09-23 20:05:38,404,D3_PaySim,xgboost,strict,False,1000000,749,1000000.0,8,0.8,0.9,30,0.8866901711325154,0.8,0.0866901711325153,ISOTONIC
calibration_recalibration_v1,2026-09-23 20:05:38,404,D3_PaySim,xgboost,strict,False,1000000,749,1000000.0,9,0.9,1.0,52,0.9885645000000002,0.9807692307692308,0.0077952692307694,ISOTONIC
calibration_recalibration_v1,2026-09-23 19:52:46,42,D1_creditcard,lightgbm,strict,False,283726,473,,0,0.0,0.1,56665,3.1193739713560366e-06,0.0003705991352686,0.0003674797612973,RAW
calibration_recalibration_v1,2026-09-23 19:52:46,42,D1_creditcard,lightgbm,strict,False,283726,473,,1,0.1,0.2,3,0.1482923526226651,0.6666666666666666,0.5183743140440015,RAW
calibration_recalibration_v1,2026-09-23 19:52:46,42,D1_creditcard,lightgbm,strict,False,283726,473,,2,0.2,0.3,1,0.2741061169330614,1.0,0.7258938830669386,RAW
calibration_recalibration_v1,2026-09-23 19:52:46,42,D1_creditcard,lightgbm,strict,False,283726,473,,3,0.3,0.4,2,0.3625339711823261,0.0,0.3625339711823261,RAW
calibration_recalibration_v1,2026-09-23 19:52:46,42,D1_creditcard,lightgbm,strict,False,283726,473,,4,0.4,0.5,0,,,,RAW
calibration_recalibration_v1,2026-09-23 19:52:46,42,D1_creditcard,lightgbm,strict,False,283726,473,,5,0.5,0.6000000000000001,1,0.534536040592598,1.0,0.465463959407402,RAW
calibration_recalibration_v1,2026-09-23 19:52:46,42,D1_creditcard,lightgbm,strict,False,283726,473,,6,0.6000000000000001,0.7000000000000001,0,,,,RAW
calibration_recalibration_v1,2026-09-23 19:52:46,42,D1_creditcard,lightgbm,strict,False,283726,473,,7,0.7000000000000001,0.8,0,,,,RAW
calibration_recalibration_v1,2026-09-23 19:52:46,42,D1_creditcard,lightgbm,strict,False,283726,473,,8,0.8,0.9,1,0.8820761839168562,0.0,0.8820761839168562,RAW
calibration_recalibration_v1,2026-09-23 19:52:46,42,D1_creditcard,lightgbm,strict,False,283726,473,,9,0.9,1.0,73,0.9996285581114748,0.958904109589041,0.0407244485224338,RAW
calibration_recalibration_v1,2026-09-23 19:52:46,42,D1_creditcard,lightgbm,strict,False,283726,473,,0,0.0,0.1,56672,0.0004430111767345,0.0004411349520045,1.8762247300712427e-06,PLATT_SIGMOID
calibration_recalibration_v1,2026-09-23 19:52:46,42,D1_creditcard,lightgbm,strict,False,283726,473,,1,0.1,0.2,0,,,,PLATT_SIGMOID
calibration_recalibration_v1,2026-09-23 19:52:46,42,D1_creditcard,lightgbm,strict,False,283726,473,,2,0.2,0.3,0,,,,PLATT_SIGMOID
calibration_recalibration_v1,2026-09-23 19:52:46,42,D1_creditcard,lightgbm,strict,False,283726,473,,3,0.3,0.4,0,,,,PLATT_SIGMOID
calibration_recalibration_v1,2026-09-23 19:52:46,42,D1_creditcard,lightgbm,strict,False,283726,473,,4,0.4,0.5,0,,,,PLATT_SIGMOID
calibration_recalibration_v1,2026-09-23 19:52:46,42,D1_creditcard,lightgbm,strict,False,283726,473,,5,0.5,0.6000000000000001,0,,,,PLATT_SIGMOID
calibration_recalibration_v1,2026-09-23 19:52:46,42,D1_creditcard,lightgbm,strict,False,283726,473,,6,0.6000000000000001,0.7000000000000001,1,0.6529406841385144,0.0,0.6529406841385144,PLATT_SIGMOID
calibration_recalibration_v1,2026-09-23 19:52:46,42,D1_creditcard,lightgbm,strict,False,283726,473,,7,0.7000000000000001,0.8,0,,,,PLATT_SIGMOID
calibration_recalibration_v1,2026-09-23 19:52:46,42,D1_creditcard,lightgbm,strict,False,283726,473,,8,0.8,0.9,73,0.8513942061630927,0.958904109589041,0.1075099034259483,PLATT_SIGMOID
calibration_recalibration_v1,2026-09-23 19:52:46,42,D1_creditcard,lightgbm,strict,False,283726,473,,9,0.9,1.0,0,,,,PLATT_SIGMOID
calibration_recalibration_v1,2026-09-23 19:52:46,42,D1_creditcard,lightgbm,strict,False,283726,473,,0,0.0,0.1,56663,0.0002146808423698,0.0003529640153186,0.0001382831729488,ISOTONIC
calibration_recalibration_v1,2026-09-23 19:52:46,42,D1_creditcard,lightgbm,strict,False,283726,473,,1,0.1,0.2,2,0.125,0.5,0.375,ISOTONIC
calibration_recalibration_v1,2026-09-23 19:52:46,42,D1_creditcard,lightgbm,strict,False,283726,473,,2,0.2,0.3,1,0.2888011427641495,1.0,0.7111988572358505,ISOTONIC
calibration_recalibration_v1,2026-09-23 19:52:46,42,D1_creditcard,lightgbm,strict,False,283726,473,,3,0.3,0.4,7,0.3333333333333333,0.4285714285714285,0.0952380952380952,ISOTONIC
calibration_recalibration_v1,2026-09-23 19:52:46,42,D1_creditcard,lightgbm,strict,False,283726,473,,4,0.4,0.5,0,,,,ISOTONIC
calibration_recalibration_v1,2026-09-23 19:52:46,42,D1_creditcard,lightgbm,strict,False,283726,473,,5,0.5,0.6000000000000001,0,,,,ISOTONIC
calibration_recalibration_v1,2026-09-23 19:52:46,42,D1_creditcard,lightgbm,strict,False,283726,473,,6,0.6000000000000001,0.7000000000000001,0,,,,ISOTONIC
calibration_recalibration_v1,2026-09-23 19:52:46,42,D1_creditcard,lightgbm,strict,False,283726,473,,7,0.7000000000000001,0.8,0,,,,ISOTONIC
calibration_recalibration_v1,2026-09-23 19:52:46,42,D1_creditcard,lightgbm,strict,False,283726,473,,8,0.8,0.9,0,,,,ISOTONIC
calibration_recalibration_v1,2026-09-23 19:52:46,42,D1_creditcard,lightgbm,strict,False,283726,473,,9,0.9,1.0,73,0.9875,0.958904109589041,0.0285958904109588,ISOTONIC
calibration_recalibration_v1,2026-09-23 19:52:19,42,D1_creditcard,xgboost,strict,False,283726,473,,0,0.0,0.1,56630,0.000179060755253,0.0003355112131379,0.0001564504578848,RAW
calibration_recalibration_v1,2026-09-23 19:52:19,42,D1_creditcard,xgboost,strict,False,283726,473,,1,0.1,0.2,17,0.1366960108280182,0.0,0.1366960108280182,RAW
calibration_recalibration_v1,2026-09-23 19:52:19,42,D1_creditcard,xgboost,strict,False,283726,473,,2,0.2,0.3,14,0.2611792672957693,0.0714285714285714,0.1897506958671978,RAW
calibration_recalibration_v1,2026-09-23 19:52:19,42,D1_creditcard,xgboost,strict,False,283726,473,,3,0.3,0.4,1,0.3926466405391693,0.0,0.3926466405391693,RAW
calibration_recalibration_v1,2026-09-23 19:52:19,42,D1_creditcard,xgboost,strict,False,283726,473,,4,0.4,0.5,1,0.4644767045974731,0.0,0.4644767045974731,RAW
calibration_recalibration_v1,2026-09-23 19:52:19,42,D1_creditcard,xgboost,strict,False,283726,473,,5,0.5,0.6000000000000001,3,0.5484590331713358,0.3333333333333333,0.2151256998380025,RAW
calibration_recalibration_v1,2026-09-23 19:52:19,42,D1_creditcard,xgboost,strict,False,283726,473,,6,0.6000000000000001,0.7000000000000001,4,0.6488519757986069,0.5,0.1488519757986068,RAW
calibration_recalibration_v1,2026-09-23 19:52:19,42,D1_creditcard,xgboost,strict,False,283726,473,,7,0.7000000000000001,0.8,2,0.7244765162467957,0.5,0.2244765162467956,RAW
calibration_recalibration_v1,2026-09-23 19:52:19,42,D1_creditcard,xgboost,strict,False,283726,473,,8,0.8,0.9,0,,,,RAW
calibration_recalibration_v1,2026-09-23 19:52:19,42,D1_creditcard,xgboost,strict,False,283726,473,,9,0.9,1.0,74,0.9963742792606354,0.9594594594594594,0.0369148198011759,RAW
calibration_recalibration_v1,2026-09-23 19:52:19,42,D1_creditcard,xgboost,strict,False,283726,473,,0,0.0,0.1,56666,0.0004103098672482,0.000370592595207,3.9717272041222434e-05,PLATT_SIGMOID
calibration_recalibration_v1,2026-09-23 19:52:19,42,D1_creditcard,xgboost,strict,False,283726,473,,1,0.1,0.2,3,0.1426620445202991,0.6666666666666666,0.5240046221463674,PLATT_SIGMOID
calibration_recalibration_v1,2026-09-23 19:52:19,42,D1_creditcard,xgboost,strict,False,283726,473,,2,0.2,0.3,2,0.2157221778753058,0.5,0.2842778221246942,PLATT_SIGMOID
calibration_recalibration_v1,2026-09-23 19:52:19,42,D1_creditcard,xgboost,strict,False,283726,473,,3,0.3,0.4,1,0.3131636553271527,0.0,0.3131636553271527,PLATT_SIGMOID
calibration_recalibration_v1,2026-09-23 19:52:19,42,D1_creditcard,xgboost,strict,False,283726,473,,4,0.4,0.5,0,,,,PLATT_SIGMOID
calibration_recalibration_v1,2026-09-23 19:52:19,42,D1_creditcard,xgboost,strict,False,283726,473,,5,0.5,0.6000000000000001,0,,,,PLATT_SIGMOID
calibration_recalibration_v1,2026-09-23 19:52:19,42,D1_creditcard,xgboost,strict,False,283726,473,,6,0.6000000000000001,0.7000000000000001,1,0.6973946885514565,1.0,0.3026053114485435,PLATT_SIGMOID
calibration_recalibration_v1,2026-09-23 19:52:19,42,D1_creditcard,xgboost,strict,False,283726,473,,7,0.7000000000000001,0.8,2,0.7485650946911322,0.5,0.2485650946911322,PLATT_SIGMOID
calibration_recalibration_v1,2026-09-23 19:52:19,42,D1_creditcard,xgboost,strict,False,283726,473,,8,0.8,0.9,71,0.8302828934882546,0.971830985915493,0.1415480924272384,PLATT_SIGMOID
calibration_recalibration_v1,2026-09-23 19:52:19,42,D1_creditcard,xgboost,strict,False,283726,473,,9,0.9,1.0,0,,,,PLATT_SIGMOID
calibration_recalibration_v1,2026-09-23 19:52:19,42,D1_creditcard,xgboost,strict,False,283726,473,,0,0.0,0.1,56654,0.000215969513528,0.0003530200868429,0.0001370505733149,ISOTONIC
calibration_recalibration_v1,2026-09-23 19:52:19,42,D1_creditcard,xgboost,strict,False,283726,473,,1,0.1,0.2,7,0.1541558595179107,0.0,0.1541558595179107,ISOTONIC
calibration_recalibration_v1,2026-09-23 19:52:19,42,D1_creditcard,xgboost,strict,False,283726,473,,2,0.2,0.3,13,0.2421087841333556,0.4615384615384615,0.2194296774051058,ISOTONIC
calibration_recalibration_v1,2026-09-23 19:52:19,42,D1_creditcard,xgboost,strict,False,283726,473,,3,0.3,0.4,0,,,,ISOTONIC
calibration_recalibration_v1,2026-09-23 19:52:19,42,D1_creditcard,xgboost,strict,False,283726,473,,4,0.4,0.5,0,,,,ISOTONIC
calibration_recalibration_v1,2026-09-23 19:52:19,42,D1_creditcard,xgboost,strict,False,283726,473,,5,0.5,0.6000000000000001,0,,,,ISOTONIC
calibration_recalibration_v1,2026-09-23 19:52:19,42,D1_creditcard,xgboost,strict,False,283726,473,,6,0.6000000000000001,0.7000000000000001,0,,,,ISOTONIC
calibration_recalibration_v1,2026-09-23 19:52:19,42,D1_creditcard,xgboost,strict,False,283726,473,,7,0.7000000000000001,0.8,4,0.75,0.75,0.0,ISOTONIC
calibration_recalibration_v1,2026-09-23 19:52:19,42,D1_creditcard,xgboost,strict,False,283726,473,,8,0.8,0.9,0,,,,ISOTONIC
calibration_recalibration_v1,2026-09-23 19:52:19,42,D1_creditcard,xgboost,strict,False,283726,473,,9,0.9,1.0,68,0.9870584705882354,0.9705882352941176,0.0164702352941177,ISOTONIC
calibration_recalibration_v1,2026-09-23 19:53:33,42,D2_fraudTest,lightgbm,strict,False,555719,2145,,0,0.0,0.1,110361,0.0003447598301583,0.0002355904712715,0.0001091693588867,RAW
calibration_recalibration_v1,2026-09-23 19:53:33,42,D2_fraudTest,lightgbm,strict,False,555719,2145,,1,0.1,0.2,133,0.1387311485135517,0.0225563909774436,0.1161747575361081,RAW
calibration_recalibration_v1,2026-09-23 19:53:33,42,D2_fraudTest,lightgbm,strict,False,555719,2145,,2,0.2,0.3,57,0.2412096010943695,0.0701754385964912,0.1710341624978783,RAW
calibration_recalibration_v1,2026-09-23 19:53:33,42,D2_fraudTest,lightgbm,strict,False,555719,2145,,3,0.3,0.4,36,0.3555919360843509,0.0277777777777777,0.3278141583065732,RAW
calibration_recalibration_v1,2026-09-23 19:53:33,42,D2_fraudTest,lightgbm,strict,False,555719,2145,,4,0.4,0.5,42,0.4464279949706128,0.2142857142857142,0.2321422806848985,RAW
calibration_recalibration_v1,2026-09-23 19:53:33,42,D2_fraudTest,lightgbm,strict,False,555719,2145,,5,0.5,0.6000000000000001,22,0.5499501484967492,0.1818181818181818,0.3681319666785673,RAW
calibration_recalibration_v1,2026-09-23 19:53:33,42,D2_fraudTest,lightgbm,strict,False,555719,2145,,6,0.6000000000000001,0.7000000000000001,32,0.6494966642297175,0.1875,0.4619966642297175,RAW
calibration_recalibration_v1,2026-09-23 19:53:33,42,D2_fraudTest,lightgbm,strict,False,555719,2145,,7,0.7000000000000001,0.8,30,0.7567421097291592,0.1333333333333333,0.6234087763958259,RAW
calibration_recalibration_v1,2026-09-23 19:53:33,42,D2_fraudTest,lightgbm,strict,False,555719,2145,,8,0.8,0.9,31,0.8567090431854854,0.2580645161290322,0.5986445270564531,RAW
calibration_recalibration_v1,2026-09-23 19:53:33,42,D2_fraudTest,lightgbm,strict,False,555719,2145,,9,0.9,1.0,400,0.9927736905136904,0.91,0.0827736905136904,RAW
calibration_recalibration_v1,2026-09-23 19:53:33,42,D2_fraudTest,lightgbm,strict,False,555719,2145,,0,0.0,0.1,110644,0.0004987554475787,0.000415747803767,8.300764381173652e-05,PLATT_SIGMOID
calibration_recalibration_v1,2026-09-23 19:53:33,42,D2_fraudTest,lightgbm,strict,False,555719,2145,,1,0.1,0.2,22,0.1611377852835054,0.1818181818181818,0.0206803965346763,PLATT_SIGMOID
calibration_recalibration_v1,2026-09-23 19:53:33,42,D2_fraudTest,lightgbm,strict,False,555719,2145,,2,0.2,0.3,15,0.2554798184490484,0.2,0.0554798184490484,PLATT_SIGMOID
calibration_recalibration_v1,2026-09-23 19:53:33,42,D2_fraudTest,lightgbm,strict,False,555719,2145,,3,0.3,0.4,11,0.3485853107440931,0.0909090909090909,0.2576762198350022,PLATT_SIGMOID
calibration_recalibration_v1,2026-09-23 19:53:33,42,D2_fraudTest,lightgbm,strict,False,555719,2145,,4,0.4,0.5,13,0.4585541474392737,0.1538461538461538,0.3047079935931198,PLATT_SIGMOID
calibration_recalibration_v1,2026-09-23 19:53:33,42,D2_fraudTest,lightgbm,strict,False,555719,2145,,5,0.5,0.6000000000000001,12,0.5377244458891164,0.0833333333333333,0.454391112555783,PLATT_SIGMOID
calibration_recalibration_v1,2026-09-23 19:53:33,42,D2_fraudTest,lightgbm,strict,False,555719,2145,,6,0.6000000000000001,0.7000000000000001,13,0.6440519634725491,0.3076923076923077,0.3363596557802414,PLATT_SIGMOID
calibration_recalibration_v1,2026-09-23 19:53:33,42,D2_fraudTest,lightgbm,strict,False,555719,2145,,7,0.7000000000000001,0.8,20,0.7497692067277392,0.2,0.5497692067277391,PLATT_SIGMOID
calibration_recalibration_v1,2026-09-23 19:53:33,42,D2_fraudTest,lightgbm,strict,False,555719,2145,,8,0.8,0.9,394,0.8908094975895186,0.9238578680203046,0.033048370430786,PLATT_SIGMOID
calibration_recalibration_v1,2026-09-23 19:53:33,42,D2_fraudTest,lightgbm,strict,False,555719,2145,,9,0.9,1.0,0,,,,PLATT_SIGMOID
calibration_recalibration_v1,2026-09-23 19:53:33,42,D2_fraudTest,lightgbm,strict,False,555719,2145,,0,0.0,0.1,110623,0.0005004477527636,0.0003796678810012,0.0001207798717623,ISOTONIC
calibration_recalibration_v1,2026-09-23 19:53:33,42,D2_fraudTest,lightgbm,strict,False,555719,2145,,1,0.1,0.2,101,0.1214152571099942,0.1584158415841584,0.0370005844741641,ISOTONIC
calibration_recalibration_v1,2026-09-23 19:53:33,42,D2_fraudTest,lightgbm,strict,False,555719,2145,,2,0.2,0.3,20,0.2408496028937207,0.35,0.1091503971062792,ISOTONIC
calibration_recalibration_v1,2026-09-23 19:53:33,42,D2_fraudTest,lightgbm,strict,False,555719,2145,,3,0.3,0.4,3,0.3479454083239275,0.0,0.3479454083239275,ISOTONIC
calibration_recalibration_v1,2026-09-23 19:53:33,42,D2_fraudTest,lightgbm,strict,False,555719,2145,,4,0.4,0.5,0,,,,ISOTONIC
calibration_recalibration_v1,2026-09-23 19:53:33,42,D2_fraudTest,lightgbm,strict,False,555719,2145,,5,0.5,0.6000000000000001,40,0.5778153130935146,0.5,0.0778153130935146,ISOTONIC
calibration_recalibration_v1,2026-09-23 19:53:33,42,D2_fraudTest,lightgbm,strict,False,555719,2145,,6,0.6000000000000001,0.7000000000000001,3,0.6323294876596858,0.6666666666666666,0.0343371790069808,ISOTONIC
calibration_recalibration_v1,2026-09-23 19:53:33,42,D2_fraudTest,lightgbm,strict,False,555719,2145,,7,0.7000000000000001,0.8,30,0.7403632167363174,0.8,0.0596367832636826,ISOTONIC
calibration_recalibration_v1,2026-09-23 19:53:33,42,D2_fraudTest,lightgbm,strict,False,555719,2145,,8,0.8,0.9,0,,,,ISOTONIC
calibration_recalibration_v1,2026-09-23 19:53:33,42,D2_fraudTest,lightgbm,strict,False,555719,2145,,9,0.9,1.0,324,0.994641286085324,0.9814814814814816,0.0131598046038423,ISOTONIC
calibration_recalibration_v1,2026-09-23 19:53:00,42,D2_fraudTest,xgboost,strict,False,555719,2145,,0,0.0,0.1,107883,0.004510029538531,9.269301002011438e-05,0.0044173365285109,RAW
calibration_recalibration_v1,2026-09-23 19:53:00,42,D2_fraudTest,xgboost,strict,False,555719,2145,,1,0.1,0.2,1153,0.1423856960827644,0.0034692107545533,0.1389164853282111,RAW
calibration_recalibration_v1,2026-09-23 19:53:00,42,D2_fraudTest,xgboost,strict,False,555719,2145,,2,0.2,0.3,512,0.2476036807929631,0.005859375,0.2417443057929631,RAW
calibration_recalibration_v1,2026-09-23 19:53:00,42,D2_fraudTest,xgboost,strict,False,555719,2145,,3,0.3,0.4,274,0.3474619901963394,0.0145985401459854,0.332863450050354,RAW
calibration_recalibration_v1,2026-09-23 19:53:00,42,D2_fraudTest,xgboost,strict,False,555719,2145,,4,0.4,0.5,210,0.44617995988755,0.019047619047619,0.4271323408399309,RAW
calibration_recalibration_v1,2026-09-23 19:53:00,42,D2_fraudTest,xgboost,strict,False,555719,2145,,5,0.5,0.6000000000000001,185,0.5498830518207034,0.0324324324324324,0.517450619388271,RAW
calibration_recalibration_v1,2026-09-23 19:53:00,42,D2_fraudTest,xgboost,strict,False,555719,2145,,6,0.6000000000000001,0.7000000000000001,118,0.6493244812650195,0.0084745762711864,0.6408499049938331,RAW
calibration_recalibration_v1,2026-09-23 19:53:00,42,D2_fraudTest,xgboost,strict,False,555719,2145,,7,0.7000000000000001,0.8,157,0.7507209143820842,0.0700636942675159,0.6806572201145683,RAW
calibration_recalibration_v1,2026-09-23 19:53:00,42,D2_fraudTest,xgboost,strict,False,555719,2145,,8,0.8,0.9,133,0.8497694950354727,0.112781954887218,0.7369875401482546,RAW
calibration_recalibration_v1,2026-09-23 19:53:00,42,D2_fraudTest,xgboost,strict,False,555719,2145,,9,0.9,1.0,519,0.9785034881621196,0.7148362235067437,0.263667264655376,RAW
calibration_recalibration_v1,2026-09-23 19:53:00,42,D2_fraudTest,xgboost,strict,False,555719,2145,,0,0.0,0.1,110307,0.0004384297266762,0.0002900994497176,0.0001483302769586,PLATT_SIGMOID
calibration_recalibration_v1,2026-09-23 19:53:00,42,D2_fraudTest,xgboost,strict,False,555719,2145,,1,0.1,0.2,128,0.1464242910619771,0.03125,0.1151742910619771,PLATT_SIGMOID
calibration_recalibration_v1,2026-09-23 19:53:00,42,D2_fraudTest,xgboost,strict,False,555719,2145,,2,0.2,0.3,93,0.245813284867619,0.1290322580645161,0.1167810268031029,PLATT_SIGMOID
calibration_recalibration_v1,2026-09-23 19:53:00,42,D2_fraudTest,xgboost,strict,False,555719,2145,,3,0.3,0.4,64,0.3472064785480333,0.109375,0.2378314785480333,PLATT_SIGMOID
calibration_recalibration_v1,2026-09-23 19:53:00,42,D2_fraudTest,xgboost,strict,False,555719,2145,,4,0.4,0.5,64,0.4523656047304981,0.078125,0.3742406047304981,PLATT_SIGMOID
calibration_recalibration_v1,2026-09-23 19:53:00,42,D2_fraudTest,xgboost,strict,False,555719,2145,,5,0.5,0.6000000000000001,101,0.5530585544130684,0.3168316831683168,0.2362268712447515,PLATT_SIGMOID
calibration_recalibration_v1,2026-09-23 19:53:00,42,D2_fraudTest,xgboost,strict,False,555719,2145,,6,0.6000000000000001,0.7000000000000001,387,0.6588709651468652,0.8708010335917312,0.211930068444866,PLATT_SIGMOID
calibration_recalibration_v1,2026-09-23 19:53:00,42,D2_fraudTest,xgboost,strict,False,555719,2145,,7,0.7000000000000001,0.8,0,,,,PLATT_SIGMOID
calibration_recalibration_v1,2026-09-23 19:53:00,42,D2_fraudTest,xgboost,strict,False,555719,2145,,8,0.8,0.9,0,,,,PLATT_SIGMOID
calibration_recalibration_v1,2026-09-23 19:53:00,42,D2_fraudTest,xgboost,strict,False,555719,2145,,9,0.9,1.0,0,,,,PLATT_SIGMOID
calibration_recalibration_v1,2026-09-23 19:53:00,42,D2_fraudTest,xgboost,strict,False,555719,2145,,0,0.0,0.1,110554,0.0005822818311174,0.0004613130234998,0.0001209688076176,ISOTONIC
calibration_recalibration_v1,2026-09-23 19:53:00,42,D2_fraudTest,xgboost,strict,False,555719,2145,,1,0.1,0.2,175,0.1572528372528373,0.1771428571428571,0.0198900198900198,ISOTONIC
calibration_recalibration_v1,2026-09-23 19:53:00,42,D2_fraudTest,xgboost,strict,False,555719,2145,,2,0.2,0.3,12,0.2504599621891932,0.5,0.2495400378108068,ISOTONIC
calibration_recalibration_v1,2026-09-23 19:53:00,42,D2_fraudTest,xgboost,strict,False,555719,2145,,3,0.3,0.4,42,0.3551119177253478,0.3571428571428571,0.0020309394175093,ISOTONIC
calibration_recalibration_v1,2026-09-23 19:53:00,42,D2_fraudTest,xgboost,strict,False,555719,2145,,4,0.4,0.5,0,,,,ISOTONIC
calibration_recalibration_v1,2026-09-23 19:53:00,42,D2_fraudTest,xgboost,strict,False,555719,2145,,5,0.5,0.6000000000000001,0,,,,ISOTONIC
calibration_recalibration_v1,2026-09-23 19:53:00,42,D2_fraudTest,xgboost,strict,False,555719,2145,,6,0.6000000000000001,0.7000000000000001,28,0.6626850686395247,0.5,0.1626850686395247,ISOTONIC
calibration_recalibration_v1,2026-09-23 19:53:00,42,D2_fraudTest,xgboost,strict,False,555719,2145,,7,0.7000000000000001,0.8,10,0.7245210472362791,0.7,0.0245210472362791,ISOTONIC
calibration_recalibration_v1,2026-09-23 19:53:00,42,D2_fraudTest,xgboost,strict,False,555719,2145,,8,0.8,0.9,87,0.8601648211120582,0.8275862068965517,0.0325786142155064,ISOTONIC
calibration_recalibration_v1,2026-09-23 19:53:00,42,D2_fraudTest,xgboost,strict,False,555719,2145,,9,0.9,1.0,236,0.9903606417063044,0.9872881355932204,0.0030725061130839,ISOTONIC
calibration_recalibration_v1,2026-09-23 19:55:07,42,D3_PaySim,lightgbm,strict,False,1000000,749,1000000.0,0,0.0,0.1,199520,0.0001158666824347,8.520449077786688e-05,3.066219165691061e-05,RAW
calibration_recalibration_v1,2026-09-23 19:55:07,42,D3_PaySim,lightgbm,strict,False,1000000,749,1000000.0,1,0.1,0.2,120,0.1447271018670661,0.0583333333333333,0.0863937685337327,RAW
calibration_recalibration_v1,2026-09-23 19:55:07,42,D3_PaySim,lightgbm,strict,False,1000000,749,1000000.0,2,0.2,0.3,43,0.2507766428629237,0.0465116279069767,0.2042650149559469,RAW
calibration_recalibration_v1,2026-09-23 19:55:07,42,D3_PaySim,lightgbm,strict,False,1000000,749,1000000.0,3,0.3,0.4,28,0.3483848374063799,0.1071428571428571,0.2412419802635227,RAW
calibration_recalibration_v1,2026-09-23 19:55:07,42,D3_PaySim,lightgbm,strict,False,1000000,749,1000000.0,4,0.4,0.5,23,0.4523179238579899,0.0,0.4523179238579899,RAW
calibration_recalibration_v1,2026-09-23 19:55:07,42,D3_PaySim,lightgbm,strict,False,1000000,749,1000000.0,5,0.5,0.6000000000000001,36,0.5484903242985949,0.1111111111111111,0.4373792131874838,RAW
calibration_recalibration_v1,2026-09-23 19:55:07,42,D3_PaySim,lightgbm,strict,False,1000000,749,1000000.0,6,0.6000000000000001,0.7000000000000001,20,0.6510103590249725,0.0,0.6510103590249725,RAW
calibration_recalibration_v1,2026-09-23 19:55:07,42,D3_PaySim,lightgbm,strict,False,1000000,749,1000000.0,7,0.7000000000000001,0.8,25,0.7506366370261855,0.04,0.7106366370261855,RAW
calibration_recalibration_v1,2026-09-23 19:55:07,42,D3_PaySim,lightgbm,strict,False,1000000,749,1000000.0,8,0.8,0.9,17,0.8574057814716965,0.1764705882352941,0.6809351932364024,RAW
calibration_recalibration_v1,2026-09-23 19:55:07,42,D3_PaySim,lightgbm,strict,False,1000000,749,1000000.0,9,0.9,1.0,168,0.99058583467574,0.6726190476190477,0.3179667870566922,RAW
calibration_recalibration_v1,2026-09-23 19:55:07,42,D3_PaySim,lightgbm,strict,False,1000000,749,1000000.0,0,0.0,0.1,199793,0.0001427799987553,0.0001701761322969,2.739613354160009e-05,PLATT_SIGMOID
calibration_recalibration_v1,2026-09-23 19:55:07,42,D3_PaySim,lightgbm,strict,False,1000000,749,1000000.0,1,0.1,0.2,22,0.1497073892255271,0.0,0.1497073892255271,PLATT_SIGMOID
calibration_recalibration_v1,2026-09-23 19:55:07,42,D3_PaySim,lightgbm,strict,False,1000000,749,1000000.0,2,0.2,0.3,8,0.2568206755830353,0.0,0.2568206755830353,PLATT_SIGMOID
calibration_recalibration_v1,2026-09-23 19:55:07,42,D3_PaySim,lightgbm,strict,False,1000000,749,1000000.0,3,0.3,0.4,9,0.36077400553597,0.3333333333333333,0.0274406722026366,PLATT_SIGMOID
calibration_recalibration_v1,2026-09-23 19:55:07,42,D3_PaySim,lightgbm,strict,False,1000000,749,1000000.0,4,0.4,0.5,9,0.4682505916598127,0.1111111111111111,0.3571394805487016,PLATT_SIGMOID
calibration_recalibration_v1,2026-09-23 19:55:07,42,D3_PaySim,lightgbm,strict,False,1000000,749,1000000.0,5,0.5,0.6000000000000001,26,0.5660340703258483,0.2307692307692307,0.3352648395566175,PLATT_SIGMOID
calibration_recalibration_v1,2026-09-23 19:55:07,42,D3_PaySim,lightgbm,strict,False,1000000,749,1000000.0,6,0.6000000000000001,0.7000000000000001,133,0.6312139697187232,0.7969924812030075,0.1657785114842842,PLATT_SIGMOID
calibration_recalibration_v1,2026-09-23 19:55:07,42,D3_PaySim,lightgbm,strict,False,1000000,749,1000000.0,7,0.7000000000000001,0.8,0,,,,PLATT_SIGMOID
calibration_recalibration_v1,2026-09-23 19:55:07,42,D3_PaySim,lightgbm,strict,False,1000000,749,1000000.0,8,0.8,0.9,0,,,,PLATT_SIGMOID
calibration_recalibration_v1,2026-09-23 19:55:07,42,D3_PaySim,lightgbm,strict,False,1000000,749,1000000.0,9,0.9,1.0,0,,,,PLATT_SIGMOID
calibration_recalibration_v1,2026-09-23 19:55:07,42,D3_PaySim,lightgbm,strict,False,1000000,749,1000000.0,0,0.0,0.1,199733,0.0001985486643623,0.000145193833768,5.335483059426245e-05,ISOTONIC
calibration_recalibration_v1,2026-09-23 19:55:07,42,D3_PaySim,lightgbm,strict,False,1000000,749,1000000.0,1,0.1,0.2,73,0.1517035063729365,0.0684931506849315,0.083210355688005,ISOTONIC
calibration_recalibration_v1,2026-09-23 19:55:07,42,D3_PaySim,lightgbm,strict,False,1000000,749,1000000.0,2,0.2,0.3,78,0.2268553364443775,0.1923076923076923,0.0345476441366852,ISOTONIC
calibration_recalibration_v1,2026-09-23 19:55:07,42,D3_PaySim,lightgbm,strict,False,1000000,749,1000000.0,3,0.3,0.4,1,0.3452072991987395,0.0,0.3452072991987395,ISOTONIC
calibration_recalibration_v1,2026-09-23 19:55:07,42,D3_PaySim,lightgbm,strict,False,1000000,749,1000000.0,4,0.4,0.5,0,,,,ISOTONIC
calibration_recalibration_v1,2026-09-23 19:55:07,42,D3_PaySim,lightgbm,strict,False,1000000,749,1000000.0,5,0.5,0.6000000000000001,0,,,,ISOTONIC
calibration_recalibration_v1,2026-09-23 19:55:07,42,D3_PaySim,lightgbm,strict,False,1000000,749,1000000.0,6,0.6000000000000001,0.7000000000000001,23,0.6500000000000001,0.6521739130434783,0.0021739130434781,ISOTONIC
calibration_recalibration_v1,2026-09-23 19:55:07,42,D3_PaySim,lightgbm,strict,False,1000000,749,1000000.0,7,0.7000000000000001,0.8,0,,,,ISOTONIC
calibration_recalibration_v1,2026-09-23 19:55:07,42,D3_PaySim,lightgbm,strict,False,1000000,749,1000000.0,8,0.8,0.9,9,0.8571428571428571,1.0,0.1428571428571429,ISOTONIC
calibration_recalibration_v1,2026-09-23 19:55:07,42,D3_PaySim,lightgbm,strict,False,1000000,749,1000000.0,9,0.9,1.0,83,0.9748988995983936,0.927710843373494,0.0471880562248997,ISOTONIC
calibration_recalibration_v1,2026-09-23 19:54:06,42,D3_PaySim,xgboost,strict,False,1000000,749,1000000.0,0,0.0,0.1,195020,0.0015626775513295,1.0255358424776944e-05,0.0015524221929047,RAW
calibration_recalibration_v1,2026-09-23 19:54:06,42,D3_PaySim,xgboost,strict,False,1000000,749,1000000.0,1,0.1,0.2,1601,0.1419320117628701,0.0024984384759525,0.1394335732869175,RAW
calibration_recalibration_v1,2026-09-23 19:54:06,42,D3_PaySim,xgboost,strict,False,1000000,749,1000000.0,2,0.2,0.3,899,0.2470882840297113,0.0022246941045606,0.2448635899251507,RAW
calibration_recalibration_v1,2026-09-23 19:54:06,42,D3_PaySim,xgboost,strict,False,1000000,749,1000000.0,3,0.3,0.4,578,0.3466973314545146,0.0,0.3466973314545146,RAW
calibration_recalibration_v1,2026-09-23 19:54:06,42,D3_PaySim,xgboost,strict,False,1000000,749,1000000.0,4,0.4,0.5,404,0.4477087825094119,0.0,0.4477087825094119,RAW
calibration_recalibration_v1,2026-09-23 19:54:06,42,D3_PaySim,xgboost,strict,False,1000000,749,1000000.0,5,0.5,0.6000000000000001,299,0.5477275720806823,0.0,0.5477275720806823,RAW
calibration_recalibration_v1,2026-09-23 19:54:06,42,D3_PaySim,xgboost,strict,False,1000000,749,1000000.0,6,0.6000000000000001,0.7000000000000001,258,0.6494840217191119,0.003875968992248,0.6456080527268638,RAW
calibration_recalibration_v1,2026-09-23 19:54:06,42,D3_PaySim,xgboost,strict,False,1000000,749,1000000.0,7,0.7000000000000001,0.8,262,0.7482581425259132,0.0190839694656488,0.7291741730602643,RAW
calibration_recalibration_v1,2026-09-23 19:54:06,42,D3_PaySim,xgboost,strict,False,1000000,749,1000000.0,8,0.8,0.9,296,0.8514036479833964,0.027027027027027,0.8243766209563694,RAW
calibration_recalibration_v1,2026-09-23 19:54:06,42,D3_PaySim,xgboost,strict,False,1000000,749,1000000.0,9,0.9,1.0,383,0.9633803599497046,0.3342036553524804,0.6291767045972242,RAW
calibration_recalibration_v1,2026-09-23 19:54:06,42,D3_PaySim,xgboost,strict,False,1000000,749,1000000.0,0,0.0,0.1,199429,0.0002467158046112,8.022905394902447e-05,0.0001664867506622,PLATT_SIGMOID
calibration_recalibration_v1,2026-09-23 19:54:06,42,D3_PaySim,xgboost,strict,False,1000000,749,1000000.0,1,0.1,0.2,282,0.1445301963086233,0.0460992907801418,0.0984309055284815,PLATT_SIGMOID
calibration_recalibration_v1,2026-09-23 19:54:06,42,D3_PaySim,xgboost,strict,False,1000000,749,1000000.0,2,0.2,0.3,178,0.2497452396759813,0.1573033707865168,0.0924418688894644,PLATT_SIGMOID
calibration_recalibration_v1,2026-09-23 19:54:06,42,D3_PaySim,xgboost,strict,False,1000000,749,1000000.0,3,0.3,0.4,111,0.3053524684970409,0.8378378378378378,0.5324853693407969,PLATT_SIGMOID
calibration_recalibration_v1,2026-09-23 19:54:06,42,D3_PaySim,xgboost,strict,False,1000000,749,1000000.0,4,0.4,0.5,0,,,,PLATT_SIGMOID
calibration_recalibration_v1,2026-09-23 19:54:06,42,D3_PaySim,xgboost,strict,False,1000000,749,1000000.0,5,0.5,0.6000000000000001,0,,,,PLATT_SIGMOID
calibration_recalibration_v1,2026-09-23 19:54:06,42,D3_PaySim,xgboost,strict,False,1000000,749,1000000.0,6,0.6000000000000001,0.7000000000000001,0,,,,PLATT_SIGMOID
calibration_recalibration_v1,2026-09-23 19:54:06,42,D3_PaySim,xgboost,strict,False,1000000,749,1000000.0,7,0.7000000000000001,0.8,0,,,,PLATT_SIGMOID
calibration_recalibration_v1,2026-09-23 19:54:06,42,D3_PaySim,xgboost,strict,False,1000000,749,1000000.0,8,0.8,0.9,0,,,,PLATT_SIGMOID
calibration_recalibration_v1,2026-09-23 19:54:06,42,D3_PaySim,xgboost,strict,False,1000000,749,1000000.0,9,0.9,1.0,0,,,,PLATT_SIGMOID
calibration_recalibration_v1,2026-09-23 19:54:06,42,D3_PaySim,xgboost,strict,False,1000000,749,1000000.0,0,0.0,0.1,199624,0.0001567961314833,0.0001152166072215,4.157952426174388e-05,ISOTONIC
calibration_recalibration_v1,2026-09-23 19:54:06,42,D3_PaySim,xgboost,strict,False,1000000,749,1000000.0,1,0.1,0.2,241,0.1369927072641544,0.0829875518672199,0.0540051553969345,ISOTONIC
calibration_recalibration_v1,2026-09-23 19:54:06,42,D3_PaySim,xgboost,strict,False,1000000,749,1000000.0,2,0.2,0.3,6,0.2471660448204567,0.3333333333333333,0.0861672885128765,ISOTONIC
calibration_recalibration_v1,2026-09-23 19:54:06,42,D3_PaySim,xgboost,strict,False,1000000,749,1000000.0,3,0.3,0.4,0,,,,ISOTONIC
calibration_recalibration_v1,2026-09-23 19:54:06,42,D3_PaySim,xgboost,strict,False,1000000,749,1000000.0,4,0.4,0.5,0,,,,ISOTONIC
calibration_recalibration_v1,2026-09-23 19:54:06,42,D3_PaySim,xgboost,strict,False,1000000,749,1000000.0,5,0.5,0.6000000000000001,0,,,,ISOTONIC
calibration_recalibration_v1,2026-09-23 19:54:06,42,D3_PaySim,xgboost,strict,False,1000000,749,1000000.0,6,0.6000000000000001,0.7000000000000001,37,0.6451612903225805,0.6486486486486487,0.0034873583260681,ISOTONIC
calibration_recalibration_v1,2026-09-23 19:54:06,42,D3_PaySim,xgboost,strict,False,1000000,749,1000000.0,7,0.7000000000000001,0.8,19,0.7502881595652271,0.8421052631578947,0.0918171035926675,ISOTONIC
calibration_recalibration_v1,2026-09-23 19:54:06,42,D3_PaySim,xgboost,strict,False,1000000,749,1000000.0,8,0.8,0.9,0,,,,ISOTONIC
calibration_recalibration_v1,2026-09-23 19:54:06,42,D3_PaySim,xgboost,strict,False,1000000,749,1000000.0,9,0.9,1.0,73,0.9793435397306602,0.8904109589041096,0.0889325808265506,ISOTONIC
