run_name,timestamp,seed,dataset,model,feature_policy,smoke_test,rows_used,fraud_rows_used,cap_used,bin,bin_low,bin_high,n,mean_score,observed_rate,abs_gap,calibrator
calibration_recalibration_v1,2026-09-23 19:52:19,42,D1_creditcard,xgboost,strict,False,283726,473,,0,0.0,0.1,56630,0.00017906075525305282,0.0003355112131379128,0.00015645045788485997,RAW
calibration_recalibration_v1,2026-09-23 19:52:19,42,D1_creditcard,xgboost,strict,False,283726,473,,1,0.1,0.2,17,0.1366960108280182,0.0,0.1366960108280182,RAW
calibration_recalibration_v1,2026-09-23 19:52:19,42,D1_creditcard,xgboost,strict,False,283726,473,,2,0.2,0.30000000000000004,14,0.2611792672957693,0.07142857142857142,0.18975069586719787,RAW
calibration_recalibration_v1,2026-09-23 19:52:19,42,D1_creditcard,xgboost,strict,False,283726,473,,3,0.30000000000000004,0.4,1,0.3926466405391693,0.0,0.3926466405391693,RAW
calibration_recalibration_v1,2026-09-23 19:52:19,42,D1_creditcard,xgboost,strict,False,283726,473,,4,0.4,0.5,1,0.46447670459747314,0.0,0.46447670459747314,RAW
calibration_recalibration_v1,2026-09-23 19:52:19,42,D1_creditcard,xgboost,strict,False,283726,473,,5,0.5,0.6000000000000001,3,0.5484590331713358,0.3333333333333333,0.2151256998380025,RAW
calibration_recalibration_v1,2026-09-23 19:52:19,42,D1_creditcard,xgboost,strict,False,283726,473,,6,0.6000000000000001,0.7000000000000001,4,0.6488519757986069,0.5,0.14885197579860687,RAW
calibration_recalibration_v1,2026-09-23 19:52:19,42,D1_creditcard,xgboost,strict,False,283726,473,,7,0.7000000000000001,0.8,2,0.7244765162467957,0.5,0.22447651624679565,RAW
calibration_recalibration_v1,2026-09-23 19:52:19,42,D1_creditcard,xgboost,strict,False,283726,473,,8,0.8,0.9,0,,,,RAW
calibration_recalibration_v1,2026-09-23 19:52:19,42,D1_creditcard,xgboost,strict,False,283726,473,,9,0.9,1.0,74,0.9963742792606354,0.9594594594594594,0.036914819801175947,RAW
calibration_recalibration_v1,2026-09-23 19:52:19,42,D1_creditcard,xgboost,strict,False,283726,473,,0,0.0,0.1,56666,0.00041030986724822487,0.00037059259520700244,3.9717272041222434e-05,PLATT_SIGMOID
calibration_recalibration_v1,2026-09-23 19:52:19,42,D1_creditcard,xgboost,strict,False,283726,473,,1,0.1,0.2,3,0.14266204452029915,0.6666666666666666,0.5240046221463674,PLATT_SIGMOID
calibration_recalibration_v1,2026-09-23 19:52:19,42,D1_creditcard,xgboost,strict,False,283726,473,,2,0.2,0.30000000000000004,2,0.2157221778753058,0.5,0.2842778221246942,PLATT_SIGMOID
calibration_recalibration_v1,2026-09-23 19:52:19,42,D1_creditcard,xgboost,strict,False,283726,473,,3,0.30000000000000004,0.4,1,0.3131636553271527,0.0,0.3131636553271527,PLATT_SIGMOID
calibration_recalibration_v1,2026-09-23 19:52:19,42,D1_creditcard,xgboost,strict,False,283726,473,,4,0.4,0.5,0,,,,PLATT_SIGMOID
calibration_recalibration_v1,2026-09-23 19:52:19,42,D1_creditcard,xgboost,strict,False,283726,473,,5,0.5,0.6000000000000001,0,,,,PLATT_SIGMOID
calibration_recalibration_v1,2026-09-23 19:52:19,42,D1_creditcard,xgboost,strict,False,283726,473,,6,0.6000000000000001,0.7000000000000001,1,0.6973946885514565,1.0,0.3026053114485435,PLATT_SIGMOID
calibration_recalibration_v1,2026-09-23 19:52:19,42,D1_creditcard,xgboost,strict,False,283726,473,,7,0.7000000000000001,0.8,2,0.7485650946911322,0.5,0.2485650946911322,PLATT_SIGMOID
calibration_recalibration_v1,2026-09-23 19:52:19,42,D1_creditcard,xgboost,strict,False,283726,473,,8,0.8,0.9,71,0.8302828934882546,0.971830985915493,0.14154809242723843,PLATT_SIGMOID
calibration_recalibration_v1,2026-09-23 19:52:19,42,D1_creditcard,xgboost,strict,False,283726,473,,9,0.9,1.0,0,,,,PLATT_SIGMOID
calibration_recalibration_v1,2026-09-23 19:52:19,42,D1_creditcard,xgboost,strict,False,283726,473,,0,0.0,0.1,56654,0.00021596951352800307,0.00035302008684294137,0.0001370505733149383,ISOTONIC
calibration_recalibration_v1,2026-09-23 19:52:19,42,D1_creditcard,xgboost,strict,False,283726,473,,1,0.1,0.2,7,0.15415585951791075,0.0,0.15415585951791075,ISOTONIC
calibration_recalibration_v1,2026-09-23 19:52:19,42,D1_creditcard,xgboost,strict,False,283726,473,,2,0.2,0.30000000000000004,13,0.24210878413335568,0.46153846153846156,0.21942967740510588,ISOTONIC
calibration_recalibration_v1,2026-09-23 19:52:19,42,D1_creditcard,xgboost,strict,False,283726,473,,3,0.30000000000000004,0.4,0,,,,ISOTONIC
calibration_recalibration_v1,2026-09-23 19:52:19,42,D1_creditcard,xgboost,strict,False,283726,473,,4,0.4,0.5,0,,,,ISOTONIC
calibration_recalibration_v1,2026-09-23 19:52:19,42,D1_creditcard,xgboost,strict,False,283726,473,,5,0.5,0.6000000000000001,0,,,,ISOTONIC
calibration_recalibration_v1,2026-09-23 19:52:19,42,D1_creditcard,xgboost,strict,False,283726,473,,6,0.6000000000000001,0.7000000000000001,0,,,,ISOTONIC
calibration_recalibration_v1,2026-09-23 19:52:19,42,D1_creditcard,xgboost,strict,False,283726,473,,7,0.7000000000000001,0.8,4,0.75,0.75,0.0,ISOTONIC
calibration_recalibration_v1,2026-09-23 19:52:19,42,D1_creditcard,xgboost,strict,False,283726,473,,8,0.8,0.9,0,,,,ISOTONIC
calibration_recalibration_v1,2026-09-23 19:52:19,42,D1_creditcard,xgboost,strict,False,283726,473,,9,0.9,1.0,68,0.9870584705882354,0.9705882352941176,0.01647023529411773,ISOTONIC
calibration_recalibration_v1,2026-09-23 19:52:46,42,D1_creditcard,lightgbm,strict,False,283726,473,,0,0.0,0.1,56665,3.1193739713560366e-06,0.0003705991352686844,0.00036747976129732833,RAW
calibration_recalibration_v1,2026-09-23 19:52:46,42,D1_creditcard,lightgbm,strict,False,283726,473,,1,0.1,0.2,3,0.14829235262266519,0.6666666666666666,0.5183743140440015,RAW
calibration_recalibration_v1,2026-09-23 19:52:46,42,D1_creditcard,lightgbm,strict,False,283726,473,,2,0.2,0.30000000000000004,1,0.27410611693306147,1.0,0.7258938830669386,RAW
calibration_recalibration_v1,2026-09-23 19:52:46,42,D1_creditcard,lightgbm,strict,False,283726,473,,3,0.30000000000000004,0.4,2,0.3625339711823261,0.0,0.3625339711823261,RAW
calibration_recalibration_v1,2026-09-23 19:52:46,42,D1_creditcard,lightgbm,strict,False,283726,473,,4,0.4,0.5,0,,,,RAW
calibration_recalibration_v1,2026-09-23 19:52:46,42,D1_creditcard,lightgbm,strict,False,283726,473,,5,0.5,0.6000000000000001,1,0.534536040592598,1.0,0.46546395940740204,RAW
calibration_recalibration_v1,2026-09-23 19:52:46,42,D1_creditcard,lightgbm,strict,False,283726,473,,6,0.6000000000000001,0.7000000000000001,0,,,,RAW
calibration_recalibration_v1,2026-09-23 19:52:46,42,D1_creditcard,lightgbm,strict,False,283726,473,,7,0.7000000000000001,0.8,0,,,,RAW
calibration_recalibration_v1,2026-09-23 19:52:46,42,D1_creditcard,lightgbm,strict,False,283726,473,,8,0.8,0.9,1,0.8820761839168562,0.0,0.8820761839168562,RAW
calibration_recalibration_v1,2026-09-23 19:52:46,42,D1_creditcard,lightgbm,strict,False,283726,473,,9,0.9,1.0,73,0.9996285581114749,0.958904109589041,0.04072444852243384,RAW
calibration_recalibration_v1,2026-09-23 19:52:46,42,D1_creditcard,lightgbm,strict,False,283726,473,,0,0.0,0.1,56672,0.0004430111767345885,0.00044113495200451725,1.8762247300712427e-06,PLATT_SIGMOID
calibration_recalibration_v1,2026-09-23 19:52:46,42,D1_creditcard,lightgbm,strict,False,283726,473,,1,0.1,0.2,0,,,,PLATT_SIGMOID
calibration_recalibration_v1,2026-09-23 19:52:46,42,D1_creditcard,lightgbm,strict,False,283726,473,,2,0.2,0.30000000000000004,0,,,,PLATT_SIGMOID
calibration_recalibration_v1,2026-09-23 19:52:46,42,D1_creditcard,lightgbm,strict,False,283726,473,,3,0.30000000000000004,0.4,0,,,,PLATT_SIGMOID
calibration_recalibration_v1,2026-09-23 19:52:46,42,D1_creditcard,lightgbm,strict,False,283726,473,,4,0.4,0.5,0,,,,PLATT_SIGMOID
calibration_recalibration_v1,2026-09-23 19:52:46,42,D1_creditcard,lightgbm,strict,False,283726,473,,5,0.5,0.6000000000000001,0,,,,PLATT_SIGMOID
calibration_recalibration_v1,2026-09-23 19:52:46,42,D1_creditcard,lightgbm,strict,False,283726,473,,6,0.6000000000000001,0.7000000000000001,1,0.6529406841385144,0.0,0.6529406841385144,PLATT_SIGMOID
calibration_recalibration_v1,2026-09-23 19:52:46,42,D1_creditcard,lightgbm,strict,False,283726,473,,7,0.7000000000000001,0.8,0,,,,PLATT_SIGMOID
calibration_recalibration_v1,2026-09-23 19:52:46,42,D1_creditcard,lightgbm,strict,False,283726,473,,8,0.8,0.9,73,0.8513942061630927,0.958904109589041,0.10750990342594835,PLATT_SIGMOID
calibration_recalibration_v1,2026-09-23 19:52:46,42,D1_creditcard,lightgbm,strict,False,283726,473,,9,0.9,1.0,0,,,,PLATT_SIGMOID
calibration_recalibration_v1,2026-09-23 19:52:46,42,D1_creditcard,lightgbm,strict,False,283726,473,,0,0.0,0.1,56663,0.00021468084236980165,0.0003529640153186383,0.00013828317294883663,ISOTONIC
calibration_recalibration_v1,2026-09-23 19:52:46,42,D1_creditcard,lightgbm,strict,False,283726,473,,1,0.1,0.2,2,0.125,0.5,0.375,ISOTONIC
calibration_recalibration_v1,2026-09-23 19:52:46,42,D1_creditcard,lightgbm,strict,False,283726,473,,2,0.2,0.30000000000000004,1,0.2888011427641495,1.0,0.7111988572358505,ISOTONIC
calibration_recalibration_v1,2026-09-23 19:52:46,42,D1_creditcard,lightgbm,strict,False,283726,473,,3,0.30000000000000004,0.4,7,0.3333333333333333,0.42857142857142855,0.09523809523809523,ISOTONIC
calibration_recalibration_v1,2026-09-23 19:52:46,42,D1_creditcard,lightgbm,strict,False,283726,473,,4,0.4,0.5,0,,,,ISOTONIC
calibration_recalibration_v1,2026-09-23 19:52:46,42,D1_creditcard,lightgbm,strict,False,283726,473,,5,0.5,0.6000000000000001,0,,,,ISOTONIC
calibration_recalibration_v1,2026-09-23 19:52:46,42,D1_creditcard,lightgbm,strict,False,283726,473,,6,0.6000000000000001,0.7000000000000001,0,,,,ISOTONIC
calibration_recalibration_v1,2026-09-23 19:52:46,42,D1_creditcard,lightgbm,strict,False,283726,473,,7,0.7000000000000001,0.8,0,,,,ISOTONIC
calibration_recalibration_v1,2026-09-23 19:52:46,42,D1_creditcard,lightgbm,strict,False,283726,473,,8,0.8,0.9,0,,,,ISOTONIC
calibration_recalibration_v1,2026-09-23 19:52:46,42,D1_creditcard,lightgbm,strict,False,283726,473,,9,0.9,1.0,73,0.9874999999999999,0.958904109589041,0.02859589041095889,ISOTONIC
calibration_recalibration_v1,2026-09-23 19:53:00,42,D2_fraudTest,xgboost,strict,False,555719,2145,,0,0.0,0.1,107883,0.004510029538531025,9.269301002011438e-05,0.00441733652851091,RAW
calibration_recalibration_v1,2026-09-23 19:53:00,42,D2_fraudTest,xgboost,strict,False,555719,2145,,1,0.1,0.2,1153,0.14238569608276447,0.003469210754553339,0.13891648532821113,RAW
calibration_recalibration_v1,2026-09-23 19:53:00,42,D2_fraudTest,xgboost,strict,False,555719,2145,,2,0.2,0.30000000000000004,512,0.24760368079296313,0.005859375,0.24174430579296313,RAW
calibration_recalibration_v1,2026-09-23 19:53:00,42,D2_fraudTest,xgboost,strict,False,555719,2145,,3,0.30000000000000004,0.4,274,0.3474619901963394,0.014598540145985401,0.332863450050354,RAW
calibration_recalibration_v1,2026-09-23 19:53:00,42,D2_fraudTest,xgboost,strict,False,555719,2145,,4,0.4,0.5,210,0.44617995988755,0.01904761904761905,0.42713234083993096,RAW
calibration_recalibration_v1,2026-09-23 19:53:00,42,D2_fraudTest,xgboost,strict,False,555719,2145,,5,0.5,0.6000000000000001,185,0.5498830518207034,0.032432432432432434,0.517450619388271,RAW
calibration_recalibration_v1,2026-09-23 19:53:00,42,D2_fraudTest,xgboost,strict,False,555719,2145,,6,0.6000000000000001,0.7000000000000001,118,0.6493244812650195,0.00847457627118644,0.6408499049938331,RAW
calibration_recalibration_v1,2026-09-23 19:53:00,42,D2_fraudTest,xgboost,strict,False,555719,2145,,7,0.7000000000000001,0.8,157,0.7507209143820842,0.07006369426751592,0.6806572201145683,RAW
calibration_recalibration_v1,2026-09-23 19:53:00,42,D2_fraudTest,xgboost,strict,False,555719,2145,,8,0.8,0.9,133,0.8497694950354727,0.11278195488721804,0.7369875401482546,RAW
calibration_recalibration_v1,2026-09-23 19:53:00,42,D2_fraudTest,xgboost,strict,False,555719,2145,,9,0.9,1.0,519,0.9785034881621197,0.7148362235067437,0.26366726465537604,RAW
calibration_recalibration_v1,2026-09-23 19:53:00,42,D2_fraudTest,xgboost,strict,False,555719,2145,,0,0.0,0.1,110307,0.00043842972667623074,0.0002900994497176063,0.00014833027695862445,PLATT_SIGMOID
calibration_recalibration_v1,2026-09-23 19:53:00,42,D2_fraudTest,xgboost,strict,False,555719,2145,,1,0.1,0.2,128,0.14642429106197716,0.03125,0.11517429106197716,PLATT_SIGMOID
calibration_recalibration_v1,2026-09-23 19:53:00,42,D2_fraudTest,xgboost,strict,False,555719,2145,,2,0.2,0.30000000000000004,93,0.24581328486761903,0.12903225806451613,0.1167810268031029,PLATT_SIGMOID
calibration_recalibration_v1,2026-09-23 19:53:00,42,D2_fraudTest,xgboost,strict,False,555719,2145,,3,0.30000000000000004,0.4,64,0.3472064785480333,0.109375,0.23783147854803333,PLATT_SIGMOID
calibration_recalibration_v1,2026-09-23 19:53:00,42,D2_fraudTest,xgboost,strict,False,555719,2145,,4,0.4,0.5,64,0.4523656047304981,0.078125,0.3742406047304981,PLATT_SIGMOID
calibration_recalibration_v1,2026-09-23 19:53:00,42,D2_fraudTest,xgboost,strict,False,555719,2145,,5,0.5,0.6000000000000001,101,0.5530585544130684,0.31683168316831684,0.23622687124475156,PLATT_SIGMOID
calibration_recalibration_v1,2026-09-23 19:53:00,42,D2_fraudTest,xgboost,strict,False,555719,2145,,6,0.6000000000000001,0.7000000000000001,387,0.6588709651468652,0.8708010335917312,0.21193006844486606,PLATT_SIGMOID
calibration_recalibration_v1,2026-09-23 19:53:00,42,D2_fraudTest,xgboost,strict,False,555719,2145,,7,0.7000000000000001,0.8,0,,,,PLATT_SIGMOID
calibration_recalibration_v1,2026-09-23 19:53:00,42,D2_fraudTest,xgboost,strict,False,555719,2145,,8,0.8,0.9,0,,,,PLATT_SIGMOID
calibration_recalibration_v1,2026-09-23 19:53:00,42,D2_fraudTest,xgboost,strict,False,555719,2145,,9,0.9,1.0,0,,,,PLATT_SIGMOID
calibration_recalibration_v1,2026-09-23 19:53:00,42,D2_fraudTest,xgboost,strict,False,555719,2145,,0,0.0,0.1,110554,0.0005822818311174699,0.00046131302349982815,0.00012096880761764176,ISOTONIC
calibration_recalibration_v1,2026-09-23 19:53:00,42,D2_fraudTest,xgboost,strict,False,555719,2145,,1,0.1,0.2,175,0.1572528372528373,0.17714285714285713,0.019890019890019817,ISOTONIC
calibration_recalibration_v1,2026-09-23 19:53:00,42,D2_fraudTest,xgboost,strict,False,555719,2145,,2,0.2,0.30000000000000004,12,0.2504599621891932,0.5,0.2495400378108068,ISOTONIC
calibration_recalibration_v1,2026-09-23 19:53:00,42,D2_fraudTest,xgboost,strict,False,555719,2145,,3,0.30000000000000004,0.4,42,0.35511191772534784,0.35714285714285715,0.0020309394175093143,ISOTONIC
calibration_recalibration_v1,2026-09-23 19:53:00,42,D2_fraudTest,xgboost,strict,False,555719,2145,,4,0.4,0.5,0,,,,ISOTONIC
calibration_recalibration_v1,2026-09-23 19:53:00,42,D2_fraudTest,xgboost,strict,False,555719,2145,,5,0.5,0.6000000000000001,0,,,,ISOTONIC
calibration_recalibration_v1,2026-09-23 19:53:00,42,D2_fraudTest,xgboost,strict,False,555719,2145,,6,0.6000000000000001,0.7000000000000001,28,0.6626850686395247,0.5,0.1626850686395247,ISOTONIC
calibration_recalibration_v1,2026-09-23 19:53:00,42,D2_fraudTest,xgboost,strict,False,555719,2145,,7,0.7000000000000001,0.8,10,0.7245210472362791,0.7,0.024521047236279125,ISOTONIC
calibration_recalibration_v1,2026-09-23 19:53:00,42,D2_fraudTest,xgboost,strict,False,555719,2145,,8,0.8,0.9,87,0.8601648211120582,0.8275862068965517,0.03257861421550645,ISOTONIC
calibration_recalibration_v1,2026-09-23 19:53:00,42,D2_fraudTest,xgboost,strict,False,555719,2145,,9,0.9,1.0,236,0.9903606417063043,0.9872881355932204,0.0030725061130839615,ISOTONIC
calibration_recalibration_v1,2026-09-23 19:53:33,42,D2_fraudTest,lightgbm,strict,False,555719,2145,,0,0.0,0.1,110361,0.0003447598301583069,0.00023559047127155426,0.00010916935888675262,RAW
calibration_recalibration_v1,2026-09-23 19:53:33,42,D2_fraudTest,lightgbm,strict,False,555719,2145,,1,0.1,0.2,133,0.13873114851355176,0.022556390977443608,0.11617475753610815,RAW
calibration_recalibration_v1,2026-09-23 19:53:33,42,D2_fraudTest,lightgbm,strict,False,555719,2145,,2,0.2,0.30000000000000004,57,0.24120960109436956,0.07017543859649122,0.17103416249787834,RAW
calibration_recalibration_v1,2026-09-23 19:53:33,42,D2_fraudTest,lightgbm,strict,False,555719,2145,,3,0.30000000000000004,0.4,36,0.35559193608435097,0.027777777777777776,0.3278141583065732,RAW
calibration_recalibration_v1,2026-09-23 19:53:33,42,D2_fraudTest,lightgbm,strict,False,555719,2145,,4,0.4,0.5,42,0.4464279949706128,0.21428571428571427,0.23214228068489853,RAW
calibration_recalibration_v1,2026-09-23 19:53:33,42,D2_fraudTest,lightgbm,strict,False,555719,2145,,5,0.5,0.6000000000000001,22,0.5499501484967492,0.18181818181818182,0.36813196667856735,RAW
calibration_recalibration_v1,2026-09-23 19:53:33,42,D2_fraudTest,lightgbm,strict,False,555719,2145,,6,0.6000000000000001,0.7000000000000001,32,0.6494966642297175,0.1875,0.4619966642297175,RAW
calibration_recalibration_v1,2026-09-23 19:53:33,42,D2_fraudTest,lightgbm,strict,False,555719,2145,,7,0.7000000000000001,0.8,30,0.7567421097291592,0.13333333333333333,0.6234087763958259,RAW
calibration_recalibration_v1,2026-09-23 19:53:33,42,D2_fraudTest,lightgbm,strict,False,555719,2145,,8,0.8,0.9,31,0.8567090431854854,0.25806451612903225,0.5986445270564531,RAW
calibration_recalibration_v1,2026-09-23 19:53:33,42,D2_fraudTest,lightgbm,strict,False,555719,2145,,9,0.9,1.0,400,0.9927736905136905,0.91,0.08277369051369043,RAW
calibration_recalibration_v1,2026-09-23 19:53:33,42,D2_fraudTest,lightgbm,strict,False,555719,2145,,0,0.0,0.1,110644,0.0004987554475787731,0.0004157478037670366,8.300764381173652e-05,PLATT_SIGMOID
calibration_recalibration_v1,2026-09-23 19:53:33,42,D2_fraudTest,lightgbm,strict,False,555719,2145,,1,0.1,0.2,22,0.16113778528350545,0.18181818181818182,0.020680396534676376,PLATT_SIGMOID
calibration_recalibration_v1,2026-09-23 19:53:33,42,D2_fraudTest,lightgbm,strict,False,555719,2145,,2,0.2,0.30000000000000004,15,0.25547981844904843,0.2,0.055479818449048424,PLATT_SIGMOID
calibration_recalibration_v1,2026-09-23 19:53:33,42,D2_fraudTest,lightgbm,strict,False,555719,2145,,3,0.30000000000000004,0.4,11,0.3485853107440931,0.09090909090909091,0.2576762198350022,PLATT_SIGMOID
calibration_recalibration_v1,2026-09-23 19:53:33,42,D2_fraudTest,lightgbm,strict,False,555719,2145,,4,0.4,0.5,13,0.4585541474392737,0.15384615384615385,0.30470799359311984,PLATT_SIGMOID
calibration_recalibration_v1,2026-09-23 19:53:33,42,D2_fraudTest,lightgbm,strict,False,555719,2145,,5,0.5,0.6000000000000001,12,0.5377244458891164,0.08333333333333333,0.45439111255578307,PLATT_SIGMOID
calibration_recalibration_v1,2026-09-23 19:53:33,42,D2_fraudTest,lightgbm,strict,False,555719,2145,,6,0.6000000000000001,0.7000000000000001,13,0.6440519634725491,0.3076923076923077,0.3363596557802414,PLATT_SIGMOID
calibration_recalibration_v1,2026-09-23 19:53:33,42,D2_fraudTest,lightgbm,strict,False,555719,2145,,7,0.7000000000000001,0.8,20,0.7497692067277392,0.2,0.5497692067277391,PLATT_SIGMOID
calibration_recalibration_v1,2026-09-23 19:53:33,42,D2_fraudTest,lightgbm,strict,False,555719,2145,,8,0.8,0.9,394,0.8908094975895186,0.9238578680203046,0.03304837043078601,PLATT_SIGMOID
calibration_recalibration_v1,2026-09-23 19:53:33,42,D2_fraudTest,lightgbm,strict,False,555719,2145,,9,0.9,1.0,0,,,,PLATT_SIGMOID
calibration_recalibration_v1,2026-09-23 19:53:33,42,D2_fraudTest,lightgbm,strict,False,555719,2145,,0,0.0,0.1,110623,0.0005004477527636257,0.0003796678810012384,0.00012077987176238732,ISOTONIC
calibration_recalibration_v1,2026-09-23 19:53:33,42,D2_fraudTest,lightgbm,strict,False,555719,2145,,1,0.1,0.2,101,0.12141525710999426,0.15841584158415842,0.037000584474164155,ISOTONIC
calibration_recalibration_v1,2026-09-23 19:53:33,42,D2_fraudTest,lightgbm,strict,False,555719,2145,,2,0.2,0.30000000000000004,20,0.24084960289372073,0.35,0.10915039710627925,ISOTONIC
calibration_recalibration_v1,2026-09-23 19:53:33,42,D2_fraudTest,lightgbm,strict,False,555719,2145,,3,0.30000000000000004,0.4,3,0.3479454083239275,0.0,0.3479454083239275,ISOTONIC
calibration_recalibration_v1,2026-09-23 19:53:33,42,D2_fraudTest,lightgbm,strict,False,555719,2145,,4,0.4,0.5,0,,,,ISOTONIC
calibration_recalibration_v1,2026-09-23 19:53:33,42,D2_fraudTest,lightgbm,strict,False,555719,2145,,5,0.5,0.6000000000000001,40,0.5778153130935146,0.5,0.07781531309351464,ISOTONIC
calibration_recalibration_v1,2026-09-23 19:53:33,42,D2_fraudTest,lightgbm,strict,False,555719,2145,,6,0.6000000000000001,0.7000000000000001,3,0.6323294876596858,0.6666666666666666,0.034337179006980856,ISOTONIC
calibration_recalibration_v1,2026-09-23 19:53:33,42,D2_fraudTest,lightgbm,strict,False,555719,2145,,7,0.7000000000000001,0.8,30,0.7403632167363174,0.8,0.0596367832636826,ISOTONIC
calibration_recalibration_v1,2026-09-23 19:53:33,42,D2_fraudTest,lightgbm,strict,False,555719,2145,,8,0.8,0.9,0,,,,ISOTONIC
calibration_recalibration_v1,2026-09-23 19:53:33,42,D2_fraudTest,lightgbm,strict,False,555719,2145,,9,0.9,1.0,324,0.9946412860853239,0.9814814814814815,0.013159804603842362,ISOTONIC
calibration_recalibration_v1,2026-09-23 19:54:06,42,D3_PaySim,xgboost,strict,False,1000000,749,1000000,0,0.0,0.1,195020,0.0015626775513295226,1.0255358424776945e-05,0.0015524221929047457,RAW
calibration_recalibration_v1,2026-09-23 19:54:06,42,D3_PaySim,xgboost,strict,False,1000000,749,1000000,1,0.1,0.2,1601,0.1419320117628701,0.0024984384759525295,0.13943357328691758,RAW
calibration_recalibration_v1,2026-09-23 19:54:06,42,D3_PaySim,xgboost,strict,False,1000000,749,1000000,2,0.2,0.30000000000000004,899,0.24708828402971134,0.002224694104560623,0.24486358992515073,RAW
calibration_recalibration_v1,2026-09-23 19:54:06,42,D3_PaySim,xgboost,strict,False,1000000,749,1000000,3,0.30000000000000004,0.4,578,0.34669733145451465,0.0,0.34669733145451465,RAW
calibration_recalibration_v1,2026-09-23 19:54:06,42,D3_PaySim,xgboost,strict,False,1000000,749,1000000,4,0.4,0.5,404,0.44770878250941193,0.0,0.44770878250941193,RAW
calibration_recalibration_v1,2026-09-23 19:54:06,42,D3_PaySim,xgboost,strict,False,1000000,749,1000000,5,0.5,0.6000000000000001,299,0.5477275720806823,0.0,0.5477275720806823,RAW
calibration_recalibration_v1,2026-09-23 19:54:06,42,D3_PaySim,xgboost,strict,False,1000000,749,1000000,6,0.6000000000000001,0.7000000000000001,258,0.6494840217191119,0.003875968992248062,0.6456080527268638,RAW
calibration_recalibration_v1,2026-09-23 19:54:06,42,D3_PaySim,xgboost,strict,False,1000000,749,1000000,7,0.7000000000000001,0.8,262,0.7482581425259132,0.019083969465648856,0.7291741730602643,RAW
calibration_recalibration_v1,2026-09-23 19:54:06,42,D3_PaySim,xgboost,strict,False,1000000,749,1000000,8,0.8,0.9,296,0.8514036479833964,0.02702702702702703,0.8243766209563694,RAW
calibration_recalibration_v1,2026-09-23 19:54:06,42,D3_PaySim,xgboost,strict,False,1000000,749,1000000,9,0.9,1.0,383,0.9633803599497046,0.3342036553524804,0.6291767045972242,RAW
calibration_recalibration_v1,2026-09-23 19:54:06,42,D3_PaySim,xgboost,strict,False,1000000,749,1000000,0,0.0,0.1,199429,0.00024671580461124053,8.022905394902447e-05,0.00016648675066221607,PLATT_SIGMOID
calibration_recalibration_v1,2026-09-23 19:54:06,42,D3_PaySim,xgboost,strict,False,1000000,749,1000000,1,0.1,0.2,282,0.14453019630862335,0.04609929078014184,0.09843090552848151,PLATT_SIGMOID
calibration_recalibration_v1,2026-09-23 19:54:06,42,D3_PaySim,xgboost,strict,False,1000000,749,1000000,2,0.2,0.30000000000000004,178,0.24974523967598133,0.15730337078651685,0.09244186888946448,PLATT_SIGMOID
calibration_recalibration_v1,2026-09-23 19:54:06,42,D3_PaySim,xgboost,strict,False,1000000,749,1000000,3,0.30000000000000004,0.4,111,0.30535246849704095,0.8378378378378378,0.5324853693407969,PLATT_SIGMOID
calibration_recalibration_v1,2026-09-23 19:54:06,42,D3_PaySim,xgboost,strict,False,1000000,749,1000000,4,0.4,0.5,0,,,,PLATT_SIGMOID
calibration_recalibration_v1,2026-09-23 19:54:06,42,D3_PaySim,xgboost,strict,False,1000000,749,1000000,5,0.5,0.6000000000000001,0,,,,PLATT_SIGMOID
calibration_recalibration_v1,2026-09-23 19:54:06,42,D3_PaySim,xgboost,strict,False,1000000,749,1000000,6,0.6000000000000001,0.7000000000000001,0,,,,PLATT_SIGMOID
calibration_recalibration_v1,2026-09-23 19:54:06,42,D3_PaySim,xgboost,strict,False,1000000,749,1000000,7,0.7000000000000001,0.8,0,,,,PLATT_SIGMOID
calibration_recalibration_v1,2026-09-23 19:54:06,42,D3_PaySim,xgboost,strict,False,1000000,749,1000000,8,0.8,0.9,0,,,,PLATT_SIGMOID
calibration_recalibration_v1,2026-09-23 19:54:06,42,D3_PaySim,xgboost,strict,False,1000000,749,1000000,9,0.9,1.0,0,,,,PLATT_SIGMOID
calibration_recalibration_v1,2026-09-23 19:54:06,42,D3_PaySim,xgboost,strict,False,1000000,749,1000000,0,0.0,0.1,199624,0.00015679613148332044,0.00011521660722157656,4.157952426174388e-05,ISOTONIC
calibration_recalibration_v1,2026-09-23 19:54:06,42,D3_PaySim,xgboost,strict,False,1000000,749,1000000,1,0.1,0.2,241,0.13699270726415447,0.08298755186721991,0.054005155396934554,ISOTONIC
calibration_recalibration_v1,2026-09-23 19:54:06,42,D3_PaySim,xgboost,strict,False,1000000,749,1000000,2,0.2,0.30000000000000004,6,0.24716604482045676,0.3333333333333333,0.08616728851287656,ISOTONIC
calibration_recalibration_v1,2026-09-23 19:54:06,42,D3_PaySim,xgboost,strict,False,1000000,749,1000000,3,0.30000000000000004,0.4,0,,,,ISOTONIC
calibration_recalibration_v1,2026-09-23 19:54:06,42,D3_PaySim,xgboost,strict,False,1000000,749,1000000,4,0.4,0.5,0,,,,ISOTONIC
calibration_recalibration_v1,2026-09-23 19:54:06,42,D3_PaySim,xgboost,strict,False,1000000,749,1000000,5,0.5,0.6000000000000001,0,,,,ISOTONIC
calibration_recalibration_v1,2026-09-23 19:54:06,42,D3_PaySim,xgboost,strict,False,1000000,749,1000000,6,0.6000000000000001,0.7000000000000001,37,0.6451612903225805,0.6486486486486487,0.0034873583260681684,ISOTONIC
calibration_recalibration_v1,2026-09-23 19:54:06,42,D3_PaySim,xgboost,strict,False,1000000,749,1000000,7,0.7000000000000001,0.8,19,0.7502881595652271,0.8421052631578947,0.09181710359266759,ISOTONIC
calibration_recalibration_v1,2026-09-23 19:54:06,42,D3_PaySim,xgboost,strict,False,1000000,749,1000000,8,0.8,0.9,0,,,,ISOTONIC
calibration_recalibration_v1,2026-09-23 19:54:06,42,D3_PaySim,xgboost,strict,False,1000000,749,1000000,9,0.9,1.0,73,0.9793435397306602,0.8904109589041096,0.08893258082655064,ISOTONIC
calibration_recalibration_v1,2026-09-23 19:55:07,42,D3_PaySim,lightgbm,strict,False,1000000,749,1000000,0,0.0,0.1,199520,0.00011586668243477749,8.520449077786688e-05,3.066219165691061e-05,RAW
calibration_recalibration_v1,2026-09-23 19:55:07,42,D3_PaySim,lightgbm,strict,False,1000000,749,1000000,1,0.1,0.2,120,0.1447271018670661,0.058333333333333334,0.08639376853373278,RAW
calibration_recalibration_v1,2026-09-23 19:55:07,42,D3_PaySim,lightgbm,strict,False,1000000,749,1000000,2,0.2,0.30000000000000004,43,0.2507766428629237,0.046511627906976744,0.20426501495594698,RAW
calibration_recalibration_v1,2026-09-23 19:55:07,42,D3_PaySim,lightgbm,strict,False,1000000,749,1000000,3,0.30000000000000004,0.4,28,0.3483848374063799,0.10714285714285714,0.24124198026352273,RAW
calibration_recalibration_v1,2026-09-23 19:55:07,42,D3_PaySim,lightgbm,strict,False,1000000,749,1000000,4,0.4,0.5,23,0.4523179238579899,0.0,0.4523179238579899,RAW
calibration_recalibration_v1,2026-09-23 19:55:07,42,D3_PaySim,lightgbm,strict,False,1000000,749,1000000,5,0.5,0.6000000000000001,36,0.5484903242985949,0.1111111111111111,0.4373792131874838,RAW
calibration_recalibration_v1,2026-09-23 19:55:07,42,D3_PaySim,lightgbm,strict,False,1000000,749,1000000,6,0.6000000000000001,0.7000000000000001,20,0.6510103590249725,0.0,0.6510103590249725,RAW
calibration_recalibration_v1,2026-09-23 19:55:07,42,D3_PaySim,lightgbm,strict,False,1000000,749,1000000,7,0.7000000000000001,0.8,25,0.7506366370261855,0.04,0.7106366370261855,RAW
calibration_recalibration_v1,2026-09-23 19:55:07,42,D3_PaySim,lightgbm,strict,False,1000000,749,1000000,8,0.8,0.9,17,0.8574057814716965,0.17647058823529413,0.6809351932364024,RAW
calibration_recalibration_v1,2026-09-23 19:55:07,42,D3_PaySim,lightgbm,strict,False,1000000,749,1000000,9,0.9,1.0,168,0.9905858346757399,0.6726190476190477,0.31796678705669223,RAW
calibration_recalibration_v1,2026-09-23 19:55:07,42,D3_PaySim,lightgbm,strict,False,1000000,749,1000000,0,0.0,0.1,199793,0.00014277999875532722,0.0001701761322969273,2.7396133541600094e-05,PLATT_SIGMOID
calibration_recalibration_v1,2026-09-23 19:55:07,42,D3_PaySim,lightgbm,strict,False,1000000,749,1000000,1,0.1,0.2,22,0.14970738922552715,0.0,0.14970738922552715,PLATT_SIGMOID
calibration_recalibration_v1,2026-09-23 19:55:07,42,D3_PaySim,lightgbm,strict,False,1000000,749,1000000,2,0.2,0.30000000000000004,8,0.25682067558303534,0.0,0.25682067558303534,PLATT_SIGMOID
calibration_recalibration_v1,2026-09-23 19:55:07,42,D3_PaySim,lightgbm,strict,False,1000000,749,1000000,3,0.30000000000000004,0.4,9,0.36077400553597,0.3333333333333333,0.027440672202636684,PLATT_SIGMOID
calibration_recalibration_v1,2026-09-23 19:55:07,42,D3_PaySim,lightgbm,strict,False,1000000,749,1000000,4,0.4,0.5,9,0.4682505916598127,0.1111111111111111,0.3571394805487016,PLATT_SIGMOID
calibration_recalibration_v1,2026-09-23 19:55:07,42,D3_PaySim,lightgbm,strict,False,1000000,749,1000000,5,0.5,0.6000000000000001,26,0.5660340703258483,0.23076923076923078,0.3352648395566175,PLATT_SIGMOID
calibration_recalibration_v1,2026-09-23 19:55:07,42,D3_PaySim,lightgbm,strict,False,1000000,749,1000000,6,0.6000000000000001,0.7000000000000001,133,0.6312139697187232,0.7969924812030075,0.16577851148428424,PLATT_SIGMOID
calibration_recalibration_v1,2026-09-23 19:55:07,42,D3_PaySim,lightgbm,strict,False,1000000,749,1000000,7,0.7000000000000001,0.8,0,,,,PLATT_SIGMOID
calibration_recalibration_v1,2026-09-23 19:55:07,42,D3_PaySim,lightgbm,strict,False,1000000,749,1000000,8,0.8,0.9,0,,,,PLATT_SIGMOID
calibration_recalibration_v1,2026-09-23 19:55:07,42,D3_PaySim,lightgbm,strict,False,1000000,749,1000000,9,0.9,1.0,0,,,,PLATT_SIGMOID
calibration_recalibration_v1,2026-09-23 19:55:07,42,D3_PaySim,lightgbm,strict,False,1000000,749,1000000,0,0.0,0.1,199733,0.00019854866436234283,0.00014519383376808038,5.3354830594262454e-05,ISOTONIC
calibration_recalibration_v1,2026-09-23 19:55:07,42,D3_PaySim,lightgbm,strict,False,1000000,749,1000000,1,0.1,0.2,73,0.1517035063729365,0.0684931506849315,0.083210355688005,ISOTONIC
calibration_recalibration_v1,2026-09-23 19:55:07,42,D3_PaySim,lightgbm,strict,False,1000000,749,1000000,2,0.2,0.30000000000000004,78,0.22685533644437755,0.19230769230769232,0.034547644136685235,ISOTONIC
calibration_recalibration_v1,2026-09-23 19:55:07,42,D3_PaySim,lightgbm,strict,False,1000000,749,1000000,3,0.30000000000000004,0.4,1,0.34520729919873955,0.0,0.34520729919873955,ISOTONIC
calibration_recalibration_v1,2026-09-23 19:55:07,42,D3_PaySim,lightgbm,strict,False,1000000,749,1000000,4,0.4,0.5,0,,,,ISOTONIC
calibration_recalibration_v1,2026-09-23 19:55:07,42,D3_PaySim,lightgbm,strict,False,1000000,749,1000000,5,0.5,0.6000000000000001,0,,,,ISOTONIC
calibration_recalibration_v1,2026-09-23 19:55:07,42,D3_PaySim,lightgbm,strict,False,1000000,749,1000000,6,0.6000000000000001,0.7000000000000001,23,0.6500000000000001,0.6521739130434783,0.0021739130434781373,ISOTONIC
calibration_recalibration_v1,2026-09-23 19:55:07,42,D3_PaySim,lightgbm,strict,False,1000000,749,1000000,7,0.7000000000000001,0.8,0,,,,ISOTONIC
calibration_recalibration_v1,2026-09-23 19:55:07,42,D3_PaySim,lightgbm,strict,False,1000000,749,1000000,8,0.8,0.9,9,0.8571428571428571,1.0,0.1428571428571429,ISOTONIC
calibration_recalibration_v1,2026-09-23 19:55:07,42,D3_PaySim,lightgbm,strict,False,1000000,749,1000000,9,0.9,1.0,83,0.9748988995983937,0.927710843373494,0.047188056224899744,ISOTONIC
calibration_recalibration_v1,2026-09-23 19:55:16,101,D1_creditcard,xgboost,strict,False,283726,473,,0,0.0,0.1,56636,0.0001837896702565343,0.00028250582668267534,9.871615642614105e-05,RAW
calibration_recalibration_v1,2026-09-23 19:55:16,101,D1_creditcard,xgboost,strict,False,283726,473,,1,0.1,0.2,12,0.15708227207263312,0.25,0.09291772792736688,RAW
calibration_recalibration_v1,2026-09-23 19:55:16,101,D1_creditcard,xgboost,strict,False,283726,473,,2,0.2,0.30000000000000004,5,0.23063913583755494,0.0,0.23063913583755494,RAW
calibration_recalibration_v1,2026-09-23 19:55:16,101,D1_creditcard,xgboost,strict,False,283726,473,,3,0.30000000000000004,0.4,3,0.3263133962949117,0.0,0.3263133962949117,RAW
calibration_recalibration_v1,2026-09-23 19:55:16,101,D1_creditcard,xgboost,strict,False,283726,473,,4,0.4,0.5,3,0.4666864077250163,0.0,0.4666864077250163,RAW
calibration_recalibration_v1,2026-09-23 19:55:16,101,D1_creditcard,xgboost,strict,False,283726,473,,5,0.5,0.6000000000000001,3,0.5271191000938416,0.3333333333333333,0.19378576676050824,RAW
calibration_recalibration_v1,2026-09-23 19:55:16,101,D1_creditcard,xgboost,strict,False,283726,473,,6,0.6000000000000001,0.7000000000000001,2,0.6714847385883331,0.0,0.6714847385883331,RAW
calibration_recalibration_v1,2026-09-23 19:55:16,101,D1_creditcard,xgboost,strict,False,283726,473,,7,0.7000000000000001,0.8,1,0.7395565509796143,0.0,0.7395565509796143,RAW
calibration_recalibration_v1,2026-09-23 19:55:16,101,D1_creditcard,xgboost,strict,False,283726,473,,8,0.8,0.9,4,0.8603045046329498,0.75,0.11030450463294983,RAW
calibration_recalibration_v1,2026-09-23 19:55:16,101,D1_creditcard,xgboost,strict,False,283726,473,,9,0.9,1.0,77,0.9952202044524155,0.935064935064935,0.0601552693874805,RAW
calibration_recalibration_v1,2026-09-23 19:55:16,101,D1_creditcard,xgboost,strict,False,283726,473,,0,0.0,0.1,56662,0.00045608784196723447,0.00035297024460837953,0.00010311759735885494,PLATT_SIGMOID
calibration_recalibration_v1,2026-09-23 19:55:16,101,D1_creditcard,xgboost,strict,False,283726,473,,1,0.1,0.2,1,0.19072615665316758,0.0,0.19072615665316758,PLATT_SIGMOID
calibration_recalibration_v1,2026-09-23 19:55:16,101,D1_creditcard,xgboost,strict,False,283726,473,,2,0.2,0.30000000000000004,1,0.2111845024847627,0.0,0.2111845024847627,PLATT_SIGMOID
calibration_recalibration_v1,2026-09-23 19:55:16,101,D1_creditcard,xgboost,strict,False,283726,473,,3,0.30000000000000004,0.4,1,0.32296060314733815,0.0,0.32296060314733815,PLATT_SIGMOID
calibration_recalibration_v1,2026-09-23 19:55:16,101,D1_creditcard,xgboost,strict,False,283726,473,,4,0.4,0.5,0,,,,PLATT_SIGMOID
calibration_recalibration_v1,2026-09-23 19:55:16,101,D1_creditcard,xgboost,strict,False,283726,473,,5,0.5,0.6000000000000001,3,0.5689122771169783,0.6666666666666666,0.09775438954968829,PLATT_SIGMOID
calibration_recalibration_v1,2026-09-23 19:55:16,101,D1_creditcard,xgboost,strict,False,283726,473,,6,0.6000000000000001,0.7000000000000001,1,0.6803391544241041,1.0,0.3196608455758959,PLATT_SIGMOID
calibration_recalibration_v1,2026-09-23 19:55:16,101,D1_creditcard,xgboost,strict,False,283726,473,,7,0.7000000000000001,0.8,5,0.7482493379980711,0.6,0.14824933799807116,PLATT_SIGMOID
calibration_recalibration_v1,2026-09-23 19:55:16,101,D1_creditcard,xgboost,strict,False,283726,473,,8,0.8,0.9,72,0.8466288652975611,0.9583333333333334,0.11170446803577228,PLATT_SIGMOID
calibration_recalibration_v1,2026-09-23 19:55:16,101,D1_creditcard,xgboost,strict,False,283726,473,,9,0.9,1.0,0,,,,PLATT_SIGMOID
calibration_recalibration_v1,2026-09-23 19:55:16,101,D1_creditcard,xgboost,strict,False,283726,473,,0,0.0,0.1,56636,0.00019535051942018975,0.00028250582668267534,8.715530726248558e-05,ISOTONIC
calibration_recalibration_v1,2026-09-23 19:55:16,101,D1_creditcard,xgboost,strict,False,283726,473,,1,0.1,0.2,29,0.18007200838117643,0.13793103448275862,0.04214097389841781,ISOTONIC
calibration_recalibration_v1,2026-09-23 19:55:16,101,D1_creditcard,xgboost,strict,False,283726,473,,2,0.2,0.30000000000000004,0,,,,ISOTONIC
calibration_recalibration_v1,2026-09-23 19:55:16,101,D1_creditcard,xgboost,strict,False,283726,473,,3,0.30000000000000004,0.4,0,,,,ISOTONIC
calibration_recalibration_v1,2026-09-23 19:55:16,101,D1_creditcard,xgboost,strict,False,283726,473,,4,0.4,0.5,1,0.4317691603794726,0.0,0.4317691603794726,ISOTONIC
calibration_recalibration_v1,2026-09-23 19:55:16,101,D1_creditcard,xgboost,strict,False,283726,473,,5,0.5,0.6000000000000001,2,0.5196913153722932,1.0,0.4803086846277068,ISOTONIC
calibration_recalibration_v1,2026-09-23 19:55:16,101,D1_creditcard,xgboost,strict,False,283726,473,,6,0.6000000000000001,0.7000000000000001,1,0.674043571845544,1.0,0.325956428154456,ISOTONIC
calibration_recalibration_v1,2026-09-23 19:55:16,101,D1_creditcard,xgboost,strict,False,283726,473,,7,0.7000000000000001,0.8,6,0.7475175151496707,0.5,0.24751751514967069,ISOTONIC
calibration_recalibration_v1,2026-09-23 19:55:16,101,D1_creditcard,xgboost,strict,False,283726,473,,8,0.8,0.9,0,,,,ISOTONIC
calibration_recalibration_v1,2026-09-23 19:55:16,101,D1_creditcard,xgboost,strict,False,283726,473,,9,0.9,1.0,71,0.9799506987640129,0.971830985915493,0.008119712848519867,ISOTONIC
calibration_recalibration_v1,2026-09-23 19:55:42,101,D1_creditcard,lightgbm,strict,False,283726,473,,0,0.0,0.1,56665,5.0795189581282134e-06,0.0003705991352686844,0.00036551961631055616,RAW
calibration_recalibration_v1,2026-09-23 19:55:42,101,D1_creditcard,lightgbm,strict,False,283726,473,,1,0.1,0.2,1,0.16101289817926578,1.0,0.8389871018207342,RAW
calibration_recalibration_v1,2026-09-23 19:55:42,101,D1_creditcard,lightgbm,strict,False,283726,473,,2,0.2,0.30000000000000004,1,0.2561602624242784,0.0,0.2561602624242784,RAW
calibration_recalibration_v1,2026-09-23 19:55:42,101,D1_creditcard,lightgbm,strict,False,283726,473,,3,0.30000000000000004,0.4,1,0.3515051362454128,0.0,0.3515051362454128,RAW
calibration_recalibration_v1,2026-09-23 19:55:42,101,D1_creditcard,lightgbm,strict,False,283726,473,,4,0.4,0.5,1,0.44671472139206825,1.0,0.5532852786079318,RAW
calibration_recalibration_v1,2026-09-23 19:55:42,101,D1_creditcard,lightgbm,strict,False,283726,473,,5,0.5,0.6000000000000001,0,,,,RAW
calibration_recalibration_v1,2026-09-23 19:55:42,101,D1_creditcard,lightgbm,strict,False,283726,473,,6,0.6000000000000001,0.7000000000000001,1,0.6296401623789589,1.0,0.3703598376210411,RAW
calibration_recalibration_v1,2026-09-23 19:55:42,101,D1_creditcard,lightgbm,strict,False,283726,473,,7,0.7000000000000001,0.8,1,0.7958659376769952,0.0,0.7958659376769952,RAW
calibration_recalibration_v1,2026-09-23 19:55:42,101,D1_creditcard,lightgbm,strict,False,283726,473,,8,0.8,0.9,1,0.8442565918721607,0.0,0.8442565918721607,RAW
calibration_recalibration_v1,2026-09-23 19:55:42,101,D1_creditcard,lightgbm,strict,False,283726,473,,9,0.9,1.0,74,0.9996505290688883,0.9594594594594594,0.040191069609428864,RAW
calibration_recalibration_v1,2026-09-23 19:55:42,101,D1_creditcard,lightgbm,strict,False,283726,473,,0,0.0,0.1,56669,0.00046629545844495055,0.0004058656408265542,6.0429817618396354e-05,PLATT_SIGMOID
calibration_recalibration_v1,2026-09-23 19:55:42,101,D1_creditcard,lightgbm,strict,False,283726,473,,1,0.1,0.2,1,0.1444067072347543,1.0,0.8555932927652456,PLATT_SIGMOID
calibration_recalibration_v1,2026-09-23 19:55:42,101,D1_creditcard,lightgbm,strict,False,283726,473,,2,0.2,0.30000000000000004,0,,,,PLATT_SIGMOID
calibration_recalibration_v1,2026-09-23 19:55:42,101,D1_creditcard,lightgbm,strict,False,283726,473,,3,0.30000000000000004,0.4,0,,,,PLATT_SIGMOID
calibration_recalibration_v1,2026-09-23 19:55:42,101,D1_creditcard,lightgbm,strict,False,283726,473,,4,0.4,0.5,1,0.4443746151462922,0.0,0.4443746151462922,PLATT_SIGMOID
calibration_recalibration_v1,2026-09-23 19:55:42,101,D1_creditcard,lightgbm,strict,False,283726,473,,5,0.5,0.6000000000000001,1,0.5571170726173563,0.0,0.5571170726173563,PLATT_SIGMOID
calibration_recalibration_v1,2026-09-23 19:55:42,101,D1_creditcard,lightgbm,strict,False,283726,473,,6,0.6000000000000001,0.7000000000000001,0,,,,PLATT_SIGMOID
calibration_recalibration_v1,2026-09-23 19:55:42,101,D1_creditcard,lightgbm,strict,False,283726,473,,7,0.7000000000000001,0.8,0,,,,PLATT_SIGMOID
calibration_recalibration_v1,2026-09-23 19:55:42,101,D1_creditcard,lightgbm,strict,False,283726,473,,8,0.8,0.9,74,0.84339335663769,0.9594594594594594,0.11606610282176943,PLATT_SIGMOID
calibration_recalibration_v1,2026-09-23 19:55:42,101,D1_creditcard,lightgbm,strict,False,283726,473,,9,0.9,1.0,0,,,,PLATT_SIGMOID
calibration_recalibration_v1,2026-09-23 19:55:42,101,D1_creditcard,lightgbm,strict,False,283726,473,,0,0.0,0.1,56649,0.00018772733779367452,0.0003353986831188547,0.0001476713453251802,ISOTONIC
calibration_recalibration_v1,2026-09-23 19:55:42,101,D1_creditcard,lightgbm,strict,False,283726,473,,1,0.1,0.2,13,0.15894325773951973,0.07692307692307693,0.0820201808164428,ISOTONIC
calibration_recalibration_v1,2026-09-23 19:55:42,101,D1_creditcard,lightgbm,strict,False,283726,473,,2,0.2,0.30000000000000004,1,0.2720681860221191,1.0,0.727931813977881,ISOTONIC
calibration_recalibration_v1,2026-09-23 19:55:42,101,D1_creditcard,lightgbm,strict,False,283726,473,,3,0.30000000000000004,0.4,3,0.3333333333333333,0.3333333333333333,0.0,ISOTONIC
calibration_recalibration_v1,2026-09-23 19:55:42,101,D1_creditcard,lightgbm,strict,False,283726,473,,4,0.4,0.5,0,,,,ISOTONIC
calibration_recalibration_v1,2026-09-23 19:55:42,101,D1_creditcard,lightgbm,strict,False,283726,473,,5,0.5,0.6000000000000001,3,0.5276272283778614,0.3333333333333333,0.19429389504452804,ISOTONIC
calibration_recalibration_v1,2026-09-23 19:55:42,101,D1_creditcard,lightgbm,strict,False,283726,473,,6,0.6000000000000001,0.7000000000000001,1,0.6657871102606491,1.0,0.3342128897393509,ISOTONIC
calibration_recalibration_v1,2026-09-23 19:55:42,101,D1_creditcard,lightgbm,strict,False,283726,473,,7,0.7000000000000001,0.8,3,0.75,0.0,0.75,ISOTONIC
calibration_recalibration_v1,2026-09-23 19:55:42,101,D1_creditcard,lightgbm,strict,False,283726,473,,8,0.8,0.9,9,0.8571611119736289,1.0,0.14283888802637112,ISOTONIC
calibration_recalibration_v1,2026-09-23 19:55:42,101,D1_creditcard,lightgbm,strict,False,283726,473,,9,0.9,1.0,64,0.9846015948622471,0.96875,0.015851594862247076,ISOTONIC
calibration_recalibration_v1,2026-09-23 19:55:53,101,D2_fraudTest,xgboost,strict,False,555719,2145,,0,0.0,0.1,107550,0.0043842555281983255,7.438400743840075e-05,0.004309871520759925,RAW
calibration_recalibration_v1,2026-09-23 19:55:53,101,D2_fraudTest,xgboost,strict,False,555719,2145,,1,0.1,0.2,1320,0.1403038962546623,0.0022727272727272726,0.13803116898193504,RAW
calibration_recalibration_v1,2026-09-23 19:55:53,101,D2_fraudTest,xgboost,strict,False,555719,2145,,2,0.2,0.30000000000000004,534,0.2443642123473271,0.00749063670411985,0.23687357564320727,RAW
calibration_recalibration_v1,2026-09-23 19:55:53,101,D2_fraudTest,xgboost,strict,False,555719,2145,,3,0.30000000000000004,0.4,340,0.34977133379263037,0.01764705882352941,0.33212427496910096,RAW
calibration_recalibration_v1,2026-09-23 19:55:53,101,D2_fraudTest,xgboost,strict,False,555719,2145,,4,0.4,0.5,247,0.4461352595916161,0.032388663967611336,0.41374659562400473,RAW
calibration_recalibration_v1,2026-09-23 19:55:53,101,D2_fraudTest,xgboost,strict,False,555719,2145,,5,0.5,0.6000000000000001,188,0.5485430293260737,0.02127659574468085,0.5272664335813928,RAW
calibration_recalibration_v1,2026-09-23 19:55:53,101,D2_fraudTest,xgboost,strict,False,555719,2145,,6,0.6000000000000001,0.7000000000000001,174,0.6485670075334352,0.04597701149425287,0.6025899960391823,RAW
calibration_recalibration_v1,2026-09-23 19:55:53,101,D2_fraudTest,xgboost,strict,False,555719,2145,,7,0.7000000000000001,0.8,121,0.7529575031650954,0.049586776859504134,0.7033707263055913,RAW
calibration_recalibration_v1,2026-09-23 19:55:53,101,D2_fraudTest,xgboost,strict,False,555719,2145,,8,0.8,0.9,164,0.8530472378905226,0.10365853658536585,0.7493887013051568,RAW
calibration_recalibration_v1,2026-09-23 19:55:53,101,D2_fraudTest,xgboost,strict,False,555719,2145,,9,0.9,1.0,506,0.9786538643092506,0.7213438735177866,0.257309990791464,RAW
calibration_recalibration_v1,2026-09-23 19:55:53,101,D2_fraudTest,xgboost,strict,False,555719,2145,,0,0.0,0.1,110356,0.0003123358069052869,0.00037152488310558554,5.918907620029864e-05,PLATT_SIGMOID
calibration_recalibration_v1,2026-09-23 19:55:53,101,D2_fraudTest,xgboost,strict,False,555719,2145,,1,0.1,0.2,103,0.14886526172023223,0.04854368932038835,0.10032157239984388,PLATT_SIGMOID
calibration_recalibration_v1,2026-09-23 19:55:53,101,D2_fraudTest,xgboost,strict,False,555719,2145,,2,0.2,0.30000000000000004,77,0.24831239888861742,0.07792207792207792,0.1703903209665395,PLATT_SIGMOID
calibration_recalibration_v1,2026-09-23 19:55:53,101,D2_fraudTest,xgboost,strict,False,555719,2145,,3,0.30000000000000004,0.4,78,0.3471673446746686,0.14102564102564102,0.20614170364902756,PLATT_SIGMOID
calibration_recalibration_v1,2026-09-23 19:55:53,101,D2_fraudTest,xgboost,strict,False,555719,2145,,4,0.4,0.5,71,0.4481566521196425,0.16901408450704225,0.27914256761260026,PLATT_SIGMOID
calibration_recalibration_v1,2026-09-23 19:55:53,101,D2_fraudTest,xgboost,strict,False,555719,2145,,5,0.5,0.6000000000000001,101,0.5560844008057497,0.31683168316831684,0.2392527176374329,PLATT_SIGMOID
calibration_recalibration_v1,2026-09-23 19:55:53,101,D2_fraudTest,xgboost,strict,False,555719,2145,,6,0.6000000000000001,0.7000000000000001,358,0.6481776110407185,0.8994413407821229,0.25126372974140443,PLATT_SIGMOID
calibration_recalibration_v1,2026-09-23 19:55:53,101,D2_fraudTest,xgboost,strict,False,555719,2145,,7,0.7000000000000001,0.8,0,,,,PLATT_SIGMOID
calibration_recalibration_v1,2026-09-23 19:55:53,101,D2_fraudTest,xgboost,strict,False,555719,2145,,8,0.8,0.9,0,,,,PLATT_SIGMOID
calibration_recalibration_v1,2026-09-23 19:55:53,101,D2_fraudTest,xgboost,strict,False,555719,2145,,9,0.9,1.0,0,,,,PLATT_SIGMOID
calibration_recalibration_v1,2026-09-23 19:55:53,101,D2_fraudTest,xgboost,strict,False,555719,2145,,0,0.0,0.1,110545,0.00039892774371432736,0.0004703966710389434,7.146892732461606e-05,ISOTONIC
calibration_recalibration_v1,2026-09-23 19:55:53,101,D2_fraudTest,xgboost,strict,False,555719,2145,,1,0.1,0.2,152,0.13502086194274335,0.17105263157894737,0.036031769636204025,ISOTONIC
calibration_recalibration_v1,2026-09-23 19:55:53,101,D2_fraudTest,xgboost,strict,False,555719,2145,,2,0.2,0.30000000000000004,35,0.2352941176470588,0.2571428571428571,0.021848739495798325,ISOTONIC
calibration_recalibration_v1,2026-09-23 19:55:53,101,D2_fraudTest,xgboost,strict,False,555719,2145,,3,0.30000000000000004,0.4,1,0.3848071994755349,1.0,0.6151928005244651,ISOTONIC
calibration_recalibration_v1,2026-09-23 19:55:53,101,D2_fraudTest,xgboost,strict,False,555719,2145,,4,0.4,0.5,77,0.46792635966496027,0.44155844155844154,0.02636791810651873,ISOTONIC
calibration_recalibration_v1,2026-09-23 19:55:53,101,D2_fraudTest,xgboost,strict,False,555719,2145,,5,0.5,0.6000000000000001,0,,,,ISOTONIC
calibration_recalibration_v1,2026-09-23 19:55:53,101,D2_fraudTest,xgboost,strict,False,555719,2145,,6,0.6000000000000001,0.7000000000000001,0,,,,ISOTONIC
calibration_recalibration_v1,2026-09-23 19:55:53,101,D2_fraudTest,xgboost,strict,False,555719,2145,,7,0.7000000000000001,0.8,60,0.7090909090909092,0.7,0.00909090909090926,ISOTONIC
calibration_recalibration_v1,2026-09-23 19:55:53,101,D2_fraudTest,xgboost,strict,False,555719,2145,,8,0.8,0.9,52,0.8658654336267919,0.9038461538461539,0.03798072021936194,ISOTONIC
calibration_recalibration_v1,2026-09-23 19:55:53,101,D2_fraudTest,xgboost,strict,False,555719,2145,,9,0.9,1.0,222,0.98647587145763,0.9819819819819819,0.004493889475648105,ISOTONIC
calibration_recalibration_v1,2026-09-23 19:56:29,101,D2_fraudTest,lightgbm,strict,False,555719,2145,,0,0.0,0.1,110366,0.00034076854207821297,0.00024464055959262816,9.61279824855848e-05,RAW
calibration_recalibration_v1,2026-09-23 19:56:29,101,D2_fraudTest,lightgbm,strict,False,555719,2145,,1,0.1,0.2,129,0.14310555352483603,0.031007751937984496,0.11209780158685154,RAW
calibration_recalibration_v1,2026-09-23 19:56:29,101,D2_fraudTest,lightgbm,strict,False,555719,2145,,2,0.2,0.30000000000000004,64,0.24114595464876848,0.046875,0.19427095464876848,RAW
calibration_recalibration_v1,2026-09-23 19:56:29,101,D2_fraudTest,lightgbm,strict,False,555719,2145,,3,0.30000000000000004,0.4,42,0.34781383488077683,0.09523809523809523,0.2525757396426816,RAW
calibration_recalibration_v1,2026-09-23 19:56:29,101,D2_fraudTest,lightgbm,strict,False,555719,2145,,4,0.4,0.5,43,0.4431025799892068,0.13953488372093023,0.3035676962682766,RAW
calibration_recalibration_v1,2026-09-23 19:56:29,101,D2_fraudTest,lightgbm,strict,False,555719,2145,,5,0.5,0.6000000000000001,27,0.5389028178414347,0.18518518518518517,0.3537176326562495,RAW
calibration_recalibration_v1,2026-09-23 19:56:29,101,D2_fraudTest,lightgbm,strict,False,555719,2145,,6,0.6000000000000001,0.7000000000000001,23,0.6404930679078484,0.17391304347826086,0.46658002442958757,RAW
calibration_recalibration_v1,2026-09-23 19:56:29,101,D2_fraudTest,lightgbm,strict,False,555719,2145,,7,0.7000000000000001,0.8,24,0.7431259294669745,0.25,0.49312592946697453,RAW
calibration_recalibration_v1,2026-09-23 19:56:29,101,D2_fraudTest,lightgbm,strict,False,555719,2145,,8,0.8,0.9,26,0.847565606717159,0.3076923076923077,0.5398732990248513,RAW
calibration_recalibration_v1,2026-09-23 19:56:29,101,D2_fraudTest,lightgbm,strict,False,555719,2145,,9,0.9,1.0,400,0.9926921932023953,0.905,0.0876921932023953,RAW
calibration_recalibration_v1,2026-09-23 19:56:29,101,D2_fraudTest,lightgbm,strict,False,555719,2145,,0,0.0,0.1,110665,0.0004107716404412901,0.0004247051913432431,1.3933550901953006e-05,PLATT_SIGMOID
calibration_recalibration_v1,2026-09-23 19:56:29,101,D2_fraudTest,lightgbm,strict,False,555719,2145,,1,0.1,0.2,21,0.15067845866584775,0.19047619047619047,0.03979773181034271,PLATT_SIGMOID
calibration_recalibration_v1,2026-09-23 19:56:29,101,D2_fraudTest,lightgbm,strict,False,555719,2145,,2,0.2,0.30000000000000004,7,0.2512346045791462,0.2857142857142857,0.034479681135139495,PLATT_SIGMOID
calibration_recalibration_v1,2026-09-23 19:56:29,101,D2_fraudTest,lightgbm,strict,False,555719,2145,,3,0.30000000000000004,0.4,13,0.3421582007872091,0.3076923076923077,0.03446589309490139,PLATT_SIGMOID
calibration_recalibration_v1,2026-09-23 19:56:29,101,D2_fraudTest,lightgbm,strict,False,555719,2145,,4,0.4,0.5,8,0.43823523008698007,0.0,0.43823523008698007,PLATT_SIGMOID
calibration_recalibration_v1,2026-09-23 19:56:29,101,D2_fraudTest,lightgbm,strict,False,555719,2145,,5,0.5,0.6000000000000001,11,0.5436341017944285,0.5454545454545454,0.0018204436601169105,PLATT_SIGMOID
calibration_recalibration_v1,2026-09-23 19:56:29,101,D2_fraudTest,lightgbm,strict,False,555719,2145,,6,0.6000000000000001,0.7000000000000001,9,0.6512222753611971,0.3333333333333333,0.31788894202786383,PLATT_SIGMOID
calibration_recalibration_v1,2026-09-23 19:56:29,101,D2_fraudTest,lightgbm,strict,False,555719,2145,,7,0.7000000000000001,0.8,24,0.7611840100785233,0.2916666666666667,0.46951734341185664,PLATT_SIGMOID
calibration_recalibration_v1,2026-09-23 19:56:29,101,D2_fraudTest,lightgbm,strict,False,555719,2145,,8,0.8,0.9,230,0.8925137333184114,0.8695652173913043,0.022948515927107116,PLATT_SIGMOID
calibration_recalibration_v1,2026-09-23 19:56:29,101,D2_fraudTest,lightgbm,strict,False,555719,2145,,9,0.9,1.0,156,0.9000524885549951,1.0,0.09994751144500491,PLATT_SIGMOID
calibration_recalibration_v1,2026-09-23 19:56:29,101,D2_fraudTest,lightgbm,strict,False,555719,2145,,0,0.0,0.1,110488,0.00020890761210157677,0.00028057345594091664,7.166584383933987e-05,ISOTONIC
calibration_recalibration_v1,2026-09-23 19:56:29,101,D2_fraudTest,lightgbm,strict,False,555719,2145,,1,0.1,0.2,198,0.12815902342657623,0.10101010101010101,0.02714892241647522,ISOTONIC
calibration_recalibration_v1,2026-09-23 19:56:29,101,D2_fraudTest,lightgbm,strict,False,555719,2145,,2,0.2,0.30000000000000004,51,0.22616996404537754,0.29411764705882354,0.067947683013446,ISOTONIC
calibration_recalibration_v1,2026-09-23 19:56:29,101,D2_fraudTest,lightgbm,strict,False,555719,2145,,3,0.30000000000000004,0.4,0,,,,ISOTONIC
calibration_recalibration_v1,2026-09-23 19:56:29,101,D2_fraudTest,lightgbm,strict,False,555719,2145,,4,0.4,0.5,32,0.43333333333333335,0.375,0.05833333333333335,ISOTONIC
calibration_recalibration_v1,2026-09-23 19:56:29,101,D2_fraudTest,lightgbm,strict,False,555719,2145,,5,0.5,0.6000000000000001,0,,,,ISOTONIC
calibration_recalibration_v1,2026-09-23 19:56:29,101,D2_fraudTest,lightgbm,strict,False,555719,2145,,6,0.6000000000000001,0.7000000000000001,0,,,,ISOTONIC
calibration_recalibration_v1,2026-09-23 19:56:29,101,D2_fraudTest,lightgbm,strict,False,555719,2145,,7,0.7000000000000001,0.8,24,0.7666666666666667,0.7083333333333334,0.05833333333333335,ISOTONIC
calibration_recalibration_v1,2026-09-23 19:56:29,101,D2_fraudTest,lightgbm,strict,False,555719,2145,,8,0.8,0.9,31,0.8710230224232597,0.6451612903225806,0.22586173210067906,ISOTONIC
calibration_recalibration_v1,2026-09-23 19:56:29,101,D2_fraudTest,lightgbm,strict,False,555719,2145,,9,0.9,1.0,320,0.9952074052083335,0.98125,0.013957405208333551,ISOTONIC
calibration_recalibration_v1,2026-09-23 19:56:58,101,D3_PaySim,xgboost,strict,False,1000000,749,1000000,0,0.0,0.1,195393,0.0014893825146871137,1.535367183061829e-05,0.0014740288428564954,RAW
calibration_recalibration_v1,2026-09-23 19:56:58,101,D3_PaySim,xgboost,strict,False,1000000,749,1000000,1,0.1,0.2,1538,0.14166981015252664,0.0019505851755526658,0.13971922497697398,RAW
calibration_recalibration_v1,2026-09-23 19:56:58,101,D3_PaySim,xgboost,strict,False,1000000,749,1000000,2,0.2,0.30000000000000004,802,0.2443309847330512,0.003740648379052369,0.24059033635399885,RAW
calibration_recalibration_v1,2026-09-23 19:56:58,101,D3_PaySim,xgboost,strict,False,1000000,749,1000000,3,0.30000000000000004,0.4,501,0.3483722614432999,0.001996007984031936,0.346376253459268,RAW
calibration_recalibration_v1,2026-09-23 19:56:58,101,D3_PaySim,xgboost,strict,False,1000000,749,1000000,4,0.4,0.5,410,0.44748495817184447,0.0024390243902439024,0.44504593378160057,RAW
calibration_recalibration_v1,2026-09-23 19:56:58,101,D3_PaySim,xgboost,strict,False,1000000,749,1000000,5,0.5,0.6000000000000001,307,0.5477273306939812,0.009771986970684038,0.5379553437232971,RAW
calibration_recalibration_v1,2026-09-23 19:56:58,101,D3_PaySim,xgboost,strict,False,1000000,749,1000000,6,0.6000000000000001,0.7000000000000001,246,0.6491523133060797,0.008130081300813009,0.6410222320052666,RAW
calibration_recalibration_v1,2026-09-23 19:56:58,101,D3_PaySim,xgboost,strict,False,1000000,749,1000000,7,0.7000000000000001,0.8,213,0.7466654405347618,0.03286384976525822,0.7138015907695036,RAW
calibration_recalibration_v1,2026-09-23 19:56:58,101,D3_PaySim,xgboost,strict,False,1000000,749,1000000,8,0.8,0.9,212,0.8513696843160773,0.04245283018867924,0.808916854127398,RAW
calibration_recalibration_v1,2026-09-23 19:56:58,101,D3_PaySim,xgboost,strict,False,1000000,749,1000000,9,0.9,1.0,378,0.964522622565113,0.31216931216931215,0.6523533103958008,RAW
calibration_recalibration_v1,2026-09-23 19:56:58,101,D3_PaySim,xgboost,strict,False,1000000,749,1000000,0,0.0,0.1,199508,0.00022661943211465542,0.00013032058864807425,9.629884346658117e-05,PLATT_SIGMOID
calibration_recalibration_v1,2026-09-23 19:56:58,101,D3_PaySim,xgboost,strict,False,1000000,749,1000000,1,0.1,0.2,231,0.14834985278847562,0.05194805194805195,0.09640180084042367,PLATT_SIGMOID
calibration_recalibration_v1,2026-09-23 19:56:58,101,D3_PaySim,xgboost,strict,False,1000000,749,1000000,2,0.2,0.30000000000000004,261,0.2610529005963052,0.42911877394636017,0.16806587335005496,PLATT_SIGMOID
calibration_recalibration_v1,2026-09-23 19:56:58,101,D3_PaySim,xgboost,strict,False,1000000,749,1000000,3,0.30000000000000004,0.4,0,,,,PLATT_SIGMOID
calibration_recalibration_v1,2026-09-23 19:56:58,101,D3_PaySim,xgboost,strict,False,1000000,749,1000000,4,0.4,0.5,0,,,,PLATT_SIGMOID
calibration_recalibration_v1,2026-09-23 19:56:58,101,D3_PaySim,xgboost,strict,False,1000000,749,1000000,5,0.5,0.6000000000000001,0,,,,PLATT_SIGMOID
calibration_recalibration_v1,2026-09-23 19:56:58,101,D3_PaySim,xgboost,strict,False,1000000,749,1000000,6,0.6000000000000001,0.7000000000000001,0,,,,PLATT_SIGMOID
calibration_recalibration_v1,2026-09-23 19:56:58,101,D3_PaySim,xgboost,strict,False,1000000,749,1000000,7,0.7000000000000001,0.8,0,,,,PLATT_SIGMOID
calibration_recalibration_v1,2026-09-23 19:56:58,101,D3_PaySim,xgboost,strict,False,1000000,749,1000000,8,0.8,0.9,0,,,,PLATT_SIGMOID
calibration_recalibration_v1,2026-09-23 19:56:58,101,D3_PaySim,xgboost,strict,False,1000000,749,1000000,9,0.9,1.0,0,,,,PLATT_SIGMOID
calibration_recalibration_v1,2026-09-23 19:56:58,101,D3_PaySim,xgboost,strict,False,1000000,749,1000000,0,0.0,0.1,199781,0.0002195845111171029,0.00021023020207126803,9.354309045834868e-06,ISOTONIC
calibration_recalibration_v1,2026-09-23 19:56:58,101,D3_PaySim,xgboost,strict,False,1000000,749,1000000,1,0.1,0.2,70,0.13191094619666044,0.21428571428571427,0.08237476808905383,ISOTONIC
calibration_recalibration_v1,2026-09-23 19:56:58,101,D3_PaySim,xgboost,strict,False,1000000,749,1000000,2,0.2,0.30000000000000004,41,0.23468987278736744,0.21951219512195122,0.015177677665416223,ISOTONIC
calibration_recalibration_v1,2026-09-23 19:56:58,101,D3_PaySim,xgboost,strict,False,1000000,749,1000000,3,0.30000000000000004,0.4,0,,,,ISOTONIC
calibration_recalibration_v1,2026-09-23 19:56:58,101,D3_PaySim,xgboost,strict,False,1000000,749,1000000,4,0.4,0.5,17,0.47058823529411764,0.7058823529411765,0.23529411764705888,ISOTONIC
calibration_recalibration_v1,2026-09-23 19:56:58,101,D3_PaySim,xgboost,strict,False,1000000,749,1000000,5,0.5,0.6000000000000001,0,,,,ISOTONIC
calibration_recalibration_v1,2026-09-23 19:56:58,101,D3_PaySim,xgboost,strict,False,1000000,749,1000000,6,0.6000000000000001,0.7000000000000001,44,0.659263085399449,0.5909090909090909,0.06835399449035806,ISOTONIC
calibration_recalibration_v1,2026-09-23 19:56:58,101,D3_PaySim,xgboost,strict,False,1000000,749,1000000,7,0.7000000000000001,0.8,0,,,,ISOTONIC
calibration_recalibration_v1,2026-09-23 19:56:58,101,D3_PaySim,xgboost,strict,False,1000000,749,1000000,8,0.8,0.9,0,,,,ISOTONIC
calibration_recalibration_v1,2026-09-23 19:56:58,101,D3_PaySim,xgboost,strict,False,1000000,749,1000000,9,0.9,1.0,47,0.9999990000000004,0.9787234042553191,0.021275595744681297,ISOTONIC
calibration_recalibration_v1,2026-09-23 19:57:58,101,D3_PaySim,lightgbm,strict,False,1000000,749,1000000,0,0.0,0.1,199585,0.00012125401200838826,0.00011523912117644111,6.01489083194715e-06,RAW
calibration_recalibration_v1,2026-09-23 19:57:58,101,D3_PaySim,lightgbm,strict,False,1000000,749,1000000,1,0.1,0.2,86,0.13644482888659762,0.03488372093023256,0.10156110795636505,RAW
calibration_recalibration_v1,2026-09-23 19:57:58,101,D3_PaySim,lightgbm,strict,False,1000000,749,1000000,2,0.2,0.30000000000000004,54,0.2385480475920566,0.09259259259259259,0.14595545499946402,RAW
calibration_recalibration_v1,2026-09-23 19:57:58,101,D3_PaySim,lightgbm,strict,False,1000000,749,1000000,3,0.30000000000000004,0.4,40,0.35838734824602725,0.05,0.30838734824602726,RAW
calibration_recalibration_v1,2026-09-23 19:57:58,101,D3_PaySim,lightgbm,strict,False,1000000,749,1000000,4,0.4,0.5,23,0.4556241329296537,0.08695652173913043,0.36866761119052327,RAW
calibration_recalibration_v1,2026-09-23 19:57:58,101,D3_PaySim,lightgbm,strict,False,1000000,749,1000000,5,0.5,0.6000000000000001,13,0.5457525574068917,0.0,0.5457525574068917,RAW
calibration_recalibration_v1,2026-09-23 19:57:58,101,D3_PaySim,lightgbm,strict,False,1000000,749,1000000,6,0.6000000000000001,0.7000000000000001,11,0.6441014122014745,0.2727272727272727,0.37137413947420184,RAW
calibration_recalibration_v1,2026-09-23 19:57:58,101,D3_PaySim,lightgbm,strict,False,1000000,749,1000000,7,0.7000000000000001,0.8,19,0.7433603760690207,0.21052631578947367,0.532834060279547,RAW
calibration_recalibration_v1,2026-09-23 19:57:58,101,D3_PaySim,lightgbm,strict,False,1000000,749,1000000,8,0.8,0.9,14,0.8589290073614823,0.2857142857142857,0.5732147216471966,RAW
calibration_recalibration_v1,2026-09-23 19:57:58,101,D3_PaySim,lightgbm,strict,False,1000000,749,1000000,9,0.9,1.0,155,0.9879924577243071,0.6709677419354839,0.3170247157888232,RAW
calibration_recalibration_v1,2026-09-23 19:57:58,101,D3_PaySim,lightgbm,strict,False,1000000,749,1000000,0,0.0,0.1,199815,0.00022302994315406735,0.00019017591271926532,3.2854030434802025e-05,PLATT_SIGMOID
calibration_recalibration_v1,2026-09-23 19:57:58,101,D3_PaySim,lightgbm,strict,False,1000000,749,1000000,1,0.1,0.2,16,0.14096332964398287,0.25,0.10903667035601713,PLATT_SIGMOID
calibration_recalibration_v1,2026-09-23 19:57:58,101,D3_PaySim,lightgbm,strict,False,1000000,749,1000000,2,0.2,0.30000000000000004,7,0.2518301864184046,0.2857142857142857,0.0338840992958811,PLATT_SIGMOID
calibration_recalibration_v1,2026-09-23 19:57:58,101,D3_PaySim,lightgbm,strict,False,1000000,749,1000000,3,0.30000000000000004,0.4,12,0.3629445254122235,0.16666666666666666,0.19627785874555684,PLATT_SIGMOID
calibration_recalibration_v1,2026-09-23 19:57:58,101,D3_PaySim,lightgbm,strict,False,1000000,749,1000000,4,0.4,0.5,15,0.46024907187022573,0.2,0.2602490718702257,PLATT_SIGMOID
calibration_recalibration_v1,2026-09-23 19:57:58,101,D3_PaySim,lightgbm,strict,False,1000000,749,1000000,5,0.5,0.6000000000000001,135,0.5831076537416131,0.7481481481481481,0.165040494406535,PLATT_SIGMOID
calibration_recalibration_v1,2026-09-23 19:57:58,101,D3_PaySim,lightgbm,strict,False,1000000,749,1000000,6,0.6000000000000001,0.7000000000000001,0,,,,PLATT_SIGMOID
calibration_recalibration_v1,2026-09-23 19:57:58,101,D3_PaySim,lightgbm,strict,False,1000000,749,1000000,7,0.7000000000000001,0.8,0,,,,PLATT_SIGMOID
calibration_recalibration_v1,2026-09-23 19:57:58,101,D3_PaySim,lightgbm,strict,False,1000000,749,1000000,8,0.8,0.9,0,,,,PLATT_SIGMOID
calibration_recalibration_v1,2026-09-23 19:57:58,101,D3_PaySim,lightgbm,strict,False,1000000,749,1000000,9,0.9,1.0,0,,,,PLATT_SIGMOID
calibration_recalibration_v1,2026-09-23 19:57:58,101,D3_PaySim,lightgbm,strict,False,1000000,749,1000000,0,0.0,0.1,199852,0.00024778159015405917,0.00023517402878129817,1.2607561372761003e-05,ISOTONIC
calibration_recalibration_v1,2026-09-23 19:57:58,101,D3_PaySim,lightgbm,strict,False,1000000,749,1000000,1,0.1,0.2,15,0.17577288367696176,0.13333333333333333,0.042439550343628424,ISOTONIC
calibration_recalibration_v1,2026-09-23 19:57:58,101,D3_PaySim,lightgbm,strict,False,1000000,749,1000000,2,0.2,0.30000000000000004,42,0.2371652116225703,0.40476190476190477,0.16759669313933448,ISOTONIC
calibration_recalibration_v1,2026-09-23 19:57:58,101,D3_PaySim,lightgbm,strict,False,1000000,749,1000000,3,0.30000000000000004,0.4,0,,,,ISOTONIC
calibration_recalibration_v1,2026-09-23 19:57:58,101,D3_PaySim,lightgbm,strict,False,1000000,749,1000000,4,0.4,0.5,1,0.45671301175696544,0.0,0.45671301175696544,ISOTONIC
calibration_recalibration_v1,2026-09-23 19:57:58,101,D3_PaySim,lightgbm,strict,False,1000000,749,1000000,5,0.5,0.6000000000000001,0,,,,ISOTONIC
calibration_recalibration_v1,2026-09-23 19:57:58,101,D3_PaySim,lightgbm,strict,False,1000000,749,1000000,6,0.6000000000000001,0.7000000000000001,20,0.6956521739130433,0.85,0.15434782608695663,ISOTONIC
calibration_recalibration_v1,2026-09-23 19:57:58,101,D3_PaySim,lightgbm,strict,False,1000000,749,1000000,7,0.7000000000000001,0.8,11,0.75,0.9090909090909091,0.15909090909090906,ISOTONIC
calibration_recalibration_v1,2026-09-23 19:57:58,101,D3_PaySim,lightgbm,strict,False,1000000,749,1000000,8,0.8,0.9,0,,,,ISOTONIC
calibration_recalibration_v1,2026-09-23 19:57:58,101,D3_PaySim,lightgbm,strict,False,1000000,749,1000000,9,0.9,1.0,59,0.9999990000000001,0.9661016949152542,0.033897305084745866,ISOTONIC
calibration_recalibration_v1,2026-09-23 19:58:08,202,D1_creditcard,xgboost,strict,False,283726,473,,0,0.0,0.1,56629,0.00025653870430024497,0.000229564357484681,2.6974346815563982e-05,RAW
calibration_recalibration_v1,2026-09-23 19:58:08,202,D1_creditcard,xgboost,strict,False,283726,473,,1,0.1,0.2,13,0.15518780740407798,0.0,0.15518780740407798,RAW
calibration_recalibration_v1,2026-09-23 19:58:08,202,D1_creditcard,xgboost,strict,False,283726,473,,2,0.2,0.30000000000000004,9,0.2592126164171431,0.1111111111111111,0.148101505306032,RAW
calibration_recalibration_v1,2026-09-23 19:58:08,202,D1_creditcard,xgboost,strict,False,283726,473,,3,0.30000000000000004,0.4,4,0.3681064397096634,0.25,0.11810643970966339,RAW
calibration_recalibration_v1,2026-09-23 19:58:08,202,D1_creditcard,xgboost,strict,False,283726,473,,4,0.4,0.5,3,0.44253724813461304,0.0,0.44253724813461304,RAW
calibration_recalibration_v1,2026-09-23 19:58:08,202,D1_creditcard,xgboost,strict,False,283726,473,,5,0.5,0.6000000000000001,1,0.5787805318832397,1.0,0.42121946811676025,RAW
calibration_recalibration_v1,2026-09-23 19:58:08,202,D1_creditcard,xgboost,strict,False,283726,473,,6,0.6000000000000001,0.7000000000000001,0,,,,RAW
calibration_recalibration_v1,2026-09-23 19:58:08,202,D1_creditcard,xgboost,strict,False,283726,473,,7,0.7000000000000001,0.8,0,,,,RAW
calibration_recalibration_v1,2026-09-23 19:58:08,202,D1_creditcard,xgboost,strict,False,283726,473,,8,0.8,0.9,3,0.8482866088549296,0.0,0.8482866088549296,RAW
calibration_recalibration_v1,2026-09-23 19:58:08,202,D1_creditcard,xgboost,strict,False,283726,473,,9,0.9,1.0,84,0.9977725531373706,0.9404761904761905,0.0572963626611801,RAW
calibration_recalibration_v1,2026-09-23 19:58:08,202,D1_creditcard,xgboost,strict,False,283726,473,,0,0.0,0.1,56659,0.00044351320636648004,0.00028239114703754035,0.0001611220593289397,PLATT_SIGMOID
calibration_recalibration_v1,2026-09-23 19:58:08,202,D1_creditcard,xgboost,strict,False,283726,473,,1,0.1,0.2,0,,,,PLATT_SIGMOID
calibration_recalibration_v1,2026-09-23 19:58:08,202,D1_creditcard,xgboost,strict,False,283726,473,,2,0.2,0.30000000000000004,0,,,,PLATT_SIGMOID
calibration_recalibration_v1,2026-09-23 19:58:08,202,D1_creditcard,xgboost,strict,False,283726,473,,3,0.30000000000000004,0.4,0,,,,PLATT_SIGMOID
calibration_recalibration_v1,2026-09-23 19:58:08,202,D1_creditcard,xgboost,strict,False,283726,473,,4,0.4,0.5,2,0.47017928201519077,0.0,0.47017928201519077,PLATT_SIGMOID
calibration_recalibration_v1,2026-09-23 19:58:08,202,D1_creditcard,xgboost,strict,False,283726,473,,5,0.5,0.6000000000000001,1,0.5416934849773121,0.0,0.5416934849773121,PLATT_SIGMOID
calibration_recalibration_v1,2026-09-23 19:58:08,202,D1_creditcard,xgboost,strict,False,283726,473,,6,0.6000000000000001,0.7000000000000001,0,,,,PLATT_SIGMOID
calibration_recalibration_v1,2026-09-23 19:58:08,202,D1_creditcard,xgboost,strict,False,283726,473,,7,0.7000000000000001,0.8,84,0.7914816685838977,0.9404761904761905,0.14899452189229279,PLATT_SIGMOID
calibration_recalibration_v1,2026-09-23 19:58:08,202,D1_creditcard,xgboost,strict,False,283726,473,,8,0.8,0.9,0,,,,PLATT_SIGMOID
calibration_recalibration_v1,2026-09-23 19:58:08,202,D1_creditcard,xgboost,strict,False,283726,473,,9,0.9,1.0,0,,,,PLATT_SIGMOID
calibration_recalibration_v1,2026-09-23 19:58:08,202,D1_creditcard,xgboost,strict,False,283726,473,,0,0.0,0.1,56658,0.0002534396352367325,0.00026474637297469025,1.1306737737957736e-05,ISOTONIC
calibration_recalibration_v1,2026-09-23 19:58:08,202,D1_creditcard,xgboost,strict,False,283726,473,,1,0.1,0.2,0,,,,ISOTONIC
calibration_recalibration_v1,2026-09-23 19:58:08,202,D1_creditcard,xgboost,strict,False,283726,473,,2,0.2,0.30000000000000004,1,0.24204231346961544,1.0,0.7579576865303845,ISOTONIC
calibration_recalibration_v1,2026-09-23 19:58:08,202,D1_creditcard,xgboost,strict,False,283726,473,,3,0.30000000000000004,0.4,0,,,,ISOTONIC
calibration_recalibration_v1,2026-09-23 19:58:08,202,D1_creditcard,xgboost,strict,False,283726,473,,4,0.4,0.5,6,0.42857142857142855,0.3333333333333333,0.09523809523809523,ISOTONIC
calibration_recalibration_v1,2026-09-23 19:58:08,202,D1_creditcard,xgboost,strict,False,283726,473,,5,0.5,0.6000000000000001,7,0.502802436003303,0.8571428571428571,0.3543404211395541,ISOTONIC
calibration_recalibration_v1,2026-09-23 19:58:08,202,D1_creditcard,xgboost,strict,False,283726,473,,6,0.6000000000000001,0.7000000000000001,2,0.6286420700867053,0.5,0.12864207008670525,ISOTONIC
calibration_recalibration_v1,2026-09-23 19:58:08,202,D1_creditcard,xgboost,strict,False,283726,473,,7,0.7000000000000001,0.8,1,0.7671333092485549,0.0,0.7671333092485549,ISOTONIC
calibration_recalibration_v1,2026-09-23 19:58:08,202,D1_creditcard,xgboost,strict,False,283726,473,,8,0.8,0.9,9,0.869269328034682,0.8888888888888888,0.019619560854206797,ISOTONIC
calibration_recalibration_v1,2026-09-23 19:58:08,202,D1_creditcard,xgboost,strict,False,283726,473,,9,0.9,1.0,62,0.9559136397849461,1.0,0.044086360215053855,ISOTONIC
calibration_recalibration_v1,2026-09-23 19:58:36,202,D1_creditcard,lightgbm,strict,False,283726,473,,0,0.0,0.1,56654,4.941597692199815e-06,0.00021181205210576482,0.00020687045441356502,RAW
calibration_recalibration_v1,2026-09-23 19:58:36,202,D1_creditcard,lightgbm,strict,False,283726,473,,1,0.1,0.2,4,0.16095061639914865,0.5,0.33904938360085135,RAW
calibration_recalibration_v1,2026-09-23 19:58:36,202,D1_creditcard,lightgbm,strict,False,283726,473,,2,0.2,0.30000000000000004,0,,,,RAW
calibration_recalibration_v1,2026-09-23 19:58:36,202,D1_creditcard,lightgbm,strict,False,283726,473,,3,0.30000000000000004,0.4,2,0.33400475470901114,0.5,0.16599524529098886,RAW
calibration_recalibration_v1,2026-09-23 19:58:36,202,D1_creditcard,lightgbm,strict,False,283726,473,,4,0.4,0.5,0,,,,RAW
calibration_recalibration_v1,2026-09-23 19:58:36,202,D1_creditcard,lightgbm,strict,False,283726,473,,5,0.5,0.6000000000000001,1,0.5451099440162882,0.0,0.5451099440162882,RAW
calibration_recalibration_v1,2026-09-23 19:58:36,202,D1_creditcard,lightgbm,strict,False,283726,473,,6,0.6000000000000001,0.7000000000000001,1,0.6466010967892959,1.0,0.3533989032107041,RAW
calibration_recalibration_v1,2026-09-23 19:58:36,202,D1_creditcard,lightgbm,strict,False,283726,473,,7,0.7000000000000001,0.8,2,0.7521337265112158,1.0,0.2478662734887842,RAW
calibration_recalibration_v1,2026-09-23 19:58:36,202,D1_creditcard,lightgbm,strict,False,283726,473,,8,0.8,0.9,1,0.8316792527146677,1.0,0.1683207472853323,RAW
calibration_recalibration_v1,2026-09-23 19:58:36,202,D1_creditcard,lightgbm,strict,False,283726,473,,9,0.9,1.0,81,0.9992166993260829,0.9382716049382716,0.06094509438781137,RAW
calibration_recalibration_v1,2026-09-23 19:58:36,202,D1_creditcard,lightgbm,strict,False,283726,473,,0,0.0,0.1,56661,0.00047446993305093425,0.00026473235558850005,0.0002097375774624342,PLATT_SIGMOID
calibration_recalibration_v1,2026-09-23 19:58:36,202,D1_creditcard,lightgbm,strict,False,283726,473,,1,0.1,0.2,1,0.1482371052136679,1.0,0.851762894786332,PLATT_SIGMOID
calibration_recalibration_v1,2026-09-23 19:58:36,202,D1_creditcard,lightgbm,strict,False,283726,473,,2,0.2,0.30000000000000004,1,0.27321238108541607,1.0,0.7267876189145839,PLATT_SIGMOID
calibration_recalibration_v1,2026-09-23 19:58:36,202,D1_creditcard,lightgbm,strict,False,283726,473,,3,0.30000000000000004,0.4,1,0.3565914777001141,1.0,0.6434085222998859,PLATT_SIGMOID
calibration_recalibration_v1,2026-09-23 19:58:36,202,D1_creditcard,lightgbm,strict,False,283726,473,,4,0.4,0.5,1,0.48562590344353884,1.0,0.5143740965564612,PLATT_SIGMOID
calibration_recalibration_v1,2026-09-23 19:58:36,202,D1_creditcard,lightgbm,strict,False,283726,473,,5,0.5,0.6000000000000001,0,,,,PLATT_SIGMOID
calibration_recalibration_v1,2026-09-23 19:58:36,202,D1_creditcard,lightgbm,strict,False,283726,473,,6,0.6000000000000001,0.7000000000000001,0,,,,PLATT_SIGMOID
calibration_recalibration_v1,2026-09-23 19:58:36,202,D1_creditcard,lightgbm,strict,False,283726,473,,7,0.7000000000000001,0.8,1,0.736002211862979,0.0,0.736002211862979,PLATT_SIGMOID
calibration_recalibration_v1,2026-09-23 19:58:36,202,D1_creditcard,lightgbm,strict,False,283726,473,,8,0.8,0.9,80,0.8143887644251551,0.95,0.1356112355748449,PLATT_SIGMOID
calibration_recalibration_v1,2026-09-23 19:58:36,202,D1_creditcard,lightgbm,strict,False,283726,473,,9,0.9,1.0,0,,,,PLATT_SIGMOID
calibration_recalibration_v1,2026-09-23 19:58:36,202,D1_creditcard,lightgbm,strict,False,283726,473,,0,0.0,0.1,56651,0.0002474660623993037,0.00021182326878607614,3.564279361322758e-05,ISOTONIC
calibration_recalibration_v1,2026-09-23 19:58:36,202,D1_creditcard,lightgbm,strict,False,283726,473,,1,0.1,0.2,0,,,,ISOTONIC
calibration_recalibration_v1,2026-09-23 19:58:36,202,D1_creditcard,lightgbm,strict,False,283726,473,,2,0.2,0.30000000000000004,12,0.28571428571428564,0.4166666666666667,0.13095238095238104,ISOTONIC
calibration_recalibration_v1,2026-09-23 19:58:36,202,D1_creditcard,lightgbm,strict,False,283726,473,,3,0.30000000000000004,0.4,3,0.33147654913046404,0.6666666666666666,0.3351901175362026,ISOTONIC
calibration_recalibration_v1,2026-09-23 19:58:36,202,D1_creditcard,lightgbm,strict,False,283726,473,,4,0.4,0.5,1,0.4453495435837634,1.0,0.5546504564162367,ISOTONIC
calibration_recalibration_v1,2026-09-23 19:58:36,202,D1_creditcard,lightgbm,strict,False,283726,473,,5,0.5,0.6000000000000001,0,,,,ISOTONIC
calibration_recalibration_v1,2026-09-23 19:58:36,202,D1_creditcard,lightgbm,strict,False,283726,473,,6,0.6000000000000001,0.7000000000000001,2,0.6666666666666666,0.5,0.16666666666666663,ISOTONIC
calibration_recalibration_v1,2026-09-23 19:58:36,202,D1_creditcard,lightgbm,strict,False,283726,473,,7,0.7000000000000001,0.8,3,0.7383620016137185,0.3333333333333333,0.40502866828038514,ISOTONIC
calibration_recalibration_v1,2026-09-23 19:58:36,202,D1_creditcard,lightgbm,strict,False,283726,473,,8,0.8,0.9,0,,,,ISOTONIC
calibration_recalibration_v1,2026-09-23 19:58:36,202,D1_creditcard,lightgbm,strict,False,283726,473,,9,0.9,1.0,74,0.9483813483813485,0.9864864864864865,0.03810513810513805,ISOTONIC
calibration_recalibration_v1,2026-09-23 19:58:48,202,D2_fraudTest,xgboost,strict,False,555719,2145,,0,0.0,0.1,107024,0.005225478339935628,3.737479443863059e-05,0.005188103545496997,RAW
calibration_recalibration_v1,2026-09-23 19:58:48,202,D2_fraudTest,xgboost,strict,False,555719,2145,,1,0.1,0.2,1457,0.14138531880728086,0.0034317089910775567,0.1379536098162033,RAW
calibration_recalibration_v1,2026-09-23 19:58:48,202,D2_fraudTest,xgboost,strict,False,555719,2145,,2,0.2,0.30000000000000004,668,0.2444224117580288,0.004491017964071856,0.23993139379395695,RAW
calibration_recalibration_v1,2026-09-23 19:58:48,202,D2_fraudTest,xgboost,strict,False,555719,2145,,3,0.30000000000000004,0.4,415,0.3474008114941149,0.007228915662650603,0.3401718958314643,RAW
calibration_recalibration_v1,2026-09-23 19:58:48,202,D2_fraudTest,xgboost,strict,False,555719,2145,,4,0.4,0.5,248,0.44928736383876494,0.008064516129032258,0.4412228477097327,RAW
calibration_recalibration_v1,2026-09-23 19:58:48,202,D2_fraudTest,xgboost,strict,False,555719,2145,,5,0.5,0.6000000000000001,242,0.5466593609861106,0.008264462809917356,0.5383948981761932,RAW
calibration_recalibration_v1,2026-09-23 19:58:48,202,D2_fraudTest,xgboost,strict,False,555719,2145,,6,0.6000000000000001,0.7000000000000001,175,0.6488367118154253,0.022857142857142857,0.6259795689582824,RAW
calibration_recalibration_v1,2026-09-23 19:58:48,202,D2_fraudTest,xgboost,strict,False,555719,2145,,7,0.7000000000000001,0.8,177,0.7521450011070165,0.07344632768361582,0.6786986734234007,RAW
calibration_recalibration_v1,2026-09-23 19:58:48,202,D2_fraudTest,xgboost,strict,False,555719,2145,,8,0.8,0.9,185,0.8501290675756094,0.04864864864864865,0.8014804189269606,RAW
calibration_recalibration_v1,2026-09-23 19:58:48,202,D2_fraudTest,xgboost,strict,False,555719,2145,,9,0.9,1.0,553,0.9749251243003239,0.6943942133815552,0.2805309109187687,RAW
calibration_recalibration_v1,2026-09-23 19:58:48,202,D2_fraudTest,xgboost,strict,False,555719,2145,,0,0.0,0.1,110268,0.00026707148779771657,0.0002448579823702253,2.2213505427491295e-05,PLATT_SIGMOID
calibration_recalibration_v1,2026-09-23 19:58:48,202,D2_fraudTest,xgboost,strict,False,555719,2145,,1,0.1,0.2,138,0.15011957573694998,0.06521739130434782,0.08490218443260215,PLATT_SIGMOID
calibration_recalibration_v1,2026-09-23 19:58:48,202,D2_fraudTest,xgboost,strict,False,555719,2145,,2,0.2,0.30000000000000004,103,0.25353726508214475,0.04854368932038835,0.2049935757617564,PLATT_SIGMOID
calibration_recalibration_v1,2026-09-23 19:58:48,202,D2_fraudTest,xgboost,strict,False,555719,2145,,3,0.30000000000000004,0.4,78,0.34989445031204014,0.038461538461538464,0.3114329118505017,PLATT_SIGMOID
calibration_recalibration_v1,2026-09-23 19:58:48,202,D2_fraudTest,xgboost,strict,False,555719,2145,,4,0.4,0.5,88,0.44708066244997524,0.19318181818181818,0.25389884426815706,PLATT_SIGMOID
calibration_recalibration_v1,2026-09-23 19:58:48,202,D2_fraudTest,xgboost,strict,False,555719,2145,,5,0.5,0.6000000000000001,110,0.5494232584645946,0.3090909090909091,0.24033234937368553,PLATT_SIGMOID
calibration_recalibration_v1,2026-09-23 19:58:48,202,D2_fraudTest,xgboost,strict,False,555719,2145,,6,0.6000000000000001,0.7000000000000001,359,0.6459947085110589,0.9303621169916435,0.2843674084805846,PLATT_SIGMOID
calibration_recalibration_v1,2026-09-23 19:58:48,202,D2_fraudTest,xgboost,strict,False,555719,2145,,7,0.7000000000000001,0.8,0,,,,PLATT_SIGMOID
calibration_recalibration_v1,2026-09-23 19:58:48,202,D2_fraudTest,xgboost,strict,False,555719,2145,,8,0.8,0.9,0,,,,PLATT_SIGMOID
calibration_recalibration_v1,2026-09-23 19:58:48,202,D2_fraudTest,xgboost,strict,False,555719,2145,,9,0.9,1.0,0,,,,PLATT_SIGMOID
calibration_recalibration_v1,2026-09-23 19:58:48,202,D2_fraudTest,xgboost,strict,False,555719,2145,,0,0.0,0.1,110566,0.0003950386311407121,0.0003889079825624514,6.130648578260675e-06,ISOTONIC
calibration_recalibration_v1,2026-09-23 19:58:48,202,D2_fraudTest,xgboost,strict,False,555719,2145,,1,0.1,0.2,125,0.14833380480905237,0.168,0.019666195190947644,ISOTONIC
calibration_recalibration_v1,2026-09-23 19:58:48,202,D2_fraudTest,xgboost,strict,False,555719,2145,,2,0.2,0.30000000000000004,74,0.27118644067796605,0.2972972972972973,0.02611085661933127,ISOTONIC
calibration_recalibration_v1,2026-09-23 19:58:48,202,D2_fraudTest,xgboost,strict,False,555719,2145,,3,0.30000000000000004,0.4,0,,,,ISOTONIC
calibration_recalibration_v1,2026-09-23 19:58:48,202,D2_fraudTest,xgboost,strict,False,555719,2145,,4,0.4,0.5,1,0.43693775659152156,0.0,0.43693775659152156,ISOTONIC
calibration_recalibration_v1,2026-09-23 19:58:48,202,D2_fraudTest,xgboost,strict,False,555719,2145,,5,0.5,0.6000000000000001,44,0.5511813249477036,0.5,0.051181324947703555,ISOTONIC
calibration_recalibration_v1,2026-09-23 19:58:48,202,D2_fraudTest,xgboost,strict,False,555719,2145,,6,0.6000000000000001,0.7000000000000001,32,0.6847826086956521,0.90625,0.2214673913043479,ISOTONIC
calibration_recalibration_v1,2026-09-23 19:58:48,202,D2_fraudTest,xgboost,strict,False,555719,2145,,7,0.7000000000000001,0.8,0,,,,ISOTONIC
calibration_recalibration_v1,2026-09-23 19:58:48,202,D2_fraudTest,xgboost,strict,False,555719,2145,,8,0.8,0.9,63,0.8344241274262169,0.8571428571428571,0.02271872971664024,ISOTONIC
calibration_recalibration_v1,2026-09-23 19:58:48,202,D2_fraudTest,xgboost,strict,False,555719,2145,,9,0.9,1.0,239,0.9903460819923773,0.99581589958159,0.005469817589212722,ISOTONIC
calibration_recalibration_v1,2026-09-23 19:59:23,202,D2_fraudTest,lightgbm,strict,False,555719,2145,,0,0.0,0.1,110240,0.00045648647961886316,0.000181422351233672,0.00027506412838519114,RAW
calibration_recalibration_v1,2026-09-23 19:59:23,202,D2_fraudTest,lightgbm,strict,False,555719,2145,,1,0.1,0.2,189,0.1417913875324337,0.037037037037037035,0.10475435049539666,RAW
calibration_recalibration_v1,2026-09-23 19:59:23,202,D2_fraudTest,lightgbm,strict,False,555719,2145,,2,0.2,0.30000000000000004,83,0.2414193074034079,0.04819277108433735,0.19322653631907055,RAW
calibration_recalibration_v1,2026-09-23 19:59:23,202,D2_fraudTest,lightgbm,strict,False,555719,2145,,3,0.30000000000000004,0.4,60,0.3504815095985702,0.06666666666666667,0.28381484293190357,RAW
calibration_recalibration_v1,2026-09-23 19:59:23,202,D2_fraudTest,lightgbm,strict,False,555719,2145,,4,0.4,0.5,42,0.4443628140030648,0.09523809523809523,0.3491247187649696,RAW
calibration_recalibration_v1,2026-09-23 19:59:23,202,D2_fraudTest,lightgbm,strict,False,555719,2145,,5,0.5,0.6000000000000001,42,0.5453808584813428,0.047619047619047616,0.49776181086229515,RAW
calibration_recalibration_v1,2026-09-23 19:59:23,202,D2_fraudTest,lightgbm,strict,False,555719,2145,,6,0.6000000000000001,0.7000000000000001,34,0.6465383407077446,0.17647058823529413,0.4700677524724505,RAW
calibration_recalibration_v1,2026-09-23 19:59:23,202,D2_fraudTest,lightgbm,strict,False,555719,2145,,7,0.7000000000000001,0.8,21,0.7514873745408587,0.09523809523809523,0.6562492793027634,RAW
calibration_recalibration_v1,2026-09-23 19:59:23,202,D2_fraudTest,lightgbm,strict,False,555719,2145,,8,0.8,0.9,37,0.8532678013160079,0.24324324324324326,0.6100245580727646,RAW
calibration_recalibration_v1,2026-09-23 19:59:23,202,D2_fraudTest,lightgbm,strict,False,555719,2145,,9,0.9,1.0,396,0.9928641453628879,0.9368686868686869,0.05599545849420107,RAW
calibration_recalibration_v1,2026-09-23 19:59:23,202,D2_fraudTest,lightgbm,strict,False,555719,2145,,0,0.0,0.1,110655,0.00033739585517577784,0.0003705209886584429,3.3125133482665085e-05,PLATT_SIGMOID
calibration_recalibration_v1,2026-09-23 19:59:23,202,D2_fraudTest,lightgbm,strict,False,555719,2145,,1,0.1,0.2,28,0.14464279835569332,0.14285714285714285,0.0017856554985504758,PLATT_SIGMOID
calibration_recalibration_v1,2026-09-23 19:59:23,202,D2_fraudTest,lightgbm,strict,False,555719,2145,,2,0.2,0.30000000000000004,14,0.25078267453295927,0.2857142857142857,0.03493161118132643,PLATT_SIGMOID
calibration_recalibration_v1,2026-09-23 19:59:23,202,D2_fraudTest,lightgbm,strict,False,555719,2145,,3,0.30000000000000004,0.4,9,0.3569034054094866,0.0,0.3569034054094866,PLATT_SIGMOID
calibration_recalibration_v1,2026-09-23 19:59:23,202,D2_fraudTest,lightgbm,strict,False,555719,2145,,4,0.4,0.5,9,0.4618538656911364,0.1111111111111111,0.3507427545800253,PLATT_SIGMOID
calibration_recalibration_v1,2026-09-23 19:59:23,202,D2_fraudTest,lightgbm,strict,False,555719,2145,,5,0.5,0.6000000000000001,17,0.5574140844471066,0.23529411764705882,0.3221199668000478,PLATT_SIGMOID
calibration_recalibration_v1,2026-09-23 19:59:23,202,D2_fraudTest,lightgbm,strict,False,555719,2145,,6,0.6000000000000001,0.7000000000000001,15,0.6605765562230436,0.26666666666666666,0.3939098895563769,PLATT_SIGMOID
calibration_recalibration_v1,2026-09-23 19:59:23,202,D2_fraudTest,lightgbm,strict,False,555719,2145,,7,0.7000000000000001,0.8,24,0.7533500607648476,0.3333333333333333,0.42001672743151425,PLATT_SIGMOID
calibration_recalibration_v1,2026-09-23 19:59:23,202,D2_fraudTest,lightgbm,strict,False,555719,2145,,8,0.8,0.9,373,0.8614368045550991,0.9731903485254692,0.11175354397037007,PLATT_SIGMOID
calibration_recalibration_v1,2026-09-23 19:59:23,202,D2_fraudTest,lightgbm,strict,False,555719,2145,,9,0.9,1.0,0,,,,PLATT_SIGMOID
calibration_recalibration_v1,2026-09-23 19:59:23,202,D2_fraudTest,lightgbm,strict,False,555719,2145,,0,0.0,0.1,110644,0.00025772100852446687,0.00037055782509670654,0.00011283681657223968,ISOTONIC
calibration_recalibration_v1,2026-09-23 19:59:23,202,D2_fraudTest,lightgbm,strict,False,555719,2145,,1,0.1,0.2,75,0.17470707070707073,0.16,0.014707070707070724,ISOTONIC
calibration_recalibration_v1,2026-09-23 19:59:23,202,D2_fraudTest,lightgbm,strict,False,555719,2145,,2,0.2,0.30000000000000004,1,0.21289238423043919,0.0,0.21289238423043919,ISOTONIC
calibration_recalibration_v1,2026-09-23 19:59:23,202,D2_fraudTest,lightgbm,strict,False,555719,2145,,3,0.30000000000000004,0.4,39,0.32108865494073985,0.20512820512820512,0.11596044981253473,ISOTONIC
calibration_recalibration_v1,2026-09-23 19:59:23,202,D2_fraudTest,lightgbm,strict,False,555719,2145,,4,0.4,0.5,0,,,,ISOTONIC
calibration_recalibration_v1,2026-09-23 19:59:23,202,D2_fraudTest,lightgbm,strict,False,555719,2145,,5,0.5,0.6000000000000001,15,0.5308677645801295,0.5333333333333333,0.002465568753203806,ISOTONIC
calibration_recalibration_v1,2026-09-23 19:59:23,202,D2_fraudTest,lightgbm,strict,False,555719,2145,,6,0.6000000000000001,0.7000000000000001,61,0.6918883637713235,0.8360655737704918,0.1441772099991684,ISOTONIC
calibration_recalibration_v1,2026-09-23 19:59:23,202,D2_fraudTest,lightgbm,strict,False,555719,2145,,7,0.7000000000000001,0.8,0,,,,ISOTONIC
calibration_recalibration_v1,2026-09-23 19:59:23,202,D2_fraudTest,lightgbm,strict,False,555719,2145,,8,0.8,0.9,5,0.803577879339081,1.0,0.19642212066091902,ISOTONIC
calibration_recalibration_v1,2026-09-23 19:59:23,202,D2_fraudTest,lightgbm,strict,False,555719,2145,,9,0.9,1.0,304,0.9963037528451432,1.0,0.0036962471548568354,ISOTONIC
calibration_recalibration_v1,2026-09-23 19:59:52,202,D3_PaySim,xgboost,strict,False,1000000,749,1000000,0,0.0,0.1,195565,0.0014613234076077072,2.0453557640682127e-05,0.0014408698499670252,RAW
calibration_recalibration_v1,2026-09-23 19:59:52,202,D3_PaySim,xgboost,strict,False,1000000,749,1000000,1,0.1,0.2,1639,0.14300187771243247,0.0006101281269066504,0.14239174958552583,RAW
calibration_recalibration_v1,2026-09-23 19:59:52,202,D3_PaySim,xgboost,strict,False,1000000,749,1000000,2,0.2,0.30000000000000004,761,0.24493709831215862,0.003942181340341655,0.24099491697181696,RAW
calibration_recalibration_v1,2026-09-23 19:59:52,202,D3_PaySim,xgboost,strict,False,1000000,749,1000000,3,0.30000000000000004,0.4,455,0.3464378933985155,0.013186813186813187,0.3332510802117023,RAW
calibration_recalibration_v1,2026-09-23 19:59:52,202,D3_PaySim,xgboost,strict,False,1000000,749,1000000,4,0.4,0.5,357,0.44833659449545277,0.01680672268907563,0.43152987180637714,RAW
calibration_recalibration_v1,2026-09-23 19:59:52,202,D3_PaySim,xgboost,strict,False,1000000,749,1000000,5,0.5,0.6000000000000001,234,0.5483799892613012,0.01282051282051282,0.5355594764407884,RAW
calibration_recalibration_v1,2026-09-23 19:59:52,202,D3_PaySim,xgboost,strict,False,1000000,749,1000000,6,0.6000000000000001,0.7000000000000001,195,0.6485179442625779,0.010256410256410256,0.6382615340061677,RAW
calibration_recalibration_v1,2026-09-23 19:59:52,202,D3_PaySim,xgboost,strict,False,1000000,749,1000000,7,0.7000000000000001,0.8,201,0.742046462066138,0.029850746268656716,0.7121957157974813,RAW
calibration_recalibration_v1,2026-09-23 19:59:52,202,D3_PaySim,xgboost,strict,False,1000000,749,1000000,8,0.8,0.9,218,0.8508597248737965,0.027522935779816515,0.82333678909398,RAW
calibration_recalibration_v1,2026-09-23 19:59:52,202,D3_PaySim,xgboost,strict,False,1000000,749,1000000,9,0.9,1.0,375,0.960794874827067,0.30133333333333334,0.6594615414937337,RAW
calibration_recalibration_v1,2026-09-23 19:59:52,202,D3_PaySim,xgboost,strict,False,1000000,749,1000000,0,0.0,0.1,199497,0.00021052652882327534,0.00016040341458768803,5.0123114235587306e-05,PLATT_SIGMOID
calibration_recalibration_v1,2026-09-23 19:59:52,202,D3_PaySim,xgboost,strict,False,1000000,749,1000000,1,0.1,0.2,252,0.1484598738888176,0.04365079365079365,0.10480908023802395,PLATT_SIGMOID
calibration_recalibration_v1,2026-09-23 19:59:52,202,D3_PaySim,xgboost,strict,False,1000000,749,1000000,2,0.2,0.30000000000000004,251,0.2648014635835596,0.4262948207171315,0.16149335713357188,PLATT_SIGMOID
calibration_recalibration_v1,2026-09-23 19:59:52,202,D3_PaySim,xgboost,strict,False,1000000,749,1000000,3,0.30000000000000004,0.4,0,,,,PLATT_SIGMOID
calibration_recalibration_v1,2026-09-23 19:59:52,202,D3_PaySim,xgboost,strict,False,1000000,749,1000000,4,0.4,0.5,0,,,,PLATT_SIGMOID
calibration_recalibration_v1,2026-09-23 19:59:52,202,D3_PaySim,xgboost,strict,False,1000000,749,1000000,5,0.5,0.6000000000000001,0,,,,PLATT_SIGMOID
calibration_recalibration_v1,2026-09-23 19:59:52,202,D3_PaySim,xgboost,strict,False,1000000,749,1000000,6,0.6000000000000001,0.7000000000000001,0,,,,PLATT_SIGMOID
calibration_recalibration_v1,2026-09-23 19:59:52,202,D3_PaySim,xgboost,strict,False,1000000,749,1000000,7,0.7000000000000001,0.8,0,,,,PLATT_SIGMOID
calibration_recalibration_v1,2026-09-23 19:59:52,202,D3_PaySim,xgboost,strict,False,1000000,749,1000000,8,0.8,0.9,0,,,,PLATT_SIGMOID
calibration_recalibration_v1,2026-09-23 19:59:52,202,D3_PaySim,xgboost,strict,False,1000000,749,1000000,9,0.9,1.0,0,,,,PLATT_SIGMOID
calibration_recalibration_v1,2026-09-23 19:59:52,202,D3_PaySim,xgboost,strict,False,1000000,749,1000000,0,0.0,0.1,199775,0.00017295871786660404,0.000220247778751095,4.7289060884490945e-05,ISOTONIC
calibration_recalibration_v1,2026-09-23 19:59:52,202,D3_PaySim,xgboost,strict,False,1000000,749,1000000,1,0.1,0.2,85,0.1471159337521416,0.10588235294117647,0.041233580810965134,ISOTONIC
calibration_recalibration_v1,2026-09-23 19:59:52,202,D3_PaySim,xgboost,strict,False,1000000,749,1000000,2,0.2,0.30000000000000004,21,0.2857142857142857,0.14285714285714285,0.14285714285714285,ISOTONIC
calibration_recalibration_v1,2026-09-23 19:59:52,202,D3_PaySim,xgboost,strict,False,1000000,749,1000000,3,0.30000000000000004,0.4,7,0.3291365499310901,0.5714285714285714,0.2422920214974813,ISOTONIC
calibration_recalibration_v1,2026-09-23 19:59:52,202,D3_PaySim,xgboost,strict,False,1000000,749,1000000,4,0.4,0.5,19,0.4721231043710972,0.5263157894736842,0.05419268510258696,ISOTONIC
calibration_recalibration_v1,2026-09-23 19:59:52,202,D3_PaySim,xgboost,strict,False,1000000,749,1000000,5,0.5,0.6000000000000001,26,0.503573765361857,0.7307692307692307,0.22719546540737368,ISOTONIC
calibration_recalibration_v1,2026-09-23 19:59:52,202,D3_PaySim,xgboost,strict,False,1000000,749,1000000,6,0.6000000000000001,0.7000000000000001,14,0.686562235841082,0.8571428571428571,0.1705806213017751,ISOTONIC
calibration_recalibration_v1,2026-09-23 19:59:52,202,D3_PaySim,xgboost,strict,False,1000000,749,1000000,7,0.7000000000000001,0.8,0,,,,ISOTONIC
calibration_recalibration_v1,2026-09-23 19:59:52,202,D3_PaySim,xgboost,strict,False,1000000,749,1000000,8,0.8,0.9,0,,,,ISOTONIC
calibration_recalibration_v1,2026-09-23 19:59:52,202,D3_PaySim,xgboost,strict,False,1000000,749,1000000,9,0.9,1.0,53,0.987420572327044,0.9245283018867925,0.06289227044025159,ISOTONIC
calibration_recalibration_v1,2026-09-23 20:00:51,202,D3_PaySim,lightgbm,strict,False,1000000,749,1000000,0,0.0,0.1,199568,0.00011136497470863307,0.00013028140784093642,1.8916433132303346e-05,RAW
calibration_recalibration_v1,2026-09-23 20:00:51,202,D3_PaySim,lightgbm,strict,False,1000000,749,1000000,1,0.1,0.2,113,0.1436215059037325,0.05309734513274336,0.09052416077098913,RAW
calibration_recalibration_v1,2026-09-23 20:00:51,202,D3_PaySim,lightgbm,strict,False,1000000,749,1000000,2,0.2,0.30000000000000004,45,0.23481790458725543,0.06666666666666667,0.16815123792058878,RAW
calibration_recalibration_v1,2026-09-23 20:00:51,202,D3_PaySim,lightgbm,strict,False,1000000,749,1000000,3,0.30000000000000004,0.4,28,0.35081223087008706,0.03571428571428571,0.31509794515580136,RAW
calibration_recalibration_v1,2026-09-23 20:00:51,202,D3_PaySim,lightgbm,strict,False,1000000,749,1000000,4,0.4,0.5,20,0.45286492618324425,0.2,0.25286492618324424,RAW
calibration_recalibration_v1,2026-09-23 20:00:51,202,D3_PaySim,lightgbm,strict,False,1000000,749,1000000,5,0.5,0.6000000000000001,22,0.5592616157944854,0.13636363636363635,0.42289797943084906,RAW
calibration_recalibration_v1,2026-09-23 20:00:51,202,D3_PaySim,lightgbm,strict,False,1000000,749,1000000,6,0.6000000000000001,0.7000000000000001,16,0.6343681687666918,0.0625,0.5718681687666918,RAW
calibration_recalibration_v1,2026-09-23 20:00:51,202,D3_PaySim,lightgbm,strict,False,1000000,749,1000000,7,0.7000000000000001,0.8,22,0.7408295088360723,0.22727272727272727,0.513556781563345,RAW
calibration_recalibration_v1,2026-09-23 20:00:51,202,D3_PaySim,lightgbm,strict,False,1000000,749,1000000,8,0.8,0.9,22,0.8537763917780151,0.18181818181818182,0.6719582099598334,RAW
calibration_recalibration_v1,2026-09-23 20:00:51,202,D3_PaySim,lightgbm,strict,False,1000000,749,1000000,9,0.9,1.0,144,0.989057124478844,0.6736111111111112,0.3154460133677328,RAW
calibration_recalibration_v1,2026-09-23 20:00:51,202,D3_PaySim,lightgbm,strict,False,1000000,749,1000000,0,0.0,0.1,199811,0.0002091549073575633,0.0002202080966513355,1.1053189293772217e-05,PLATT_SIGMOID
calibration_recalibration_v1,2026-09-23 20:00:51,202,D3_PaySim,lightgbm,strict,False,1000000,749,1000000,1,0.1,0.2,22,0.14601311660624347,0.18181818181818182,0.03580506521193835,PLATT_SIGMOID
calibration_recalibration_v1,2026-09-23 20:00:51,202,D3_PaySim,lightgbm,strict,False,1000000,749,1000000,2,0.2,0.30000000000000004,8,0.2501178117077705,0.25,0.00011781170777047656,PLATT_SIGMOID
calibration_recalibration_v1,2026-09-23 20:00:51,202,D3_PaySim,lightgbm,strict,False,1000000,749,1000000,3,0.30000000000000004,0.4,10,0.35086834334334716,0.3,0.05086834334334717,PLATT_SIGMOID
calibration_recalibration_v1,2026-09-23 20:00:51,202,D3_PaySim,lightgbm,strict,False,1000000,749,1000000,4,0.4,0.5,15,0.4465309375169157,0.06666666666666667,0.37986427085024904,PLATT_SIGMOID
calibration_recalibration_v1,2026-09-23 20:00:51,202,D3_PaySim,lightgbm,strict,False,1000000,749,1000000,5,0.5,0.6000000000000001,12,0.5570927217123902,0.16666666666666666,0.3904260550457236,PLATT_SIGMOID
calibration_recalibration_v1,2026-09-23 20:00:51,202,D3_PaySim,lightgbm,strict,False,1000000,749,1000000,6,0.6000000000000001,0.7000000000000001,122,0.6504338910378619,0.7704918032786885,0.12005791224082663,PLATT_SIGMOID
calibration_recalibration_v1,2026-09-23 20:00:51,202,D3_PaySim,lightgbm,strict,False,1000000,749,1000000,7,0.7000000000000001,0.8,0,,,,PLATT_SIGMOID
calibration_recalibration_v1,2026-09-23 20:00:51,202,D3_PaySim,lightgbm,strict,False,1000000,749,1000000,8,0.8,0.9,0,,,,PLATT_SIGMOID
calibration_recalibration_v1,2026-09-23 20:00:51,202,D3_PaySim,lightgbm,strict,False,1000000,749,1000000,9,0.9,1.0,0,,,,PLATT_SIGMOID
calibration_recalibration_v1,2026-09-23 20:00:51,202,D3_PaySim,lightgbm,strict,False,1000000,749,1000000,0,0.0,0.1,199866,0.00023130035752241815,0.00027018102128426047,3.888066376184232e-05,ISOTONIC
calibration_recalibration_v1,2026-09-23 20:00:51,202,D3_PaySim,lightgbm,strict,False,1000000,749,1000000,1,0.1,0.2,0,,,,ISOTONIC
calibration_recalibration_v1,2026-09-23 20:00:51,202,D3_PaySim,lightgbm,strict,False,1000000,749,1000000,2,0.2,0.30000000000000004,7,0.25,0.14285714285714285,0.10714285714285715,ISOTONIC
calibration_recalibration_v1,2026-09-23 20:00:51,202,D3_PaySim,lightgbm,strict,False,1000000,749,1000000,3,0.30000000000000004,0.4,32,0.3251310142210261,0.25,0.07513101422102608,ISOTONIC
calibration_recalibration_v1,2026-09-23 20:00:51,202,D3_PaySim,lightgbm,strict,False,1000000,749,1000000,4,0.4,0.5,0,,,,ISOTONIC
calibration_recalibration_v1,2026-09-23 20:00:51,202,D3_PaySim,lightgbm,strict,False,1000000,749,1000000,5,0.5,0.6000000000000001,1,0.5802105331670222,0.0,0.5802105331670222,ISOTONIC
calibration_recalibration_v1,2026-09-23 20:00:51,202,D3_PaySim,lightgbm,strict,False,1000000,749,1000000,6,0.6000000000000001,0.7000000000000001,4,0.6895798826281048,0.75,0.06042011737189523,ISOTONIC
calibration_recalibration_v1,2026-09-23 20:00:51,202,D3_PaySim,lightgbm,strict,False,1000000,749,1000000,7,0.7000000000000001,0.8,2,0.7365215304154447,0.0,0.7365215304154447,ISOTONIC
calibration_recalibration_v1,2026-09-23 20:00:51,202,D3_PaySim,lightgbm,strict,False,1000000,749,1000000,8,0.8,0.9,35,0.8695652173913043,0.8857142857142857,0.016149068322981353,ISOTONIC
calibration_recalibration_v1,2026-09-23 20:00:51,202,D3_PaySim,lightgbm,strict,False,1000000,749,1000000,9,0.9,1.0,53,0.987420534591195,1.0,0.012579465408804946,ISOTONIC
calibration_recalibration_v1,2026-09-23 20:01:01,303,D1_creditcard,xgboost,strict,False,283726,473,,0,0.0,0.1,56643,0.00018106437871377682,0.00037074307504899104,0.00018967869633521422,RAW
calibration_recalibration_v1,2026-09-23 20:01:01,303,D1_creditcard,xgboost,strict,False,283726,473,,1,0.1,0.2,5,0.13683586567640305,0.2,0.06316413432359697,RAW
calibration_recalibration_v1,2026-09-23 20:01:01,303,D1_creditcard,xgboost,strict,False,283726,473,,2,0.2,0.30000000000000004,4,0.2347918599843979,0.0,0.2347918599843979,RAW
calibration_recalibration_v1,2026-09-23 20:01:01,303,D1_creditcard,xgboost,strict,False,283726,473,,3,0.30000000000000004,0.4,3,0.35359471042950946,0.0,0.35359471042950946,RAW
calibration_recalibration_v1,2026-09-23 20:01:01,303,D1_creditcard,xgboost,strict,False,283726,473,,4,0.4,0.5,3,0.45252444346745807,0.3333333333333333,0.11919111013412476,RAW
calibration_recalibration_v1,2026-09-23 20:01:01,303,D1_creditcard,xgboost,strict,False,283726,473,,5,0.5,0.6000000000000001,5,0.5341278076171875,0.0,0.5341278076171875,RAW
calibration_recalibration_v1,2026-09-23 20:01:01,303,D1_creditcard,xgboost,strict,False,283726,473,,6,0.6000000000000001,0.7000000000000001,1,0.6655233502388,1.0,0.33447664976119995,RAW
calibration_recalibration_v1,2026-09-23 20:01:01,303,D1_creditcard,xgboost,strict,False,283726,473,,7,0.7000000000000001,0.8,4,0.752659946680069,0.5,0.25265994668006897,RAW
calibration_recalibration_v1,2026-09-23 20:01:01,303,D1_creditcard,xgboost,strict,False,283726,473,,8,0.8,0.9,3,0.8675627708435059,0.0,0.8675627708435059,RAW
calibration_recalibration_v1,2026-09-23 20:01:01,303,D1_creditcard,xgboost,strict,False,283726,473,,9,0.9,1.0,75,0.9923351383209229,0.92,0.07233513832092286,RAW
calibration_recalibration_v1,2026-09-23 20:01:01,303,D1_creditcard,xgboost,strict,False,283726,473,,0,0.0,0.1,56663,0.0004413472448145293,0.000405908617616434,3.543862719809532e-05,PLATT_SIGMOID
calibration_recalibration_v1,2026-09-23 20:01:01,303,D1_creditcard,xgboost,strict,False,283726,473,,1,0.1,0.2,1,0.16639026483623573,1.0,0.8336097351637642,PLATT_SIGMOID
calibration_recalibration_v1,2026-09-23 20:01:01,303,D1_creditcard,xgboost,strict,False,283726,473,,2,0.2,0.30000000000000004,2,0.25096684506388234,1.0,0.7490331549361177,PLATT_SIGMOID
calibration_recalibration_v1,2026-09-23 20:01:01,303,D1_creditcard,xgboost,strict,False,283726,473,,3,0.30000000000000004,0.4,2,0.3741090866811194,0.0,0.3741090866811194,PLATT_SIGMOID
calibration_recalibration_v1,2026-09-23 20:01:01,303,D1_creditcard,xgboost,strict,False,283726,473,,4,0.4,0.5,0,,,,PLATT_SIGMOID
calibration_recalibration_v1,2026-09-23 20:01:01,303,D1_creditcard,xgboost,strict,False,283726,473,,5,0.5,0.6000000000000001,2,0.5361454749460639,0.0,0.5361454749460639,PLATT_SIGMOID
calibration_recalibration_v1,2026-09-23 20:01:01,303,D1_creditcard,xgboost,strict,False,283726,473,,6,0.6000000000000001,0.7000000000000001,5,0.6382802448488268,0.2,0.4382802448488268,PLATT_SIGMOID
calibration_recalibration_v1,2026-09-23 20:01:01,303,D1_creditcard,xgboost,strict,False,283726,473,,7,0.7000000000000001,0.8,5,0.7614987800561388,0.6,0.16149878005613882,PLATT_SIGMOID
calibration_recalibration_v1,2026-09-23 20:01:01,303,D1_creditcard,xgboost,strict,False,283726,473,,8,0.8,0.9,66,0.8125224510281918,0.9848484848484849,0.1723260338202931,PLATT_SIGMOID
calibration_recalibration_v1,2026-09-23 20:01:01,303,D1_creditcard,xgboost,strict,False,283726,473,,9,0.9,1.0,0,,,,PLATT_SIGMOID
calibration_recalibration_v1,2026-09-23 20:01:01,303,D1_creditcard,xgboost,strict,False,283726,473,,0,0.0,0.1,56642,0.00019371784327018698,0.00037074962042300764,0.00017703177715282066,ISOTONIC
calibration_recalibration_v1,2026-09-23 20:01:01,303,D1_creditcard,xgboost,strict,False,283726,473,,1,0.1,0.2,21,0.14431997736222318,0.09523809523809523,0.04908188212412795,ISOTONIC
calibration_recalibration_v1,2026-09-23 20:01:01,303,D1_creditcard,xgboost,strict,False,283726,473,,2,0.2,0.30000000000000004,0,,,,ISOTONIC
calibration_recalibration_v1,2026-09-23 20:01:01,303,D1_creditcard,xgboost,strict,False,283726,473,,3,0.30000000000000004,0.4,1,0.3333333333333333,1.0,0.6666666666666667,ISOTONIC
calibration_recalibration_v1,2026-09-23 20:01:01,303,D1_creditcard,xgboost,strict,False,283726,473,,4,0.4,0.5,1,0.4150786227420017,1.0,0.5849213772579983,ISOTONIC
calibration_recalibration_v1,2026-09-23 20:01:01,303,D1_creditcard,xgboost,strict,False,283726,473,,5,0.5,0.6000000000000001,16,0.5333333333333333,0.375,0.15833333333333333,ISOTONIC
calibration_recalibration_v1,2026-09-23 20:01:01,303,D1_creditcard,xgboost,strict,False,283726,473,,6,0.6000000000000001,0.7000000000000001,3,0.6468788069452067,1.0,0.3531211930547933,ISOTONIC
calibration_recalibration_v1,2026-09-23 20:01:01,303,D1_creditcard,xgboost,strict,False,283726,473,,7,0.7000000000000001,0.8,0,,,,ISOTONIC
calibration_recalibration_v1,2026-09-23 20:01:01,303,D1_creditcard,xgboost,strict,False,283726,473,,8,0.8,0.9,0,,,,ISOTONIC
calibration_recalibration_v1,2026-09-23 20:01:01,303,D1_creditcard,xgboost,strict,False,283726,473,,9,0.9,1.0,62,0.9876654535104366,0.9838709677419355,0.0037944857685010547,ISOTONIC
calibration_recalibration_v1,2026-09-23 20:01:28,303,D1_creditcard,lightgbm,strict,False,283726,473,,0,0.0,0.1,56661,7.113825796755076e-06,0.00042357176894160004,0.00041645794314484495,RAW
calibration_recalibration_v1,2026-09-23 20:01:28,303,D1_creditcard,lightgbm,strict,False,283726,473,,1,0.1,0.2,1,0.12095742958858352,0.0,0.12095742958858352,RAW
calibration_recalibration_v1,2026-09-23 20:01:28,303,D1_creditcard,lightgbm,strict,False,283726,473,,2,0.2,0.30000000000000004,0,,,,RAW
calibration_recalibration_v1,2026-09-23 20:01:28,303,D1_creditcard,lightgbm,strict,False,283726,473,,3,0.30000000000000004,0.4,1,0.31471027982743466,0.0,0.31471027982743466,RAW
calibration_recalibration_v1,2026-09-23 20:01:28,303,D1_creditcard,lightgbm,strict,False,283726,473,,4,0.4,0.5,0,,,,RAW
calibration_recalibration_v1,2026-09-23 20:01:28,303,D1_creditcard,lightgbm,strict,False,283726,473,,5,0.5,0.6000000000000001,4,0.5597864175104785,0.25,0.30978641751047853,RAW
calibration_recalibration_v1,2026-09-23 20:01:28,303,D1_creditcard,lightgbm,strict,False,283726,473,,6,0.6000000000000001,0.7000000000000001,1,0.626878789170943,0.0,0.626878789170943,RAW
calibration_recalibration_v1,2026-09-23 20:01:28,303,D1_creditcard,lightgbm,strict,False,283726,473,,7,0.7000000000000001,0.8,3,0.7869550206202023,0.3333333333333333,0.45362168728686897,RAW
calibration_recalibration_v1,2026-09-23 20:01:28,303,D1_creditcard,lightgbm,strict,False,283726,473,,8,0.8,0.9,1,0.8744025691697386,0.0,0.8744025691697386,RAW
calibration_recalibration_v1,2026-09-23 20:01:28,303,D1_creditcard,lightgbm,strict,False,283726,473,,9,0.9,1.0,74,0.99831205821207,0.9324324324324325,0.06587962577963757,RAW
calibration_recalibration_v1,2026-09-23 20:01:28,303,D1_creditcard,lightgbm,strict,False,283726,473,,0,0.0,0.1,56667,0.0004445263156386921,0.00044117387544779146,3.3524401909006346e-06,PLATT_SIGMOID
calibration_recalibration_v1,2026-09-23 20:01:28,303,D1_creditcard,lightgbm,strict,False,283726,473,,1,0.1,0.2,1,0.12711087364674997,0.0,0.12711087364674997,PLATT_SIGMOID
calibration_recalibration_v1,2026-09-23 20:01:28,303,D1_creditcard,lightgbm,strict,False,283726,473,,2,0.2,0.30000000000000004,0,,,,PLATT_SIGMOID
calibration_recalibration_v1,2026-09-23 20:01:28,303,D1_creditcard,lightgbm,strict,False,283726,473,,3,0.30000000000000004,0.4,3,0.3906048155808348,0.3333333333333333,0.057271482247501504,PLATT_SIGMOID
calibration_recalibration_v1,2026-09-23 20:01:28,303,D1_creditcard,lightgbm,strict,False,283726,473,,4,0.4,0.5,0,,,,PLATT_SIGMOID
calibration_recalibration_v1,2026-09-23 20:01:28,303,D1_creditcard,lightgbm,strict,False,283726,473,,5,0.5,0.6000000000000001,1,0.5901993785464105,0.0,0.5901993785464105,PLATT_SIGMOID
calibration_recalibration_v1,2026-09-23 20:01:28,303,D1_creditcard,lightgbm,strict,False,283726,473,,6,0.6000000000000001,0.7000000000000001,0,,,,PLATT_SIGMOID
calibration_recalibration_v1,2026-09-23 20:01:28,303,D1_creditcard,lightgbm,strict,False,283726,473,,7,0.7000000000000001,0.8,2,0.7488213952144097,0.0,0.7488213952144097,PLATT_SIGMOID
calibration_recalibration_v1,2026-09-23 20:01:28,303,D1_creditcard,lightgbm,strict,False,283726,473,,8,0.8,0.9,72,0.8210342083363716,0.9583333333333334,0.13729912499696173,PLATT_SIGMOID
calibration_recalibration_v1,2026-09-23 20:01:28,303,D1_creditcard,lightgbm,strict,False,283726,473,,9,0.9,1.0,0,,,,PLATT_SIGMOID
calibration_recalibration_v1,2026-09-23 20:01:28,303,D1_creditcard,lightgbm,strict,False,283726,473,,0,0.0,0.1,56630,0.0001810183123248604,0.00037082818294190356,0.00018980987061704315,ISOTONIC
calibration_recalibration_v1,2026-09-23 20:01:28,303,D1_creditcard,lightgbm,strict,False,283726,473,,1,0.1,0.2,30,0.14285714285714285,0.06666666666666667,0.07619047619047618,ISOTONIC
calibration_recalibration_v1,2026-09-23 20:01:28,303,D1_creditcard,lightgbm,strict,False,283726,473,,2,0.2,0.30000000000000004,8,0.2857142857142857,0.25,0.0357142857142857,ISOTONIC
calibration_recalibration_v1,2026-09-23 20:01:28,303,D1_creditcard,lightgbm,strict,False,283726,473,,3,0.30000000000000004,0.4,0,,,,ISOTONIC
calibration_recalibration_v1,2026-09-23 20:01:28,303,D1_creditcard,lightgbm,strict,False,283726,473,,4,0.4,0.5,0,,,,ISOTONIC
calibration_recalibration_v1,2026-09-23 20:01:28,303,D1_creditcard,lightgbm,strict,False,283726,473,,5,0.5,0.6000000000000001,0,,,,ISOTONIC
calibration_recalibration_v1,2026-09-23 20:01:28,303,D1_creditcard,lightgbm,strict,False,283726,473,,6,0.6000000000000001,0.7000000000000001,3,0.6272059764423449,0.3333333333333333,0.29387264310901157,ISOTONIC
calibration_recalibration_v1,2026-09-23 20:01:28,303,D1_creditcard,lightgbm,strict,False,283726,473,,7,0.7000000000000001,0.8,12,0.7662037037037037,0.5833333333333334,0.18287037037037035,ISOTONIC
calibration_recalibration_v1,2026-09-23 20:01:28,303,D1_creditcard,lightgbm,strict,False,283726,473,,8,0.8,0.9,0,,,,ISOTONIC
calibration_recalibration_v1,2026-09-23 20:01:28,303,D1_creditcard,lightgbm,strict,False,283726,473,,9,0.9,1.0,63,0.9852941176470588,0.9841269841269841,0.0011671335200746924,ISOTONIC
calibration_recalibration_v1,2026-09-23 20:01:39,303,D2_fraudTest,xgboost,strict,False,555719,2145,,0,0.0,0.1,107347,0.004773070438944981,6.520908828378995e-05,0.004707861350661191,RAW
calibration_recalibration_v1,2026-09-23 20:01:39,303,D2_fraudTest,xgboost,strict,False,555719,2145,,1,0.1,0.2,1322,0.14193917171249051,0.0030257186081694403,0.13891345310432107,RAW
calibration_recalibration_v1,2026-09-23 20:01:39,303,D2_fraudTest,xgboost,strict,False,555719,2145,,2,0.2,0.30000000000000004,604,0.24354026269241674,0.008278145695364239,0.23526211699705252,RAW
calibration_recalibration_v1,2026-09-23 20:01:39,303,D2_fraudTest,xgboost,strict,False,555719,2145,,3,0.30000000000000004,0.4,353,0.3472542447003697,0.0028328611898017,0.344421383510568,RAW
calibration_recalibration_v1,2026-09-23 20:01:39,303,D2_fraudTest,xgboost,strict,False,555719,2145,,4,0.4,0.5,261,0.4454685957724107,0.019157088122605363,0.42631150764980535,RAW
calibration_recalibration_v1,2026-09-23 20:01:39,303,D2_fraudTest,xgboost,strict,False,555719,2145,,5,0.5,0.6000000000000001,207,0.5456950293071028,0.01932367149758454,0.5263713578095183,RAW
calibration_recalibration_v1,2026-09-23 20:01:39,303,D2_fraudTest,xgboost,strict,False,555719,2145,,6,0.6000000000000001,0.7000000000000001,177,0.6483180445466338,0.02824858757062147,0.6200694569760123,RAW
calibration_recalibration_v1,2026-09-23 20:01:39,303,D2_fraudTest,xgboost,strict,False,555719,2145,,7,0.7000000000000001,0.8,168,0.7545324155972117,0.03571428571428571,0.718818129882926,RAW
calibration_recalibration_v1,2026-09-23 20:01:39,303,D2_fraudTest,xgboost,strict,False,555719,2145,,8,0.8,0.9,194,0.8505633562496028,0.12371134020618557,0.7268520160434172,RAW
calibration_recalibration_v1,2026-09-23 20:01:39,303,D2_fraudTest,xgboost,strict,False,555719,2145,,9,0.9,1.0,511,0.9782729615437308,0.7201565557729941,0.2581164057707367,RAW
calibration_recalibration_v1,2026-09-23 20:01:39,303,D2_fraudTest,xgboost,strict,False,555719,2145,,0,0.0,0.1,110281,0.00028200665746603876,0.0002811000988384218,9.065586276169372e-07,PLATT_SIGMOID
calibration_recalibration_v1,2026-09-23 20:01:39,303,D2_fraudTest,xgboost,strict,False,555719,2145,,1,0.1,0.2,140,0.14811524934082085,0.02857142857142857,0.11954382076939228,PLATT_SIGMOID
calibration_recalibration_v1,2026-09-23 20:01:39,303,D2_fraudTest,xgboost,strict,False,555719,2145,,2,0.2,0.30000000000000004,106,0.2483007801834886,0.07547169811320754,0.17282908207028108,PLATT_SIGMOID
calibration_recalibration_v1,2026-09-23 20:01:39,303,D2_fraudTest,xgboost,strict,False,555719,2145,,3,0.30000000000000004,0.4,87,0.3493705484218393,0.14942528735632185,0.19994526106551744,PLATT_SIGMOID
calibration_recalibration_v1,2026-09-23 20:01:39,303,D2_fraudTest,xgboost,strict,False,555719,2145,,4,0.4,0.5,74,0.4448437120600369,0.17567567567567569,0.26916803638436126,PLATT_SIGMOID
calibration_recalibration_v1,2026-09-23 20:01:39,303,D2_fraudTest,xgboost,strict,False,555719,2145,,5,0.5,0.6000000000000001,98,0.5616925506139406,0.336734693877551,0.22495785673638963,PLATT_SIGMOID
calibration_recalibration_v1,2026-09-23 20:01:39,303,D2_fraudTest,xgboost,strict,False,555719,2145,,6,0.6000000000000001,0.7000000000000001,358,0.6541227684927244,0.9134078212290503,0.25928505273632585,PLATT_SIGMOID
calibration_recalibration_v1,2026-09-23 20:01:39,303,D2_fraudTest,xgboost,strict,False,555719,2145,,7,0.7000000000000001,0.8,0,,,,PLATT_SIGMOID
calibration_recalibration_v1,2026-09-23 20:01:39,303,D2_fraudTest,xgboost,strict,False,555719,2145,,8,0.8,0.9,0,,,,PLATT_SIGMOID
calibration_recalibration_v1,2026-09-23 20:01:39,303,D2_fraudTest,xgboost,strict,False,555719,2145,,9,0.9,1.0,0,,,,PLATT_SIGMOID
calibration_recalibration_v1,2026-09-23 20:01:39,303,D2_fraudTest,xgboost,strict,False,555719,2145,,0,0.0,0.1,110563,0.0004048035491402402,0.00042509700351835606,2.0293454378115866e-05,ISOTONIC
calibration_recalibration_v1,2026-09-23 20:01:39,303,D2_fraudTest,xgboost,strict,False,555719,2145,,1,0.1,0.2,102,0.175107590553122,0.16666666666666666,0.008440923886455343,ISOTONIC
calibration_recalibration_v1,2026-09-23 20:01:39,303,D2_fraudTest,xgboost,strict,False,555719,2145,,2,0.2,0.30000000000000004,43,0.221880007629745,0.27906976744186046,0.057189759812115465,ISOTONIC
calibration_recalibration_v1,2026-09-23 20:01:39,303,D2_fraudTest,xgboost,strict,False,555719,2145,,3,0.30000000000000004,0.4,43,0.33333333333333337,0.2558139534883721,0.07751937984496127,ISOTONIC
calibration_recalibration_v1,2026-09-23 20:01:39,303,D2_fraudTest,xgboost,strict,False,555719,2145,,4,0.4,0.5,58,0.48333333333333334,0.46551724137931033,0.017816091954023006,ISOTONIC
calibration_recalibration_v1,2026-09-23 20:01:39,303,D2_fraudTest,xgboost,strict,False,555719,2145,,5,0.5,0.6000000000000001,0,,,,ISOTONIC
calibration_recalibration_v1,2026-09-23 20:01:39,303,D2_fraudTest,xgboost,strict,False,555719,2145,,6,0.6000000000000001,0.7000000000000001,6,0.6666666666666666,0.8333333333333334,0.16666666666666674,ISOTONIC
calibration_recalibration_v1,2026-09-23 20:01:39,303,D2_fraudTest,xgboost,strict,False,555719,2145,,7,0.7000000000000001,0.8,31,0.7218792908172328,0.7741935483870968,0.052314257569863964,ISOTONIC
calibration_recalibration_v1,2026-09-23 20:01:39,303,D2_fraudTest,xgboost,strict,False,555719,2145,,8,0.8,0.9,31,0.8947368421052633,0.8709677419354839,0.0237691001697794,ISOTONIC
calibration_recalibration_v1,2026-09-23 20:01:39,303,D2_fraudTest,xgboost,strict,False,555719,2145,,9,0.9,1.0,267,0.9914767063800498,0.9700374531835206,0.021439253196529173,ISOTONIC
calibration_recalibration_v1,2026-09-23 20:02:14,303,D2_fraudTest,lightgbm,strict,False,555719,2145,,0,0.0,0.1,110321,0.0003962871680487569,0.00015409577505642625,0.00024219139299233068,RAW
calibration_recalibration_v1,2026-09-23 20:02:14,303,D2_fraudTest,lightgbm,strict,False,555719,2145,,1,0.1,0.2,143,0.14027995192592863,0.03496503496503497,0.10531491696089365,RAW
calibration_recalibration_v1,2026-09-23 20:02:14,303,D2_fraudTest,lightgbm,strict,False,555719,2145,,2,0.2,0.30000000000000004,74,0.24333318287969868,0.0945945945945946,0.14873858828510408,RAW
calibration_recalibration_v1,2026-09-23 20:02:14,303,D2_fraudTest,lightgbm,strict,False,555719,2145,,3,0.30000000000000004,0.4,49,0.34520237144833554,0.10204081632653061,0.24316155512180493,RAW
calibration_recalibration_v1,2026-09-23 20:02:14,303,D2_fraudTest,lightgbm,strict,False,555719,2145,,4,0.4,0.5,44,0.44837067322366325,0.09090909090909091,0.35746158231457237,RAW
calibration_recalibration_v1,2026-09-23 20:02:14,303,D2_fraudTest,lightgbm,strict,False,555719,2145,,5,0.5,0.6000000000000001,32,0.5541360080631514,0.1875,0.36663600806315144,RAW
calibration_recalibration_v1,2026-09-23 20:02:14,303,D2_fraudTest,lightgbm,strict,False,555719,2145,,6,0.6000000000000001,0.7000000000000001,29,0.6559086923919974,0.13793103448275862,0.5179776579092388,RAW
calibration_recalibration_v1,2026-09-23 20:02:14,303,D2_fraudTest,lightgbm,strict,False,555719,2145,,7,0.7000000000000001,0.8,36,0.7561247797906405,0.3611111111111111,0.3950136686795294,RAW
calibration_recalibration_v1,2026-09-23 20:02:14,303,D2_fraudTest,lightgbm,strict,False,555719,2145,,8,0.8,0.9,25,0.8518498291575227,0.28,0.5718498291575227,RAW
calibration_recalibration_v1,2026-09-23 20:02:14,303,D2_fraudTest,lightgbm,strict,False,555719,2145,,9,0.9,1.0,391,0.9916523385500494,0.9232736572890026,0.06837868126104685,RAW
calibration_recalibration_v1,2026-09-23 20:02:14,303,D2_fraudTest,lightgbm,strict,False,555719,2145,,0,0.0,0.1,110657,0.0004026034351992282,0.0003976250937581897,4.9783414410384664e-06,PLATT_SIGMOID
calibration_recalibration_v1,2026-09-23 20:02:14,303,D2_fraudTest,lightgbm,strict,False,555719,2145,,1,0.1,0.2,23,0.13835654747152953,0.08695652173913043,0.0514000257323991,PLATT_SIGMOID
calibration_recalibration_v1,2026-09-23 20:02:14,303,D2_fraudTest,lightgbm,strict,False,555719,2145,,2,0.2,0.30000000000000004,23,0.24728809646593328,0.30434782608695654,0.057059729621023264,PLATT_SIGMOID
calibration_recalibration_v1,2026-09-23 20:02:14,303,D2_fraudTest,lightgbm,strict,False,555719,2145,,3,0.30000000000000004,0.4,11,0.35290489982224377,0.45454545454545453,0.10164055472321076,PLATT_SIGMOID
calibration_recalibration_v1,2026-09-23 20:02:14,303,D2_fraudTest,lightgbm,strict,False,555719,2145,,4,0.4,0.5,15,0.44183395469287645,0.2,0.24183395469287644,PLATT_SIGMOID
calibration_recalibration_v1,2026-09-23 20:02:14,303,D2_fraudTest,lightgbm,strict,False,555719,2145,,5,0.5,0.6000000000000001,14,0.5411796717415307,0.35714285714285715,0.18403681459867355,PLATT_SIGMOID
calibration_recalibration_v1,2026-09-23 20:02:14,303,D2_fraudTest,lightgbm,strict,False,555719,2145,,6,0.6000000000000001,0.7000000000000001,11,0.6606446866706068,0.18181818181818182,0.478826504852425,PLATT_SIGMOID
calibration_recalibration_v1,2026-09-23 20:02:14,303,D2_fraudTest,lightgbm,strict,False,555719,2145,,7,0.7000000000000001,0.8,35,0.7600031792812851,0.5714285714285714,0.18857460785271374,PLATT_SIGMOID
calibration_recalibration_v1,2026-09-23 20:02:14,303,D2_fraudTest,lightgbm,strict,False,555719,2145,,8,0.8,0.9,355,0.8537004862505083,0.9605633802816902,0.10686289403118188,PLATT_SIGMOID
calibration_recalibration_v1,2026-09-23 20:02:14,303,D2_fraudTest,lightgbm,strict,False,555719,2145,,9,0.9,1.0,0,,,,PLATT_SIGMOID
calibration_recalibration_v1,2026-09-23 20:02:14,303,D2_fraudTest,lightgbm,strict,False,555719,2145,,0,0.0,0.1,110606,0.00030603239110272895,0.0003345207312442363,2.848834014150737e-05,ISOTONIC
calibration_recalibration_v1,2026-09-23 20:02:14,303,D2_fraudTest,lightgbm,strict,False,555719,2145,,1,0.1,0.2,108,0.15829617504528382,0.19444444444444445,0.03614826939916063,ISOTONIC
calibration_recalibration_v1,2026-09-23 20:02:14,303,D2_fraudTest,lightgbm,strict,False,555719,2145,,2,0.2,0.30000000000000004,26,0.2692307692307692,0.23076923076923078,0.038461538461538436,ISOTONIC
calibration_recalibration_v1,2026-09-23 20:02:14,303,D2_fraudTest,lightgbm,strict,False,555719,2145,,3,0.30000000000000004,0.4,0,,,,ISOTONIC
calibration_recalibration_v1,2026-09-23 20:02:14,303,D2_fraudTest,lightgbm,strict,False,555719,2145,,4,0.4,0.5,66,0.4659751585623678,0.5151515151515151,0.04917635658914732,ISOTONIC
calibration_recalibration_v1,2026-09-23 20:02:14,303,D2_fraudTest,lightgbm,strict,False,555719,2145,,5,0.5,0.6000000000000001,1,0.5,1.0,0.5,ISOTONIC
calibration_recalibration_v1,2026-09-23 20:02:14,303,D2_fraudTest,lightgbm,strict,False,555719,2145,,6,0.6000000000000001,0.7000000000000001,8,0.6666666666666666,0.75,0.08333333333333337,ISOTONIC
calibration_recalibration_v1,2026-09-23 20:02:14,303,D2_fraudTest,lightgbm,strict,False,555719,2145,,7,0.7000000000000001,0.8,1,0.7419411840613862,0.0,0.7419411840613862,ISOTONIC
calibration_recalibration_v1,2026-09-23 20:02:14,303,D2_fraudTest,lightgbm,strict,False,555719,2145,,8,0.8,0.9,1,0.8202221175545684,1.0,0.17977788244543158,ISOTONIC
calibration_recalibration_v1,2026-09-23 20:02:14,303,D2_fraudTest,lightgbm,strict,False,555719,2145,,9,0.9,1.0,327,0.9947363295640426,0.9877675840978594,0.0069687454661832016,ISOTONIC
calibration_recalibration_v1,2026-09-23 20:02:42,303,D3_PaySim,xgboost,strict,False,1000000,749,1000000,0,0.0,0.1,194672,0.0016233224705821747,1.0273691131749815e-05,0.001613048779450425,RAW
calibration_recalibration_v1,2026-09-23 20:02:42,303,D3_PaySim,xgboost,strict,False,1000000,749,1000000,1,0.1,0.2,1793,0.14353922168618796,0.0016731734523145567,0.14186604823387342,RAW
calibration_recalibration_v1,2026-09-23 20:02:42,303,D3_PaySim,xgboost,strict,False,1000000,749,1000000,2,0.2,0.30000000000000004,921,0.24635192688785082,0.0010857763300760044,0.24526615055777481,RAW
calibration_recalibration_v1,2026-09-23 20:02:42,303,D3_PaySim,xgboost,strict,False,1000000,749,1000000,3,0.30000000000000004,0.4,629,0.3454123643035919,0.0047694753577106515,0.34064288894588124,RAW
calibration_recalibration_v1,2026-09-23 20:02:42,303,D3_PaySim,xgboost,strict,False,1000000,749,1000000,4,0.4,0.5,438,0.449586544338971,0.01141552511415525,0.4381710192248157,RAW
calibration_recalibration_v1,2026-09-23 20:02:42,303,D3_PaySim,xgboost,strict,False,1000000,749,1000000,5,0.5,0.6000000000000001,336,0.5508651593256564,0.008928571428571428,0.541936587897085,RAW
calibration_recalibration_v1,2026-09-23 20:02:42,303,D3_PaySim,xgboost,strict,False,1000000,749,1000000,6,0.6000000000000001,0.7000000000000001,347,0.647186624385438,0.002881844380403458,0.6443047800050344,RAW
calibration_recalibration_v1,2026-09-23 20:02:42,303,D3_PaySim,xgboost,strict,False,1000000,749,1000000,7,0.7000000000000001,0.8,251,0.7454705072114192,0.0199203187250996,0.7255501884863196,RAW
calibration_recalibration_v1,2026-09-23 20:02:42,303,D3_PaySim,xgboost,strict,False,1000000,749,1000000,8,0.8,0.9,243,0.8515728022826552,0.04526748971193416,0.806305312570721,RAW
calibration_recalibration_v1,2026-09-23 20:02:42,303,D3_PaySim,xgboost,strict,False,1000000,749,1000000,9,0.9,1.0,370,0.9618172987087353,0.31351351351351353,0.6483037851952218,RAW
calibration_recalibration_v1,2026-09-23 20:02:42,303,D3_PaySim,xgboost,strict,False,1000000,749,1000000,0,0.0,0.1,199466,0.0002441719558335676,0.00012533464349814003,0.0001188373123354276,PLATT_SIGMOID
calibration_recalibration_v1,2026-09-23 20:02:42,303,D3_PaySim,xgboost,strict,False,1000000,749,1000000,1,0.1,0.2,237,0.14570554838110686,0.06329113924050633,0.08241440914060053,PLATT_SIGMOID
calibration_recalibration_v1,2026-09-23 20:02:42,303,D3_PaySim,xgboost,strict,False,1000000,749,1000000,2,0.2,0.30000000000000004,180,0.24536498179577645,0.12777777777777777,0.11758720401799869,PLATT_SIGMOID
calibration_recalibration_v1,2026-09-23 20:02:42,303,D3_PaySim,xgboost,strict,False,1000000,749,1000000,3,0.30000000000000004,0.4,117,0.31280908393212825,0.7435897435897436,0.43078065965761536,PLATT_SIGMOID
calibration_recalibration_v1,2026-09-23 20:02:42,303,D3_PaySim,xgboost,strict,False,1000000,749,1000000,4,0.4,0.5,0,,,,PLATT_SIGMOID
calibration_recalibration_v1,2026-09-23 20:02:42,303,D3_PaySim,xgboost,strict,False,1000000,749,1000000,5,0.5,0.6000000000000001,0,,,,PLATT_SIGMOID
calibration_recalibration_v1,2026-09-23 20:02:42,303,D3_PaySim,xgboost,strict,False,1000000,749,1000000,6,0.6000000000000001,0.7000000000000001,0,,,,PLATT_SIGMOID
calibration_recalibration_v1,2026-09-23 20:02:42,303,D3_PaySim,xgboost,strict,False,1000000,749,1000000,7,0.7000000000000001,0.8,0,,,,PLATT_SIGMOID
calibration_recalibration_v1,2026-09-23 20:02:42,303,D3_PaySim,xgboost,strict,False,1000000,749,1000000,8,0.8,0.9,0,,,,PLATT_SIGMOID
calibration_recalibration_v1,2026-09-23 20:02:42,303,D3_PaySim,xgboost,strict,False,1000000,749,1000000,9,0.9,1.0,0,,,,PLATT_SIGMOID
calibration_recalibration_v1,2026-09-23 20:02:42,303,D3_PaySim,xgboost,strict,False,1000000,749,1000000,0,0.0,0.1,199863,0.0001785570907484113,0.00029019878616852544,0.00011164169542011412,ISOTONIC
calibration_recalibration_v1,2026-09-23 20:02:42,303,D3_PaySim,xgboost,strict,False,1000000,749,1000000,1,0.1,0.2,0,,,,ISOTONIC
calibration_recalibration_v1,2026-09-23 20:02:42,303,D3_PaySim,xgboost,strict,False,1000000,749,1000000,2,0.2,0.30000000000000004,4,0.2727272727272727,0.0,0.2727272727272727,ISOTONIC
calibration_recalibration_v1,2026-09-23 20:02:42,303,D3_PaySim,xgboost,strict,False,1000000,749,1000000,3,0.30000000000000004,0.4,21,0.33333333333333326,0.3333333333333333,5.551115123125783e-17,ISOTONIC
calibration_recalibration_v1,2026-09-23 20:02:42,303,D3_PaySim,xgboost,strict,False,1000000,749,1000000,4,0.4,0.5,41,0.46875725900116133,0.5365853658536586,0.06782810685249724,ISOTONIC
calibration_recalibration_v1,2026-09-23 20:02:42,303,D3_PaySim,xgboost,strict,False,1000000,749,1000000,5,0.5,0.6000000000000001,0,,,,ISOTONIC
calibration_recalibration_v1,2026-09-23 20:02:42,303,D3_PaySim,xgboost,strict,False,1000000,749,1000000,6,0.6000000000000001,0.7000000000000001,24,0.6969696969696969,0.75,0.053030303030303094,ISOTONIC
calibration_recalibration_v1,2026-09-23 20:02:42,303,D3_PaySim,xgboost,strict,False,1000000,749,1000000,7,0.7000000000000001,0.8,0,,,,ISOTONIC
calibration_recalibration_v1,2026-09-23 20:02:42,303,D3_PaySim,xgboost,strict,False,1000000,749,1000000,8,0.8,0.9,14,0.8823529411764708,0.8571428571428571,0.02521008403361369,ISOTONIC
calibration_recalibration_v1,2026-09-23 20:02:42,303,D3_PaySim,xgboost,strict,False,1000000,749,1000000,9,0.9,1.0,33,0.999999,1.0,1.0000000000287557e-06,ISOTONIC
calibration_recalibration_v1,2026-09-23 20:03:43,303,D3_PaySim,lightgbm,strict,False,1000000,749,1000000,0,0.0,0.1,199524,0.00014068670789869415,0.00012529820973917924,1.538849815951491e-05,RAW
calibration_recalibration_v1,2026-09-23 20:03:43,303,D3_PaySim,lightgbm,strict,False,1000000,749,1000000,1,0.1,0.2,103,0.13832004519033772,0.02912621359223301,0.10919383159810471,RAW
calibration_recalibration_v1,2026-09-23 20:03:43,303,D3_PaySim,lightgbm,strict,False,1000000,749,1000000,2,0.2,0.30000000000000004,76,0.24300451973484744,0.013157894736842105,0.22984662499800534,RAW
calibration_recalibration_v1,2026-09-23 20:03:43,303,D3_PaySim,lightgbm,strict,False,1000000,749,1000000,3,0.30000000000000004,0.4,27,0.33962997513032817,0.14814814814814814,0.19148182698218003,RAW
calibration_recalibration_v1,2026-09-23 20:03:43,303,D3_PaySim,lightgbm,strict,False,1000000,749,1000000,4,0.4,0.5,31,0.451181067669021,0.1935483870967742,0.2576326805722468,RAW
calibration_recalibration_v1,2026-09-23 20:03:43,303,D3_PaySim,lightgbm,strict,False,1000000,749,1000000,5,0.5,0.6000000000000001,22,0.5602722261796701,0.09090909090909091,0.46936313527057916,RAW
calibration_recalibration_v1,2026-09-23 20:03:43,303,D3_PaySim,lightgbm,strict,False,1000000,749,1000000,6,0.6000000000000001,0.7000000000000001,23,0.6458961029798411,0.13043478260869565,0.5154613203711454,RAW
calibration_recalibration_v1,2026-09-23 20:03:43,303,D3_PaySim,lightgbm,strict,False,1000000,749,1000000,7,0.7000000000000001,0.8,23,0.7417926267899185,0.08695652173913043,0.654836105050788,RAW
calibration_recalibration_v1,2026-09-23 20:03:43,303,D3_PaySim,lightgbm,strict,False,1000000,749,1000000,8,0.8,0.9,19,0.8513261164115601,0.0,0.8513261164115601,RAW
calibration_recalibration_v1,2026-09-23 20:03:43,303,D3_PaySim,lightgbm,strict,False,1000000,749,1000000,9,0.9,1.0,152,0.9877671886208544,0.6842105263157895,0.30355666230506495,RAW
calibration_recalibration_v1,2026-09-23 20:03:43,303,D3_PaySim,lightgbm,strict,False,1000000,749,1000000,0,0.0,0.1,199812,8.019859952064077e-05,0.00022521169899705724,0.00014501309947641646,PLATT_SIGMOID
calibration_recalibration_v1,2026-09-23 20:03:43,303,D3_PaySim,lightgbm,strict,False,1000000,749,1000000,1,0.1,0.2,17,0.1273796016815706,0.058823529411764705,0.06855607226980588,PLATT_SIGMOID
calibration_recalibration_v1,2026-09-23 20:03:43,303,D3_PaySim,lightgbm,strict,False,1000000,749,1000000,2,0.2,0.30000000000000004,13,0.26075630143421297,0.0,0.26075630143421297,PLATT_SIGMOID
calibration_recalibration_v1,2026-09-23 20:03:43,303,D3_PaySim,lightgbm,strict,False,1000000,749,1000000,3,0.30000000000000004,0.4,6,0.34166970536369007,0.0,0.34166970536369007,PLATT_SIGMOID
calibration_recalibration_v1,2026-09-23 20:03:43,303,D3_PaySim,lightgbm,strict,False,1000000,749,1000000,4,0.4,0.5,13,0.4345949683026267,0.23076923076923078,0.20382573753339595,PLATT_SIGMOID
calibration_recalibration_v1,2026-09-23 20:03:43,303,D3_PaySim,lightgbm,strict,False,1000000,749,1000000,5,0.5,0.6000000000000001,19,0.5712259511731196,0.3157894736842105,0.2554364774889091,PLATT_SIGMOID
calibration_recalibration_v1,2026-09-23 20:03:43,303,D3_PaySim,lightgbm,strict,False,1000000,749,1000000,6,0.6000000000000001,0.7000000000000001,120,0.6397042210082847,0.7916666666666666,0.1519624456583819,PLATT_SIGMOID
calibration_recalibration_v1,2026-09-23 20:03:43,303,D3_PaySim,lightgbm,strict,False,1000000,749,1000000,7,0.7000000000000001,0.8,0,,,,PLATT_SIGMOID
calibration_recalibration_v1,2026-09-23 20:03:43,303,D3_PaySim,lightgbm,strict,False,1000000,749,1000000,8,0.8,0.9,0,,,,PLATT_SIGMOID
calibration_recalibration_v1,2026-09-23 20:03:43,303,D3_PaySim,lightgbm,strict,False,1000000,749,1000000,9,0.9,1.0,0,,,,PLATT_SIGMOID
calibration_recalibration_v1,2026-09-23 20:03:43,303,D3_PaySim,lightgbm,strict,False,1000000,749,1000000,0,0.0,0.1,199862,0.00016550366072414857,0.000250172619107184,8.46689583830354e-05,ISOTONIC
calibration_recalibration_v1,2026-09-23 20:03:43,303,D3_PaySim,lightgbm,strict,False,1000000,749,1000000,1,0.1,0.2,1,0.14770841356129039,0.0,0.14770841356129039,ISOTONIC
calibration_recalibration_v1,2026-09-23 20:03:43,303,D3_PaySim,lightgbm,strict,False,1000000,749,1000000,2,0.2,0.30000000000000004,39,0.26538168738796036,0.358974358974359,0.09359267158639861,ISOTONIC
calibration_recalibration_v1,2026-09-23 20:03:43,303,D3_PaySim,lightgbm,strict,False,1000000,749,1000000,3,0.30000000000000004,0.4,0,,,,ISOTONIC
calibration_recalibration_v1,2026-09-23 20:03:43,303,D3_PaySim,lightgbm,strict,False,1000000,749,1000000,4,0.4,0.5,0,,,,ISOTONIC
calibration_recalibration_v1,2026-09-23 20:03:43,303,D3_PaySim,lightgbm,strict,False,1000000,749,1000000,5,0.5,0.6000000000000001,0,,,,ISOTONIC
calibration_recalibration_v1,2026-09-23 20:03:43,303,D3_PaySim,lightgbm,strict,False,1000000,749,1000000,6,0.6000000000000001,0.7000000000000001,0,,,,ISOTONIC
calibration_recalibration_v1,2026-09-23 20:03:43,303,D3_PaySim,lightgbm,strict,False,1000000,749,1000000,7,0.7000000000000001,0.8,15,0.7408738560795333,0.7333333333333333,0.007540522746199985,ISOTONIC
calibration_recalibration_v1,2026-09-23 20:03:43,303,D3_PaySim,lightgbm,strict,False,1000000,749,1000000,8,0.8,0.9,26,0.8153492643252039,0.7307692307692307,0.08458003355597321,ISOTONIC
calibration_recalibration_v1,2026-09-23 20:03:43,303,D3_PaySim,lightgbm,strict,False,1000000,749,1000000,9,0.9,1.0,57,0.9774429248120301,0.9824561403508771,0.005013215538847038,ISOTONIC
calibration_recalibration_v1,2026-09-23 20:03:53,404,D1_creditcard,xgboost,strict,False,283726,473,,0,0.0,0.1,56633,0.00022616007921059695,0.0002118905938233892,1.4269485387207744e-05,RAW
calibration_recalibration_v1,2026-09-23 20:03:53,404,D1_creditcard,xgboost,strict,False,283726,473,,1,0.1,0.2,14,0.13934407915387834,0.14285714285714285,0.003513063703264513,RAW
calibration_recalibration_v1,2026-09-23 20:03:53,404,D1_creditcard,xgboost,strict,False,283726,473,,2,0.2,0.30000000000000004,6,0.2295211379726728,0.0,0.2295211379726728,RAW
calibration_recalibration_v1,2026-09-23 20:03:53,404,D1_creditcard,xgboost,strict,False,283726,473,,3,0.30000000000000004,0.4,1,0.3654107451438904,0.0,0.3654107451438904,RAW
calibration_recalibration_v1,2026-09-23 20:03:53,404,D1_creditcard,xgboost,strict,False,283726,473,,4,0.4,0.5,2,0.47817495465278625,0.0,0.47817495465278625,RAW
calibration_recalibration_v1,2026-09-23 20:03:53,404,D1_creditcard,xgboost,strict,False,283726,473,,5,0.5,0.6000000000000001,2,0.5468998551368713,0.5,0.04689985513687134,RAW
calibration_recalibration_v1,2026-09-23 20:03:53,404,D1_creditcard,xgboost,strict,False,283726,473,,6,0.6000000000000001,0.7000000000000001,2,0.6385112702846527,0.0,0.6385112702846527,RAW
calibration_recalibration_v1,2026-09-23 20:03:53,404,D1_creditcard,xgboost,strict,False,283726,473,,7,0.7000000000000001,0.8,0,,,,RAW
calibration_recalibration_v1,2026-09-23 20:03:53,404,D1_creditcard,xgboost,strict,False,283726,473,,8,0.8,0.9,2,0.8504443466663361,0.0,0.8504443466663361,RAW
calibration_recalibration_v1,2026-09-23 20:03:53,404,D1_creditcard,xgboost,strict,False,283726,473,,9,0.9,1.0,84,0.9957263412929717,0.9523809523809523,0.043345388912019334,RAW
calibration_recalibration_v1,2026-09-23 20:03:53,404,D1_creditcard,xgboost,strict,False,283726,473,,0,0.0,0.1,56658,0.00043873181392640163,0.00026474637297469025,0.00017398544095171138,PLATT_SIGMOID
calibration_recalibration_v1,2026-09-23 20:03:53,404,D1_creditcard,xgboost,strict,False,283726,473,,1,0.1,0.2,2,0.14001787888360923,0.0,0.14001787888360923,PLATT_SIGMOID
calibration_recalibration_v1,2026-09-23 20:03:53,404,D1_creditcard,xgboost,strict,False,283726,473,,2,0.2,0.30000000000000004,0,,,,PLATT_SIGMOID
calibration_recalibration_v1,2026-09-23 20:03:53,404,D1_creditcard,xgboost,strict,False,283726,473,,3,0.30000000000000004,0.4,0,,,,PLATT_SIGMOID
calibration_recalibration_v1,2026-09-23 20:03:53,404,D1_creditcard,xgboost,strict,False,283726,473,,4,0.4,0.5,1,0.45157372251119104,0.0,0.45157372251119104,PLATT_SIGMOID
calibration_recalibration_v1,2026-09-23 20:03:53,404,D1_creditcard,xgboost,strict,False,283726,473,,5,0.5,0.6000000000000001,0,,,,PLATT_SIGMOID
calibration_recalibration_v1,2026-09-23 20:03:53,404,D1_creditcard,xgboost,strict,False,283726,473,,6,0.6000000000000001,0.7000000000000001,3,0.656717047867727,0.6666666666666666,0.00994961879893963,PLATT_SIGMOID
calibration_recalibration_v1,2026-09-23 20:03:53,404,D1_creditcard,xgboost,strict,False,283726,473,,7,0.7000000000000001,0.8,4,0.7715945391847148,0.75,0.021594539184714767,PLATT_SIGMOID
calibration_recalibration_v1,2026-09-23 20:03:53,404,D1_creditcard,xgboost,strict,False,283726,473,,8,0.8,0.9,78,0.8215683860724564,0.9615384615384616,0.13997007546600515,PLATT_SIGMOID
calibration_recalibration_v1,2026-09-23 20:03:53,404,D1_creditcard,xgboost,strict,False,283726,473,,9,0.9,1.0,0,,,,PLATT_SIGMOID
calibration_recalibration_v1,2026-09-23 20:03:53,404,D1_creditcard,xgboost,strict,False,283726,473,,0,0.0,0.1,56660,0.00023550625272475526,0.0002647370278856336,2.9230775160878346e-05,ISOTONIC
calibration_recalibration_v1,2026-09-23 20:03:53,404,D1_creditcard,xgboost,strict,False,283726,473,,1,0.1,0.2,0,,,,ISOTONIC
calibration_recalibration_v1,2026-09-23 20:03:53,404,D1_creditcard,xgboost,strict,False,283726,473,,2,0.2,0.30000000000000004,0,,,,ISOTONIC
calibration_recalibration_v1,2026-09-23 20:03:53,404,D1_creditcard,xgboost,strict,False,283726,473,,3,0.30000000000000004,0.4,0,,,,ISOTONIC
calibration_recalibration_v1,2026-09-23 20:03:53,404,D1_creditcard,xgboost,strict,False,283726,473,,4,0.4,0.5,1,0.4,0.0,0.4,ISOTONIC
calibration_recalibration_v1,2026-09-23 20:03:53,404,D1_creditcard,xgboost,strict,False,283726,473,,5,0.5,0.6000000000000001,9,0.5,0.7777777777777778,0.2777777777777778,ISOTONIC
calibration_recalibration_v1,2026-09-23 20:03:53,404,D1_creditcard,xgboost,strict,False,283726,473,,6,0.6000000000000001,0.7000000000000001,4,0.674410320881226,0.75,0.07558967911877401,ISOTONIC
calibration_recalibration_v1,2026-09-23 20:03:53,404,D1_creditcard,xgboost,strict,False,283726,473,,7,0.7000000000000001,0.8,0,,,,ISOTONIC
calibration_recalibration_v1,2026-09-23 20:03:53,404,D1_creditcard,xgboost,strict,False,283726,473,,8,0.8,0.9,0,,,,ISOTONIC
calibration_recalibration_v1,2026-09-23 20:03:53,404,D1_creditcard,xgboost,strict,False,283726,473,,9,0.9,1.0,72,0.9992388881961413,0.9722222222222222,0.027016665973919052,ISOTONIC
calibration_recalibration_v1,2026-09-23 20:04:23,404,D1_creditcard,lightgbm,strict,False,283726,473,,0,0.0,0.1,56658,5.763346197903827e-06,0.00026474637297469025,0.0002589830267767864,RAW
calibration_recalibration_v1,2026-09-23 20:04:23,404,D1_creditcard,lightgbm,strict,False,283726,473,,1,0.1,0.2,2,0.12879328923754935,0.0,0.12879328923754935,RAW
calibration_recalibration_v1,2026-09-23 20:04:23,404,D1_creditcard,lightgbm,strict,False,283726,473,,2,0.2,0.30000000000000004,1,0.28619851852905476,1.0,0.7138014814709452,RAW
calibration_recalibration_v1,2026-09-23 20:04:23,404,D1_creditcard,lightgbm,strict,False,283726,473,,3,0.30000000000000004,0.4,0,,,,RAW
calibration_recalibration_v1,2026-09-23 20:04:23,404,D1_creditcard,lightgbm,strict,False,283726,473,,4,0.4,0.5,1,0.44551716978956896,0.0,0.44551716978956896,RAW
calibration_recalibration_v1,2026-09-23 20:04:23,404,D1_creditcard,lightgbm,strict,False,283726,473,,5,0.5,0.6000000000000001,0,,,,RAW
calibration_recalibration_v1,2026-09-23 20:04:23,404,D1_creditcard,lightgbm,strict,False,283726,473,,6,0.6000000000000001,0.7000000000000001,0,,,,RAW
calibration_recalibration_v1,2026-09-23 20:04:23,404,D1_creditcard,lightgbm,strict,False,283726,473,,7,0.7000000000000001,0.8,0,,,,RAW
calibration_recalibration_v1,2026-09-23 20:04:23,404,D1_creditcard,lightgbm,strict,False,283726,473,,8,0.8,0.9,1,0.8884252264407395,1.0,0.11157477355926049,RAW
calibration_recalibration_v1,2026-09-23 20:04:23,404,D1_creditcard,lightgbm,strict,False,283726,473,,9,0.9,1.0,83,0.9985251716555931,0.9397590361445783,0.05876613551101473,RAW
calibration_recalibration_v1,2026-09-23 20:04:23,404,D1_creditcard,lightgbm,strict,False,283726,473,,0,0.0,0.1,56662,0.000444026825755397,0.0002823761956867036,0.0001616506300686934,PLATT_SIGMOID
calibration_recalibration_v1,2026-09-23 20:04:23,404,D1_creditcard,lightgbm,strict,False,283726,473,,1,0.1,0.2,0,,,,PLATT_SIGMOID
calibration_recalibration_v1,2026-09-23 20:04:23,404,D1_creditcard,lightgbm,strict,False,283726,473,,2,0.2,0.30000000000000004,0,,,,PLATT_SIGMOID
calibration_recalibration_v1,2026-09-23 20:04:23,404,D1_creditcard,lightgbm,strict,False,283726,473,,3,0.30000000000000004,0.4,0,,,,PLATT_SIGMOID
calibration_recalibration_v1,2026-09-23 20:04:23,404,D1_creditcard,lightgbm,strict,False,283726,473,,4,0.4,0.5,0,,,,PLATT_SIGMOID
calibration_recalibration_v1,2026-09-23 20:04:23,404,D1_creditcard,lightgbm,strict,False,283726,473,,5,0.5,0.6000000000000001,0,,,,PLATT_SIGMOID
calibration_recalibration_v1,2026-09-23 20:04:23,404,D1_creditcard,lightgbm,strict,False,283726,473,,6,0.6000000000000001,0.7000000000000001,1,0.6341463602547079,1.0,0.36585363974529206,PLATT_SIGMOID
calibration_recalibration_v1,2026-09-23 20:04:23,404,D1_creditcard,lightgbm,strict,False,283726,473,,7,0.7000000000000001,0.8,2,0.7576167468092613,0.0,0.7576167468092613,PLATT_SIGMOID
calibration_recalibration_v1,2026-09-23 20:04:23,404,D1_creditcard,lightgbm,strict,False,283726,473,,8,0.8,0.9,81,0.8299548797343563,0.9629629629629629,0.13300808322860658,PLATT_SIGMOID
calibration_recalibration_v1,2026-09-23 20:04:23,404,D1_creditcard,lightgbm,strict,False,283726,473,,9,0.9,1.0,0,,,,PLATT_SIGMOID
calibration_recalibration_v1,2026-09-23 20:04:23,404,D1_creditcard,lightgbm,strict,False,283726,473,,0,0.0,0.1,56652,0.0001962028421436716,0.0002647744122008049,6.857157005713332e-05,ISOTONIC
calibration_recalibration_v1,2026-09-23 20:04:23,404,D1_creditcard,lightgbm,strict,False,283726,473,,1,0.1,0.2,0,,,,ISOTONIC
calibration_recalibration_v1,2026-09-23 20:04:23,404,D1_creditcard,lightgbm,strict,False,283726,473,,2,0.2,0.30000000000000004,12,0.2307692307692308,0.16666666666666666,0.06410256410256415,ISOTONIC
calibration_recalibration_v1,2026-09-23 20:04:23,404,D1_creditcard,lightgbm,strict,False,283726,473,,3,0.30000000000000004,0.4,0,,,,ISOTONIC
calibration_recalibration_v1,2026-09-23 20:04:23,404,D1_creditcard,lightgbm,strict,False,283726,473,,4,0.4,0.5,0,,,,ISOTONIC
calibration_recalibration_v1,2026-09-23 20:04:23,404,D1_creditcard,lightgbm,strict,False,283726,473,,5,0.5,0.6000000000000001,0,,,,ISOTONIC
calibration_recalibration_v1,2026-09-23 20:04:23,404,D1_creditcard,lightgbm,strict,False,283726,473,,6,0.6000000000000001,0.7000000000000001,0,,,,ISOTONIC
calibration_recalibration_v1,2026-09-23 20:04:23,404,D1_creditcard,lightgbm,strict,False,283726,473,,7,0.7000000000000001,0.8,6,0.7692307692307693,0.6666666666666666,0.10256410256410264,ISOTONIC
calibration_recalibration_v1,2026-09-23 20:04:23,404,D1_creditcard,lightgbm,strict,False,283726,473,,8,0.8,0.9,1,0.8359882938105597,1.0,0.16401170618944028,ISOTONIC
calibration_recalibration_v1,2026-09-23 20:04:23,404,D1_creditcard,lightgbm,strict,False,283726,473,,9,0.9,1.0,75,0.9994576859165636,0.9733333333333334,0.026124352583230204,ISOTONIC
calibration_recalibration_v1,2026-09-23 20:04:35,404,D2_fraudTest,xgboost,strict,False,555719,2145,,0,0.0,0.1,107164,0.0053322267317944625,0.00010264641110820797,0.005229580320686255,RAW
calibration_recalibration_v1,2026-09-23 20:04:35,404,D2_fraudTest,xgboost,strict,False,555719,2145,,1,0.1,0.2,1459,0.13963400166560885,0.0013708019191226869,0.13826319974648615,RAW
calibration_recalibration_v1,2026-09-23 20:04:35,404,D2_fraudTest,xgboost,strict,False,555719,2145,,2,0.2,0.30000000000000004,641,0.2459590073308781,0.0078003120124804995,0.23815869531839762,RAW
calibration_recalibration_v1,2026-09-23 20:04:35,404,D2_fraudTest,xgboost,strict,False,555719,2145,,3,0.30000000000000004,0.4,381,0.34859086389303834,0.010498687664041995,0.33809217622899634,RAW
calibration_recalibration_v1,2026-09-23 20:04:35,404,D2_fraudTest,xgboost,strict,False,555719,2145,,4,0.4,0.5,246,0.4494245845854767,0.008130081300813009,0.4412945032846637,RAW
calibration_recalibration_v1,2026-09-23 20:04:35,404,D2_fraudTest,xgboost,strict,False,555719,2145,,5,0.5,0.6000000000000001,202,0.5462614318521897,0.019801980198019802,0.5264594516541699,RAW
calibration_recalibration_v1,2026-09-23 20:04:35,404,D2_fraudTest,xgboost,strict,False,555719,2145,,6,0.6000000000000001,0.7000000000000001,184,0.6450830947445787,0.02717391304347826,0.6179091817011004,RAW
calibration_recalibration_v1,2026-09-23 20:04:35,404,D2_fraudTest,xgboost,strict,False,555719,2145,,7,0.7000000000000001,0.8,177,0.7475053388520149,0.05649717514124294,0.6910081637107719,RAW
calibration_recalibration_v1,2026-09-23 20:04:35,404,D2_fraudTest,xgboost,strict,False,555719,2145,,8,0.8,0.9,175,0.8546318922724042,0.11428571428571428,0.7403461779866899,RAW
calibration_recalibration_v1,2026-09-23 20:04:35,404,D2_fraudTest,xgboost,strict,False,555719,2145,,9,0.9,1.0,515,0.979017278523121,0.7106796116504854,0.2683376668726356,RAW
calibration_recalibration_v1,2026-09-23 20:04:35,404,D2_fraudTest,xgboost,strict,False,555719,2145,,0,0.0,0.1,110305,0.00030507331064901145,0.0003173020262000816,1.2228715551070143e-05,PLATT_SIGMOID
calibration_recalibration_v1,2026-09-23 20:04:35,404,D2_fraudTest,xgboost,strict,False,555719,2145,,1,0.1,0.2,152,0.14026782120786924,0.05263157894736842,0.08763624226050082,PLATT_SIGMOID
calibration_recalibration_v1,2026-09-23 20:04:35,404,D2_fraudTest,xgboost,strict,False,555719,2145,,2,0.2,0.30000000000000004,81,0.2512246110936045,0.09876543209876543,0.15245917899483907,PLATT_SIGMOID
calibration_recalibration_v1,2026-09-23 20:04:35,404,D2_fraudTest,xgboost,strict,False,555719,2145,,3,0.30000000000000004,0.4,94,0.34496093794433824,0.14893617021276595,0.1960247677315723,PLATT_SIGMOID
calibration_recalibration_v1,2026-09-23 20:04:35,404,D2_fraudTest,xgboost,strict,False,555719,2145,,4,0.4,0.5,78,0.45527732539132787,0.16666666666666666,0.2886106587246612,PLATT_SIGMOID
calibration_recalibration_v1,2026-09-23 20:04:35,404,D2_fraudTest,xgboost,strict,False,555719,2145,,5,0.5,0.6000000000000001,115,0.5610711821882597,0.4608695652173913,0.10020161697086838,PLATT_SIGMOID
calibration_recalibration_v1,2026-09-23 20:04:35,404,D2_fraudTest,xgboost,strict,False,555719,2145,,6,0.6000000000000001,0.7000000000000001,319,0.6221481819305196,0.9341692789968652,0.3120210970663456,PLATT_SIGMOID
calibration_recalibration_v1,2026-09-23 20:04:35,404,D2_fraudTest,xgboost,strict,False,555719,2145,,7,0.7000000000000001,0.8,0,,,,PLATT_SIGMOID
calibration_recalibration_v1,2026-09-23 20:04:35,404,D2_fraudTest,xgboost,strict,False,555719,2145,,8,0.8,0.9,0,,,,PLATT_SIGMOID
calibration_recalibration_v1,2026-09-23 20:04:35,404,D2_fraudTest,xgboost,strict,False,555719,2145,,9,0.9,1.0,0,,,,PLATT_SIGMOID
calibration_recalibration_v1,2026-09-23 20:04:35,404,D2_fraudTest,xgboost,strict,False,555719,2145,,0,0.0,0.1,110522,0.0003453742353608216,0.0004614465898192215,0.00011607235445839991,ISOTONIC
calibration_recalibration_v1,2026-09-23 20:04:35,404,D2_fraudTest,xgboost,strict,False,555719,2145,,1,0.1,0.2,181,0.1405611263606235,0.13812154696132597,0.0024395793992975368,ISOTONIC
calibration_recalibration_v1,2026-09-23 20:04:35,404,D2_fraudTest,xgboost,strict,False,555719,2145,,2,0.2,0.30000000000000004,0,,,,ISOTONIC
calibration_recalibration_v1,2026-09-23 20:04:35,404,D2_fraudTest,xgboost,strict,False,555719,2145,,3,0.30000000000000004,0.4,72,0.34166339355852327,0.3472222222222222,0.005558828663698945,ISOTONIC
calibration_recalibration_v1,2026-09-23 20:04:35,404,D2_fraudTest,xgboost,strict,False,555719,2145,,4,0.4,0.5,10,0.4,0.2,0.2,ISOTONIC
calibration_recalibration_v1,2026-09-23 20:04:35,404,D2_fraudTest,xgboost,strict,False,555719,2145,,5,0.5,0.6000000000000001,12,0.513664860269897,0.5833333333333334,0.06966847306343638,ISOTONIC
calibration_recalibration_v1,2026-09-23 20:04:35,404,D2_fraudTest,xgboost,strict,False,555719,2145,,6,0.6000000000000001,0.7000000000000001,61,0.6666666666666664,0.7213114754098361,0.05464480874316968,ISOTONIC
calibration_recalibration_v1,2026-09-23 20:04:35,404,D2_fraudTest,xgboost,strict,False,555719,2145,,7,0.7000000000000001,0.8,0,,,,ISOTONIC
calibration_recalibration_v1,2026-09-23 20:04:35,404,D2_fraudTest,xgboost,strict,False,555719,2145,,8,0.8,0.9,43,0.7999999999999998,0.8372093023255814,0.03720930232558162,ISOTONIC
calibration_recalibration_v1,2026-09-23 20:04:35,404,D2_fraudTest,xgboost,strict,False,555719,2145,,9,0.9,1.0,243,0.9934230031115904,0.9835390946502057,0.00988390846138465,ISOTONIC
calibration_recalibration_v1,2026-09-23 20:05:09,404,D2_fraudTest,lightgbm,strict,False,555719,2145,,0,0.0,0.1,110276,0.00044946378680140283,0.00020856759403678043,0.0002408961927646224,RAW
calibration_recalibration_v1,2026-09-23 20:05:09,404,D2_fraudTest,lightgbm,strict,False,555719,2145,,1,0.1,0.2,159,0.14465275293531746,0.031446540880503145,0.11320621205481432,RAW
calibration_recalibration_v1,2026-09-23 20:05:09,404,D2_fraudTest,lightgbm,strict,False,555719,2145,,2,0.2,0.30000000000000004,85,0.24768766050090463,0.03529411764705882,0.21239354285384582,RAW
calibration_recalibration_v1,2026-09-23 20:05:09,404,D2_fraudTest,lightgbm,strict,False,555719,2145,,3,0.30000000000000004,0.4,58,0.34560021101407523,0.08620689655172414,0.2593933144623511,RAW
calibration_recalibration_v1,2026-09-23 20:05:09,404,D2_fraudTest,lightgbm,strict,False,555719,2145,,4,0.4,0.5,36,0.44478091932234876,0.16666666666666666,0.2781142526556821,RAW
calibration_recalibration_v1,2026-09-23 20:05:09,404,D2_fraudTest,lightgbm,strict,False,555719,2145,,5,0.5,0.6000000000000001,32,0.5527746362916082,0.09375,0.45902463629160817,RAW
calibration_recalibration_v1,2026-09-23 20:05:09,404,D2_fraudTest,lightgbm,strict,False,555719,2145,,6,0.6000000000000001,0.7000000000000001,36,0.6531195517124786,0.16666666666666666,0.48645288504581197,RAW
calibration_recalibration_v1,2026-09-23 20:05:09,404,D2_fraudTest,lightgbm,strict,False,555719,2145,,7,0.7000000000000001,0.8,27,0.7508211005743151,0.25925925925925924,0.4915618413150558,RAW
calibration_recalibration_v1,2026-09-23 20:05:09,404,D2_fraudTest,lightgbm,strict,False,555719,2145,,8,0.8,0.9,32,0.852448783388341,0.25,0.602448783388341,RAW
calibration_recalibration_v1,2026-09-23 20:05:09,404,D2_fraudTest,lightgbm,strict,False,555719,2145,,9,0.9,1.0,403,0.991384629068618,0.9007444168734491,0.09064021219516893,RAW
calibration_recalibration_v1,2026-09-23 20:05:09,404,D2_fraudTest,lightgbm,strict,False,555719,2145,,0,0.0,0.1,110644,0.0003327265060537679,0.0004067098080329706,7.398330197920272e-05,PLATT_SIGMOID
calibration_recalibration_v1,2026-09-23 20:05:09,404,D2_fraudTest,lightgbm,strict,False,555719,2145,,1,0.1,0.2,26,0.14730640894530314,0.19230769230769232,0.04500128336238918,PLATT_SIGMOID
calibration_recalibration_v1,2026-09-23 20:05:09,404,D2_fraudTest,lightgbm,strict,False,555719,2145,,2,0.2,0.30000000000000004,18,0.23840619362428703,0.1111111111111111,0.12729508251317592,PLATT_SIGMOID
calibration_recalibration_v1,2026-09-23 20:05:09,404,D2_fraudTest,lightgbm,strict,False,555719,2145,,3,0.30000000000000004,0.4,11,0.34958822752066737,0.36363636363636365,0.014048136115696275,PLATT_SIGMOID
calibration_recalibration_v1,2026-09-23 20:05:09,404,D2_fraudTest,lightgbm,strict,False,555719,2145,,4,0.4,0.5,13,0.4385711716200057,0.23076923076923078,0.2078019408507749,PLATT_SIGMOID
calibration_recalibration_v1,2026-09-23 20:05:09,404,D2_fraudTest,lightgbm,strict,False,555719,2145,,5,0.5,0.6000000000000001,13,0.5501684193297979,0.15384615384615385,0.396322265483644,PLATT_SIGMOID
calibration_recalibration_v1,2026-09-23 20:05:09,404,D2_fraudTest,lightgbm,strict,False,555719,2145,,6,0.6000000000000001,0.7000000000000001,14,0.660765859003323,0.35714285714285715,0.3036230018604658,PLATT_SIGMOID
calibration_recalibration_v1,2026-09-23 20:05:09,404,D2_fraudTest,lightgbm,strict,False,555719,2145,,7,0.7000000000000001,0.8,30,0.7622978947439925,0.5,0.26229789474399245,PLATT_SIGMOID
calibration_recalibration_v1,2026-09-23 20:05:09,404,D2_fraudTest,lightgbm,strict,False,555719,2145,,8,0.8,0.9,375,0.8655348124337664,0.928,0.06246518756623365,PLATT_SIGMOID
calibration_recalibration_v1,2026-09-23 20:05:09,404,D2_fraudTest,lightgbm,strict,False,555719,2145,,9,0.9,1.0,0,,,,PLATT_SIGMOID
calibration_recalibration_v1,2026-09-23 20:05:09,404,D2_fraudTest,lightgbm,strict,False,555719,2145,,0,0.0,0.1,110647,0.0002635166097169963,0.00040669878080743264,0.00014318217109043636,ISOTONIC
calibration_recalibration_v1,2026-09-23 20:05:09,404,D2_fraudTest,lightgbm,strict,False,555719,2145,,1,0.1,0.2,17,0.15842895011950892,0.23529411764705882,0.0768651675275499,ISOTONIC
calibration_recalibration_v1,2026-09-23 20:05:09,404,D2_fraudTest,lightgbm,strict,False,555719,2145,,2,0.2,0.30000000000000004,94,0.25634999538099656,0.26595744680851063,0.009607451427514069,ISOTONIC
calibration_recalibration_v1,2026-09-23 20:05:09,404,D2_fraudTest,lightgbm,strict,False,555719,2145,,3,0.30000000000000004,0.4,13,0.3554564727982983,0.5384615384615384,0.18300506566324015,ISOTONIC
calibration_recalibration_v1,2026-09-23 20:05:09,404,D2_fraudTest,lightgbm,strict,False,555719,2145,,4,0.4,0.5,0,,,,ISOTONIC
calibration_recalibration_v1,2026-09-23 20:05:09,404,D2_fraudTest,lightgbm,strict,False,555719,2145,,5,0.5,0.6000000000000001,2,0.5833597271798587,0.5,0.08335972717985873,ISOTONIC
calibration_recalibration_v1,2026-09-23 20:05:09,404,D2_fraudTest,lightgbm,strict,False,555719,2145,,6,0.6000000000000001,0.7000000000000001,42,0.6394230769230769,0.5476190476190477,0.0918040293040292,ISOTONIC
calibration_recalibration_v1,2026-09-23 20:05:09,404,D2_fraudTest,lightgbm,strict,False,555719,2145,,7,0.7000000000000001,0.8,0,,,,ISOTONIC
calibration_recalibration_v1,2026-09-23 20:05:09,404,D2_fraudTest,lightgbm,strict,False,555719,2145,,8,0.8,0.9,1,0.8555213865444357,1.0,0.14447861345556434,ISOTONIC
calibration_recalibration_v1,2026-09-23 20:05:09,404,D2_fraudTest,lightgbm,strict,False,555719,2145,,9,0.9,1.0,328,0.9999990000000001,0.9847560975609756,0.015242902439024486,ISOTONIC
calibration_recalibration_v1,2026-09-23 20:05:38,404,D3_PaySim,xgboost,strict,False,1000000,749,1000000,0,0.0,0.1,195151,0.0015645111135950925,2.049694851678956e-05,0.001544014165078303,RAW
calibration_recalibration_v1,2026-09-23 20:05:38,404,D3_PaySim,xgboost,strict,False,1000000,749,1000000,1,0.1,0.2,1689,0.1440249302591566,0.0005920663114268798,0.14343286394772972,RAW
calibration_recalibration_v1,2026-09-23 20:05:38,404,D3_PaySim,xgboost,strict,False,1000000,749,1000000,2,0.2,0.30000000000000004,836,0.2464684509097389,0.004784688995215311,0.2416837619145236,RAW
calibration_recalibration_v1,2026-09-23 20:05:38,404,D3_PaySim,xgboost,strict,False,1000000,749,1000000,3,0.30000000000000004,0.4,508,0.34591525828275155,0.005905511811023622,0.34000974647172794,RAW
calibration_recalibration_v1,2026-09-23 20:05:38,404,D3_PaySim,xgboost,strict,False,1000000,749,1000000,4,0.4,0.5,364,0.44899527859556804,0.0027472527472527475,0.4462480258483153,RAW
calibration_recalibration_v1,2026-09-23 20:05:38,404,D3_PaySim,xgboost,strict,False,1000000,749,1000000,5,0.5,0.6000000000000001,316,0.5488646124737172,0.006329113924050633,0.5425354985496665,RAW
calibration_recalibration_v1,2026-09-23 20:05:38,404,D3_PaySim,xgboost,strict,False,1000000,749,1000000,6,0.6000000000000001,0.7000000000000001,272,0.6517332176513532,0.003676470588235294,0.6480567470631179,RAW
calibration_recalibration_v1,2026-09-23 20:05:38,404,D3_PaySim,xgboost,strict,False,1000000,749,1000000,7,0.7000000000000001,0.8,233,0.7512221295434518,0.004291845493562232,0.7469302840498896,RAW
calibration_recalibration_v1,2026-09-23 20:05:38,404,D3_PaySim,xgboost,strict,False,1000000,749,1000000,8,0.8,0.9,249,0.8461224587566881,0.03614457831325301,0.8099778804434351,RAW
calibration_recalibration_v1,2026-09-23 20:05:38,404,D3_PaySim,xgboost,strict,False,1000000,749,1000000,9,0.9,1.0,382,0.9602908546699903,0.32460732984293195,0.6356835248270584,RAW
calibration_recalibration_v1,2026-09-23 20:05:38,404,D3_PaySim,xgboost,strict,False,1000000,749,1000000,0,0.0,0.1,199462,0.0002378283619290525,9.525623928367309e-05,0.0001425721226453794,PLATT_SIGMOID
calibration_recalibration_v1,2026-09-23 20:05:38,404,D3_PaySim,xgboost,strict,False,1000000,749,1000000,1,0.1,0.2,247,0.14628101377153382,0.044534412955465584,0.10174660081606823,PLATT_SIGMOID
calibration_recalibration_v1,2026-09-23 20:05:38,404,D3_PaySim,xgboost,strict,False,1000000,749,1000000,2,0.2,0.30000000000000004,168,0.2449982932184097,0.13095238095238096,0.11404591226602875,PLATT_SIGMOID
calibration_recalibration_v1,2026-09-23 20:05:38,404,D3_PaySim,xgboost,strict,False,1000000,749,1000000,3,0.30000000000000004,0.4,123,0.31232741386322094,0.7967479674796748,0.48442055361645386,PLATT_SIGMOID
calibration_recalibration_v1,2026-09-23 20:05:38,404,D3_PaySim,xgboost,strict,False,1000000,749,1000000,4,0.4,0.5,0,,,,PLATT_SIGMOID
calibration_recalibration_v1,2026-09-23 20:05:38,404,D3_PaySim,xgboost,strict,False,1000000,749,1000000,5,0.5,0.6000000000000001,0,,,,PLATT_SIGMOID
calibration_recalibration_v1,2026-09-23 20:05:38,404,D3_PaySim,xgboost,strict,False,1000000,749,1000000,6,0.6000000000000001,0.7000000000000001,0,,,,PLATT_SIGMOID
calibration_recalibration_v1,2026-09-23 20:05:38,404,D3_PaySim,xgboost,strict,False,1000000,749,1000000,7,0.7000000000000001,0.8,0,,,,PLATT_SIGMOID
calibration_recalibration_v1,2026-09-23 20:05:38,404,D3_PaySim,xgboost,strict,False,1000000,749,1000000,8,0.8,0.9,0,,,,PLATT_SIGMOID
calibration_recalibration_v1,2026-09-23 20:05:38,404,D3_PaySim,xgboost,strict,False,1000000,749,1000000,9,0.9,1.0,0,,,,PLATT_SIGMOID
calibration_recalibration_v1,2026-09-23 20:05:38,404,D3_PaySim,xgboost,strict,False,1000000,749,1000000,0,0.0,0.1,199788,0.00016462508155442587,0.00017518569683864897,1.0560615284223101e-05,ISOTONIC
calibration_recalibration_v1,2026-09-23 20:05:38,404,D3_PaySim,xgboost,strict,False,1000000,749,1000000,1,0.1,0.2,62,0.17465195246179963,0.0967741935483871,0.07787775891341253,ISOTONIC
calibration_recalibration_v1,2026-09-23 20:05:38,404,D3_PaySim,xgboost,strict,False,1000000,749,1000000,2,0.2,0.30000000000000004,10,0.2580353568018726,0.3,0.04196464319812737,ISOTONIC
calibration_recalibration_v1,2026-09-23 20:05:38,404,D3_PaySim,xgboost,strict,False,1000000,749,1000000,3,0.30000000000000004,0.4,11,0.33333333333333337,0.2727272727272727,0.06060606060606066,ISOTONIC
calibration_recalibration_v1,2026-09-23 20:05:38,404,D3_PaySim,xgboost,strict,False,1000000,749,1000000,4,0.4,0.5,10,0.42923022348350476,0.5,0.07076977651649524,ISOTONIC
calibration_recalibration_v1,2026-09-23 20:05:38,404,D3_PaySim,xgboost,strict,False,1000000,749,1000000,5,0.5,0.6000000000000001,37,0.5276034225082796,0.6216216216216216,0.09401819911334197,ISOTONIC
calibration_recalibration_v1,2026-09-23 20:05:38,404,D3_PaySim,xgboost,strict,False,1000000,749,1000000,6,0.6000000000000001,0.7000000000000001,0,,,,ISOTONIC
calibration_recalibration_v1,2026-09-23 20:05:38,404,D3_PaySim,xgboost,strict,False,1000000,749,1000000,7,0.7000000000000001,0.8,0,,,,ISOTONIC
calibration_recalibration_v1,2026-09-23 20:05:38,404,D3_PaySim,xgboost,strict,False,1000000,749,1000000,8,0.8,0.9,30,0.8866901711325154,0.8,0.08669017113251531,ISOTONIC
calibration_recalibration_v1,2026-09-23 20:05:38,404,D3_PaySim,xgboost,strict,False,1000000,749,1000000,9,0.9,1.0,52,0.9885645000000002,0.9807692307692307,0.007795269230769453,ISOTONIC
calibration_recalibration_v1,2026-09-23 20:06:37,404,D3_PaySim,lightgbm,strict,False,1000000,749,1000000,0,0.0,0.1,199544,0.00013322849218054517,0.0001052399470793409,2.7988545101204277e-05,RAW
calibration_recalibration_v1,2026-09-23 20:06:37,404,D3_PaySim,lightgbm,strict,False,1000000,749,1000000,1,0.1,0.2,115,0.14143749755598736,0.06086956521739131,0.08056793233859605,RAW
calibration_recalibration_v1,2026-09-23 20:06:37,404,D3_PaySim,lightgbm,strict,False,1000000,749,1000000,2,0.2,0.30000000000000004,46,0.245544990428106,0.043478260869565216,0.2020667295585408,RAW
calibration_recalibration_v1,2026-09-23 20:06:37,404,D3_PaySim,lightgbm,strict,False,1000000,749,1000000,3,0.30000000000000004,0.4,27,0.34326932203161187,0.1111111111111111,0.23215821092050076,RAW
calibration_recalibration_v1,2026-09-23 20:06:37,404,D3_PaySim,lightgbm,strict,False,1000000,749,1000000,4,0.4,0.5,27,0.4495697018190108,0.07407407407407407,0.3754956277449367,RAW
calibration_recalibration_v1,2026-09-23 20:06:37,404,D3_PaySim,lightgbm,strict,False,1000000,749,1000000,5,0.5,0.6000000000000001,20,0.5605189699245365,0.05,0.5105189699245365,RAW
calibration_recalibration_v1,2026-09-23 20:06:37,404,D3_PaySim,lightgbm,strict,False,1000000,749,1000000,6,0.6000000000000001,0.7000000000000001,13,0.6480010725790222,0.15384615384615385,0.4941549187328683,RAW
calibration_recalibration_v1,2026-09-23 20:06:37,404,D3_PaySim,lightgbm,strict,False,1000000,749,1000000,7,0.7000000000000001,0.8,26,0.7505913180164482,0.19230769230769232,0.5582836257087559,RAW
calibration_recalibration_v1,2026-09-23 20:06:37,404,D3_PaySim,lightgbm,strict,False,1000000,749,1000000,8,0.8,0.9,22,0.8436392696262771,0.13636363636363635,0.7072756332626408,RAW
calibration_recalibration_v1,2026-09-23 20:06:37,404,D3_PaySim,lightgbm,strict,False,1000000,749,1000000,9,0.9,1.0,160,0.9885968780257116,0.65,0.3385968780257116,RAW
calibration_recalibration_v1,2026-09-23 20:06:37,404,D3_PaySim,lightgbm,strict,False,1000000,749,1000000,0,0.0,0.1,199794,0.00015520914147282086,0.00019520105708880148,3.999191561598062e-05,PLATT_SIGMOID
calibration_recalibration_v1,2026-09-23 20:06:37,404,D3_PaySim,lightgbm,strict,False,1000000,749,1000000,1,0.1,0.2,21,0.14726965905825157,0.19047619047619047,0.0432065314179389,PLATT_SIGMOID
calibration_recalibration_v1,2026-09-23 20:06:37,404,D3_PaySim,lightgbm,strict,False,1000000,749,1000000,2,0.2,0.30000000000000004,14,0.2354642878467502,0.07142857142857142,0.16403571641817877,PLATT_SIGMOID
calibration_recalibration_v1,2026-09-23 20:06:37,404,D3_PaySim,lightgbm,strict,False,1000000,749,1000000,3,0.30000000000000004,0.4,10,0.34376464273587953,0.2,0.14376464273587952,PLATT_SIGMOID
calibration_recalibration_v1,2026-09-23 20:06:37,404,D3_PaySim,lightgbm,strict,False,1000000,749,1000000,4,0.4,0.5,12,0.44681066524398494,0.08333333333333333,0.3634773319106516,PLATT_SIGMOID
calibration_recalibration_v1,2026-09-23 20:06:37,404,D3_PaySim,lightgbm,strict,False,1000000,749,1000000,5,0.5,0.6000000000000001,16,0.5526723713722134,0.125,0.42767237137221337,PLATT_SIGMOID
calibration_recalibration_v1,2026-09-23 20:06:37,404,D3_PaySim,lightgbm,strict,False,1000000,749,1000000,6,0.6000000000000001,0.7000000000000001,133,0.6395312453270539,0.7593984962406015,0.11986725091354766,PLATT_SIGMOID
calibration_recalibration_v1,2026-09-23 20:06:37,404,D3_PaySim,lightgbm,strict,False,1000000,749,1000000,7,0.7000000000000001,0.8,0,,,,PLATT_SIGMOID
calibration_recalibration_v1,2026-09-23 20:06:37,404,D3_PaySim,lightgbm,strict,False,1000000,749,1000000,8,0.8,0.9,0,,,,PLATT_SIGMOID
calibration_recalibration_v1,2026-09-23 20:06:37,404,D3_PaySim,lightgbm,strict,False,1000000,749,1000000,9,0.9,1.0,0,,,,PLATT_SIGMOID
calibration_recalibration_v1,2026-09-23 20:06:37,404,D3_PaySim,lightgbm,strict,False,1000000,749,1000000,0,0.0,0.1,199793,0.00020135279829732074,0.00019019685374362466,1.115594455369608e-05,ISOTONIC
calibration_recalibration_v1,2026-09-23 20:06:37,404,D3_PaySim,lightgbm,strict,False,1000000,749,1000000,1,0.1,0.2,77,0.18300767437647575,0.16883116883116883,0.014176505545306917,ISOTONIC
calibration_recalibration_v1,2026-09-23 20:06:37,404,D3_PaySim,lightgbm,strict,False,1000000,749,1000000,2,0.2,0.30000000000000004,8,0.24790035884377648,0.375,0.12709964115622352,ISOTONIC
calibration_recalibration_v1,2026-09-23 20:06:37,404,D3_PaySim,lightgbm,strict,False,1000000,749,1000000,3,0.30000000000000004,0.4,21,0.34623555425857805,0.2857142857142857,0.06052126854429235,ISOTONIC
calibration_recalibration_v1,2026-09-23 20:06:37,404,D3_PaySim,lightgbm,strict,False,1000000,749,1000000,4,0.4,0.5,3,0.43503581871301605,0.3333333333333333,0.10170248537968274,ISOTONIC
calibration_recalibration_v1,2026-09-23 20:06:37,404,D3_PaySim,lightgbm,strict,False,1000000,749,1000000,5,0.5,0.6000000000000001,10,0.5,0.7,0.19999999999999996,ISOTONIC
calibration_recalibration_v1,2026-09-23 20:06:37,404,D3_PaySim,lightgbm,strict,False,1000000,749,1000000,6,0.6000000000000001,0.7000000000000001,0,,,,ISOTONIC
calibration_recalibration_v1,2026-09-23 20:06:37,404,D3_PaySim,lightgbm,strict,False,1000000,749,1000000,7,0.7000000000000001,0.8,0,,,,ISOTONIC
calibration_recalibration_v1,2026-09-23 20:06:37,404,D3_PaySim,lightgbm,strict,False,1000000,749,1000000,8,0.8,0.9,33,0.8278957558550469,0.8484848484848485,0.020589092629801575,ISOTONIC
calibration_recalibration_v1,2026-09-23 20:06:37,404,D3_PaySim,lightgbm,strict,False,1000000,749,1000000,9,0.9,1.0,55,0.9817486827326768,0.9818181818181818,6.949908550502037e-05,ISOTONIC
